Unnamed: 0,Company,model,Inches,ScreenResolution,Cpu,Ram,Memory,Gpu,serialNumber,productNumber
0,Apple,Macbook Ultra,13.3,IPS Panel Retina Display 2560x1600,Intel Core i5 2.3GHz,8GB,128GB SSD,Intel Iris Plus Graphics 640,OE05TUJL,NH2XL69X1Y
1,Apple,Ultrabook,13.3,1440x900,Intel Core i5 1.8GHz,8GB,128GB Flash Storage,Intel HD Graphics 6000,JSGGB2H1,AG1KRXX10G
2,HP,Pavilion,15.6,Full HD 1920x1080,Intel Core i5 7200U 2.5GHz,8GB,256GB SSD,Intel HD Graphics 620,IL92H3E0,C0OYC8WSQZ
3,Apple,Ultrabook,15.4,IPS Panel Retina Display 2880x1800,Intel Core i7 2.7GHz,16GB,512GB SSD,AMD Radeon Pro 455,KOSNI70A,KQ51BKCLRQ
4,Apple,Ultrabook,13.3,IPS Panel Retina Display 2560x1600,Intel Core i5 3.1GHz,8GB,256GB SSD,Intel Iris Plus Graphics 650,LQ3BWLKZ,HFTGWG4L2R
5,Acer,Notebook,15.6,1366x768,AMD A9-Series 9420 3GHz,4GB,500GB HDD,AMD Radeon R5,L8XQ9JBM,0225GOTDMP
6,Apple,Ultrabook,15.4,IPS Panel Retina Display 2880x1800,Intel Core i7 2.2GHz,16GB,256GB Flash Storage,Intel Iris Pro Graphics,OD6UD2F2,2X7Y2ZQPNF
7,Apple,Ultrabook,13.3,1440x900,Intel Core i5 1.8GHz,8GB,256GB Flash Storage,Intel HD Graphics 6000,ROU2JR75,PPDCPUCZCV
8,Asus,Ultrabook,14.0,Full HD 1920x1080,Intel Core i7 8550U 1.8GHz,16GB,512GB SSD,Nvidia GeForce MX150,F6OKZFHH,7QIUSRAY7I
9,Acer,Nitro 5,14.0,IPS Panel Full HD 1920x1080,Intel Core i5 8250U 1.6GHz,8GB,256GB SSD,Intel UHD Graphics 620,7EEHZH3Z,H5NFWVNBK5
10,HP,Notebook,15.6,1366x768,Intel Core i5 7200U 2.5GHz,4GB,500GB HDD,Intel HD Graphics 620,41JD3RTV,UU37HUM3UY
11,HP,Notebook,15.6,Full HD 1920x1080,Intel Core i3 6006U 2GHz,4GB,500GB HDD,Intel HD Graphics 520,L5QFHA5C,EMV29TAW0Y
12,Apple,Ultrabook,15.4,IPS Panel Retina Display 2880x1800,Intel Core i7 2.8GHz,16GB,256GB SSD,AMD Radeon Pro 555,MWIDEO79,5VCVP5SXFT
13,Dell,XPS 13,15.6,Full HD 1920x1080,Intel Core i3 6006U 2GHz,4GB,256GB SSD,AMD Radeon R5 M430,W7QVZPWG,OBA821L0FC
14,Apple,Ultrabook,12.0,IPS Panel Retina Display 2304x1440,Intel Core M m3 1.2GHz,8GB,256GB SSD,Intel HD Graphics 615,BOG9BQDF,SWMAHSRO1I
15,Apple,Ultrabook,13.3,IPS Panel Retina Display 2560x1600,Intel Core i5 2.3GHz,8GB,256GB SSD,Intel Iris Plus Graphics 640,N5OD1HL9,5MEOLIUQXW
16,Dell,Notebook,15.6,Full HD 1920x1080,Intel Core i7 7500U 2.7GHz,8GB,256GB SSD,AMD Radeon R5 M430,33EU1S2D,SUCWB722G2
17,Apple,Ultrabook,15.4,IPS Panel Retina Display 2880x1800,Intel Core i7 2.9GHz,16GB,512GB SSD,AMD Radeon Pro 560,TSC0A5KI,6BX90MJ00O
18,Lenovo,Notebook,15.6,Full HD 1920x1080,Intel Core i3 7100U 2.4GHz,8GB,1TB HDD,Nvidia GeForce 940MX,FOE3ENY3,1AD3SQE3NE
19,Dell,Ultrabook,13.3,IPS Panel Full HD / Touchscreen 1920x1080,Intel Core i5 8250U 1.6GHz,8GB,128GB SSD,Intel UHD Graphics 620,A6F4YMC4,MKOP32RPK3
20,Asus,Netbook,11.6,1366x768,Intel Atom x5-Z8350 1.44GHz,2GB,32GB Flash Storage,Intel HD Graphics 400,4M4LWWAS,T67PIB2BCN
21,Lenovo,Gaming,15.6,IPS Panel Full HD 1920x1080,Intel Core i5 7300HQ 2.5GHz,8GB,128GB SSD +  1TB HDD,Nvidia GeForce GTX 1050,G06M71I9,ZYVSB9KF9R
22,HP,Notebook,15.6,1366x768,AMD E-Series E2-9000e 1.5GHz,4GB,500GB HDD,AMD Radeon R2,FMJM8M4P,FPT4LGUG1M
23,Dell,2 in 1 Convertible,13.3,Full HD / Touchscreen 1920x1080,Intel Core i5 8250U 1.6GHz,8GB,256GB SSD,Intel UHD Graphics 620,3GGLCD98,1ARLO6DALI
24,HP,Ultrabook,15.6,Full HD 1920x1080,Intel Core i7 8550U 1.8GHz,8GB,256GB SSD,Intel HD Graphics 620,C26X46I0,85N6P5NO92
25,Dell,Notebook,15.6,1366x768,Intel Core i3 6006U 2GHz,4GB,1TB HDD,Intel HD Graphics 520,VP35A219,ZLEWOHSKIV
26,Apple,Ultrabook,13.3,1440x900,Intel Core i5 1.6GHz,8GB,128GB Flash Storage,Intel HD Graphics 6000,11E7AR9W,7FD5POTH43
27,Dell,Notebook,15.6,Full HD 1920x1080,Intel Core i5 8250U 1.6GHz,8GB,256GB SSD,AMD Radeon 530,QKYMW26M,Q2HMY5QVTP
28,Dell,Ultrabook,15.6,Full HD 1920x1080,Intel Core i7 8650U 1.9GHz,8GB,256GB SSD +  256GB SSD,Intel UHD Graphics 620,ELW8JG58,M477YTXDTL
29,HP,Notebook,17.3,Full HD 1920x1080,Intel Core i5 8250U 1.6GHz,8GB,1TB HDD,Nvidia GeForce 930MX,F0M6U9OE,I7TITI70Y9
30,Chuwi,Notebook,15.6,Full HD 1920x1080,Intel Atom x5-Z8300 1.44GHz,4GB,64GB Flash Storage,Intel HD Graphics,XK5XS5XR,YEXD3HZSCB
31,Asus,Notebook,14.0,1366x768,AMD E-Series E2-6110 1.5GHz,2GB,32GB Flash Storage,AMD Radeon R2,NI9W8GEW,D4MSINPRNQ
32,HP,Notebook,17.3,Full HD 1920x1080,AMD A6-Series 9220 2.5GHz,4GB,500GB HDD,AMD Radeon 530,82S5PIBA,GXXVU6UBKO
33,Dell,Ultrabook,13.3,Touchscreen / Quad HD+ 3200x1800,Intel Core i7 8550U 1.8GHz,16GB,512GB SSD,Intel UHD Graphics 620,NFDWN6CY,JNCJ1975K5
34,Apple,Ultrabook,13.3,1440x900,Intel Core i5 1.6GHz,8GB,256GB Flash Storage,Intel HD Graphics 6000,SSVB5BB8,N63PLUCD8F
35,Lenovo,ThinkPad X1,14.0,1366x768,Intel Celeron Dual Core N3350 1.1GHz,4GB,64GB Flash Storage,Intel HD Graphics 500,J75NQLSA,WRX7E1V02K
36,Acer,Notebook,15.6,1366x768,Intel Core i3 7130U 2.7GHz,4GB,1TB HDD,Intel HD Graphics 620,9PAC8Y66,IEPFHKM2TQ
37,Dell,Notebook,17.3,IPS Panel Full HD 1920x1080,Intel Core i5 8250U 1.6GHz,8GB,128GB SSD +  1TB HDD,AMD Radeon 530,83134ZFU,NOFELIYKZG
38,HP,Notebook,15.6,1366x768,Intel Core i5 7200U 2.5GHz,4GB,1TB HDD,Intel HD Graphics 620,DDOBJ6X8,X3EJOT9GBH
39,HP,Notebook,15.6,Full HD 1920x1080,Intel Core i5 8250U 1.6GHz,8GB,256GB SSD,Nvidia GeForce 930MX ,P32LE27L,D39AXWP5VF
40,Asus,Notebook,15.6,Full HD 1920x1080,Intel Core i3 6006U 2GHz,4GB,1TB HDD,Intel HD Graphics 620,W42HJO1K,K3KTOWX51O
41,Dell,Gaming,15.6,IPS Panel Full HD 1920x1080,Intel Core i7 7700HQ 2.8GHz,16GB,256GB SSD +  1TB HDD,Nvidia GeForce GTX 1060,KOSY8DMY,D2FY5U6GMP
42,Asus,Notebook,15.6,1366x768,Intel Core i5 7200U 2.5GHz,8GB,1TB HDD,Nvidia GeForce 940MX,L1EC5XI7,3PQNJ0E6EE
43,Acer,Notebook,15.6,IPS Panel Full HD 1920x1080,Intel Core i5 8250U 1.6GHz,4GB,256GB SSD,Intel UHD Graphics 620,5R2F9NE2,6QVWMDCOLR
44,Dell,2 in 1 Convertible,17.3,Full HD / Touchscreen 1920x1080,Intel Core i5 8250U 1.6GHz,12GB,1TB HDD,Nvidia GeForce 150MX,IPO6Q4P6,VLTISIUB3L
45,Apple,Ultrabook,13.3,IPS Panel Retina Display 2560x1600,Intel Core i5 2.0GHz,8GB,256GB SSD,Intel Iris Graphics 540,FYIPD7JV,ZGVIJPT8LX
46,Lenovo,Notebook,15.6,1366x768,Intel Core i3 6006U 2GHz,4GB,128GB SSD,Intel HD Graphics 520,B6KH3DEM,5OOAFTDQFG
47,Asus,Gaming,17.3,Full HD 1920x1080,AMD Ryzen 1700 3GHz,8GB,256GB SSD +  1TB HDD,AMD Radeon RX 580,HPG3L9S4,3TFM0GR5B3
48,Dell,Notebook,15.6,Full HD 1920x1080,Intel Core i5 7200U 2.5GHz,4GB,256GB SSD,AMD Radeon R5 M430,EF7DSUYL,8NIGEUC7B9
49,Asus,Notebook,17.3,1366x768,Intel Pentium Quad Core N4200 1.1GHz,4GB,1TB HDD,Nvidia GeForce 920MX,625B7VOD,R44YI7HZ0S
50,Lenovo,Thinkpad X1 Carbon,10.1,IPS Panel Touchscreen 1920x1200,Intel Atom x5-Z8550 1.44GHz,4GB,64GB Flash Storage,Intel HD Graphics 400,OUT5R2ZY,2SOFG4FVRH
51,Acer,Nitro 3,15.6,IPS Panel Full HD 1920x1080,Intel Core i7 8550U 1.8GHz,8GB,256GB SSD,Nvidia GeForce MX150,R5JA6585,TDOKYDTUNC
52,HP,Notebook,15.6,Full HD 1920x1080,AMD A6-Series 9220 2.5GHz,4GB,256GB SSD,AMD Radeon R4 Graphics,EM3DMAW2,E78YHI739Q
53,HP,Notebook,13.3,Full HD 1920x1080,Intel Core i7 8550U 1.8GHz,8GB,512GB SSD,Intel UHD Graphics 620,PNNP1BLZ,XMUDBXUVR0
54,Acer,Notebook,15.6,1366x768,Intel Core i3 7100U 2.4GHz,4GB,1TB HDD,Intel HD Graphics 620,OIJIAY5I,RQZ9QL87ZF
55,Dell,Notebook,15.6,Full HD 1920x1080,Intel Core i7 8550U 1.8GHz,8GB,256GB SSD,AMD Radeon 520,PPKF576Z,QKE2YDCA00
56,HP,Notebook,15.6,Full HD 1920x1080,Intel Core i3 6006U 2GHz,4GB,128GB SSD,Intel HD Graphics 520,REB1M763,LOMVHK1OGM
57,Asus,Notebook,15.6,1366x768,Intel Core i5 7200U 2.5GHz,4GB,256GB SSD,Intel HD Graphics 620,YB7V8F97,4I6TBYVDG2
58,MSI,Gaming,17.3,Full HD 1920x1080,Intel Core i7 7700HQ 2.8GHz,16GB,256GB SSD +  2TB HDD,Nvidia GeForce GTX 1070,DVZ8MQLK,YLRZFEF1SW
59,Asus,Notebook,15.6,Full HD 1920x1080,Intel Core i3 6006U 2GHz,4GB,256GB SSD,Intel HD Graphics 520,GYO4C8PW,ODJVIN74WW
60,Dell,Notebook,17.3,Full HD 1920x1080,Intel Core i7 8550U 1.8GHz,16GB,256GB SSD +  2TB HDD,AMD Radeon 530,LBP3IMUU,TNMA32VV75
61,Dell,Ultrabook,14.0,Full HD 1920x1080,Intel Core i5 8250U 1.6GHz,8GB,256GB SSD,Intel UHD Graphics 620,GPMKD4JK,JJNY300PSU
62,Lenovo,Notebook,14.0,IPS Panel Full HD 1920x1080,Intel Core i3 7130U 2.7GHz,8GB,256GB SSD,Intel HD Graphics 620,VOKP3L47,FULYWKEGC3
63,Asus,Notebook,14.0,Full HD 1920x1080,Intel Core i5 8250U 1.6GHz,8GB,256GB SSD,Intel UHD Graphics 620,NI7NFFH0,2QHD36A4GR
64,HP,Notebook,15.6,Full HD 1920x1080,Intel Core i5 7200U 2.5GHz,8GB,256GB SSD,Intel HD Graphics 620,HRPUEEHI,CFQ1BGMDMQ
65,Asus,Ultrabook,15.6,Full HD 1920x1080,Intel Core i7 7700HQ 2.8GHz,16GB,512GB SSD,Nvidia GeForce GTX 1050 Ti,VMGHLS94,D7UDKBJOYJ
66,HP,Notebook,15.6,1366x768,Intel Core i3 6006U 2GHz,4GB,500GB HDD,AMD Radeon 520,94MZ2G6Y,DHKAGCMXGM
67,HP,Notebook,14.0,1366x768,Intel Celeron Dual Core N3060 1.6GHz,4GB,32GB SSD,Intel HD Graphics 400,3W3BXBS8,D4XMCLS12D
68,Lenovo,Notebook,15.6,Full HD 1920x1080,Intel Core i5 7200U 2.5GHz,4GB,1TB HDD,Intel HD Graphics 620,JAU69UUI,G09K8KQRZ6
69,Asus,Gaming,17.3,Full HD 1920x1080,Intel Core i7 7700HQ 2.8GHz,12GB,1TB HDD,Nvidia GeForce GTX 1050 Ti,SNAU0HI0,GJTU8KYJP9
70,Microsoft,Ultrabook,13.5,Touchscreen 2256x1504,Intel Core i5 7200U 2.5GHz,4GB,128GB SSD,Intel HD Graphics 620,3JPU8PLI,IPMKC9YP5O
71,Dell,Ultrabook,13.3,IPS Panel Full HD 1920x1080,Intel Core i7 8550U 1.8GHz,8GB,256GB SSD,AMD Radeon 530,7K1K6MD3,YXAOFXFDMF
72,Dell,Notebook,15.6,Full HD 1920x1080,Intel Core i7 8550U 1.8GHz,8GB,256GB SSD,AMD Radeon 530,A3HZG557,1NXNVCAAG9
73,MSI,Gaming,17.3,Full HD 1920x1080,Intel Core i5 7300HQ 2.5GHz,8GB,128GB SSD +  1TB HDD,Nvidia GeForce GTX 1050,W9JP2IQU,YHP2P6C72O
74,Acer,Notebook,14.0,1366x768,Intel Core i3 6006U 2GHz,8GB,1TB HDD,Intel HD Graphics 520,HG8S7HZA,FG3N3XW81C
75,Asus,Gaming,15.6,Full HD 1920x1080,Intel Core i7 7700HQ 2.8GHz,8GB,1TB HDD,Nvidia GeForce GTX 1050,8HJIMNRE,RCUCQDIGL9
76,Lenovo,Notebook,15.6,Full HD 1920x1080,Intel Core i5 7200U 2.5GHz,8GB,2TB HDD,Intel HD Graphics 620,9ROW79C6,OOJI10RAVB
77,Dell,Notebook,15.6,Full HD 1920x1080,Intel Core i7 8550U 1.8GHz,8GB,128GB SSD +  1TB HDD,Intel UHD Graphics 620,X36IRU4Y,PWZ4C4GQ6T
78,Acer,Notebook,15.6,Full HD 1920x1080,Intel Core i3 7130U 2.7GHz,4GB,1TB HDD,Nvidia GeForce MX130,HIZ7K16M,136N79R8PK
79,HP,Notebook,17.3,Full HD 1920x1080,Intel Core i5 8250U 1.6GHz,8GB,128GB SSD +  1TB HDD,Nvidia GeForce 930MX,WGOI4C9Y,6RU5N96X63
80,Dell,Ultrabook,15.6,IPS Panel Full HD 1920x1080,Intel Core i5 8250U 1.6GHz,8GB,256GB SSD,Intel UHD Graphics 620,1IIOJ0SU,2AKFO40OVO
81,Apple,Macbook Air,12.0,IPS Panel Retina Display 2304x1440,Intel Core i5 1.3GHz,8GB,512GB SSD,Intel HD Graphics 615,MFHLXCAD,KR4FF69FF7
82,HP,ProBook,14.0,Full HD 1920x1080,Intel Core i5 8250U 1.6GHz,8GB,256GB SSD,Intel HD Graphics 620,O23E98PC,VN52SZGACX
83,Lenovo,Notebook,15.6,Full HD 1920x1080,AMD A6-Series 9220 2.5GHz,4GB,128GB SSD,AMD R4 Graphics,7TNMLN6H,JX8K8Z5VGY
84,Acer,Notebook,15.6,1366x768,AMD A9-Series 9420 3GHz,4GB,1TB HDD,AMD Radeon R5,S8020336,1S7Q1XMCLR
85,Dell,Gaming,15.6,IPS Panel Full HD 1920x1080,Intel Core i7 7700HQ 2.8GHz,16GB,128GB SSD +  1TB HDD,Nvidia GeForce GTX 1050 Ti,WQTHTDNH,OBDM7I1HLD
86,HP,Ultrabook,15.6,IPS Panel Full HD 1920x1080,Intel Core i7 8550U 1.8GHz,8GB,256GB SSD,Nvidia GeForce GTX 940MX,LAG6SZQV,BV4WO29ZDP
87,HP,Notebook,15.6,Full HD 1920x1080,Intel Core i5 7200U 2.5GHz,8GB,256GB SSD,Intel HD Graphics 620,VU7M6Z37,J2ESAHS4DN
88,Asus,Gaming,15.6,IPS Panel Full HD 1920x1080,Intel Core i7 7700HQ 2.8GHz,16GB,128GB SSD +  1TB HDD,Nvidia GeForce GTX 1060,TLBJPU4P,6BOBSXLETR
89,Dell,Ultrabook,13.3,IPS Panel Full HD 1920x1080,Intel Core i7 8550U 1.8GHz,8GB,256GB SSD,Intel UHD Graphics 620,WVTZ15FN,OCROHP0U6G
90,Asus,Gaming,15.6,Full HD 1920x1080,AMD FX 9830P 3GHz,8GB,1TB HDD,AMD Radeon RX 560,5XFMDVDS,8S2YDGN5TA
91,Acer,Notebook,15.6,Full HD 1920x1080,Intel Core i7 8550U 1.8GHz,8GB,1TB HDD,Nvidia GeForce MX150,Z08VM7T3,3FZG6CO2DY
92,HP,Notebook,13.3,Full HD 1920x1080,Intel Core i7 8550U 1.8GHz,16GB,512GB SSD,Intel UHD Graphics 620,8M260WIM,SN4MVOC6IV
93,Dell,Gaming,15.6,Full HD 1920x1080,Intel Core i5 7300HQ 2.5GHz,8GB,256GB SSD,Nvidia GeForce GTX 1060,LCXDY0QG,NWQPND2VGF
94,Asus,Tuff,14.0,Full HD 1920x1080,Intel Core i7 7500U 2.7GHz,8GB,256GB SSD,Intel HD Graphics 620,DUSZUVLL,R3W8CT75I1
95,Acer,2 in 1 Convertible,13.3,IPS Panel Full HD / Touchscreen 1920x1080,Intel Core i5 8250U 1.6GHz,8GB,256GB SSD,Intel UHD Graphics 620,2Y59JJK5,OKHIEJN5RL
96,Dell,Notebook,15.6,Full HD 1920x1080,Intel Core i7 7500U 2.7GHz,8GB,1TB HDD,AMD Radeon R5 M430,NA3K3V5J,BTPYN9G2CC
97,Dell,Notebook,15.6,Full HD 1920x1080,Intel Core i3 6006U 2GHz,4GB,256GB SSD,AMD Radeon R5 M430,2YMQFW9K,5ZMESFL39Q
98,Asus,Notebook,15.6,Full HD 1920x1080,Intel Core i3 7100U 2.4GHz,6GB,256GB SSD,Nvidia GeForce 920M,ZN4YS8QJ,IVTE98B5EG
99,HP,Gaming,15.6,IPS Panel Full HD 1920x1080,Intel Core i7 7700HQ 2.8GHz,12GB,128GB SSD +  1TB HDD,Nvidia GeForce GTX 1050,EJ5VL397,Y3NDXSB13B
100,HP,Notebook,15.6,Full HD 1920x1080,Intel Core i7 7500U 2.7GHz,8GB,256GB SSD,AMD Radeon 530,I84F8SD7,5U5PRA6DCY
101,HP,Notebook,15.6,Full HD 1920x1080,AMD E-Series E2-9000e 1.5GHz,4GB,500GB HDD,AMD Radeon R2,WVXONWRD,O725280J84
102,Dell,Notebook,15.6,Full HD 1920x1080,Intel Core i5 8250U 1.6GHz,8GB,1TB HDD,AMD Radeon 520,AK3BTWAX,TS2I61VFON
103,HP,Ultrabook,13.3,IPS Panel Full HD 1920x1080,Intel Core i7 7500U 2.7GHz,8GB,256GB SSD,Nvidia GeForce MX150,IVPA92T9,1QZDXHTJIC
104,Microsoft,Ultrabook,13.5,Touchscreen 2256x1504,Intel Core i5 7200U 2.5GHz,8GB,256GB SSD,Intel HD Graphics 620,PN1WISI7,M7D2WLVUMO
105,HP,Notebook,14.0,IPS Panel Full HD 1920x1080,Intel Core i5 7200U 2.5GHz,6GB,256GB SSD,Nvidia GeForce 940MX,PT9BTQYS,JBW7CRCKTG
106,Lenovo,Notebook,15.6,Full HD 1920x1080,Intel Core i3 6006U 2GHz,4GB,1TB HDD,Intel HD Graphics 520,4Z51SOEK,OAIEMPFO6X
107,Asus,Ultrabook,14.0,IPS Panel Full HD 1920x1080,Intel Core i7 7500U 2.7GHz,8GB,256GB SSD,Nvidia GeForce 940MX,9Y88S78Y,QYQAZQSI3I
108,MSI,Gaming,15.6,Full HD 1920x1080,Intel Core i7 7700HQ 2.8GHz,16GB,256GB SSD +  1TB HDD,Nvidia GeForce GTX 1050 Ti,KSMEGW1F,ZP3S2RO37B
109,Lenovo,IdeaPad 3,14.0,IPS Panel Full HD 1920x1080,Intel Core i7 7500U 2.7GHz,8GB,256GB SSD,Intel HD Graphics 620,7V58ESO0,SA19WB8FZ1
110,Asus,Ultrabook,15.6,Full HD 1920x1080,Intel Core i7 8550U 1.8GHz,16GB,256GB SSD +  1TB HDD,Nvidia GeForce MX150,1THQ09UQ,4BAILPT4PX
111,Dell,Ultrabook,13.3,Quad HD+ / Touchscreen 3200x1800,Intel Core i7 7560U 2.4GHz,8GB,256GB SSD,Intel Iris Plus Graphics 640,OXYUPHID,HXLSNFUUP5
112,Lenovo,2 in 1 Convertible,13.3,IPS Panel Full HD / Touchscreen 1920x1080,Intel Core i5 7200U 2.5GHz,8GB,256GB SSD,Intel HD Graphics 620,2JFTWOIP,OHCGSJZ0O6
113,HP,Notebook,14.0,IPS Panel 1366x768,Intel Core i5 8250U 1.6GHz,4GB,500GB HDD,Intel UHD Graphics 620,UOLN8XDX,VNL6QAWH1P
114,Dell,Ultrabook,13.3,IPS Panel Full HD 1920x1080,Intel Core i5 8250U 1.6GHz,8GB,256GB SSD,Intel UHD Graphics 620,MGNKECGX,JQN4USPT4C
115,HP,2 in 1 Convertible,13.3,IPS Panel Full HD / Touchscreen 1920x1080,Intel Core i5 8250U 1.6GHz,8GB,256GB SSD,Intel UHD Graphics 620,AWWPUTZZ,G5BOYYJ40Y
116,HP,Notebook,14.0,Full HD 1920x1080,Intel Core i7 8550U 1.8GHz,8GB,512GB SSD,Intel UHD Graphics 620,0U70W36D,Y7LC4LITFW
117,Dell,Notebook,15.6,IPS Panel Full HD 1920x1080,Intel Core i7 8550U 1.8GHz,8GB,256GB SSD +  1TB HDD,Nvidia GeForce 940MX,H1AT0SEO,3UNKV3NC1F
118,Asus,Notebook,17.3,Full HD 1920x1080,Intel Core i3 6006U 2GHz,4GB,1TB HDD,Nvidia GeForce 920MX,OBKE9CBT,7P5PHHYRML
119,Asus,Notebook,15.6,Full HD 1920x1080,Intel Core i7 8550U 1.8GHz,8GB,256GB SSD,Nvidia GeForce 940MX,TT26RASU,BDHZOZP0EW
120,Acer,Notebook,15.6,IPS Panel Full HD / Touchscreen 1920x1080,Intel Core i3 7100U 2.4GHz,6GB,1TB HDD,Intel HD Graphics 620,AD1K4KSB,5MQNZFW0Q3
121,MSI,Gaming,15.6,Full HD 1920x1080,Intel Core i7 7700HQ 2.8GHz,16GB,256GB SSD +  2TB HDD,Nvidia GeForce GTX 1070,DE33240P,T6KWVLUQGQ
122,Lenovo,Notebook,15.6,Full HD 1920x1080,Intel Core i5 7200U 2.5GHz,8GB,256GB SSD,Nvidia GeForce 940MX,SC5VM0AE,0OA2R6CB2Z
123,HP,Notebook,17.3,Full HD 1920x1080,Intel Core i7 8550U 1.8GHz,16GB,512GB SSD,Nvidia GeForce 930MX ,HHOGTJU2,CQPHDYIO5V
124,Acer,Notebook,15.6,1366x768,AMD A9-Series 9420 3GHz,4GB,256GB SSD,AMD Radeon R5,WV3LZ1K8,KBM7Y1U5M6
125,HP,Notebook,15.6,1366x768,Intel Celeron Dual Core N3060 1.6GHz,4GB,500GB HDD,Intel HD Graphics 400,QVS99RJN,RGHCGDDLVM
126,HP,Notebook,14.0,Full HD 1920x1080,Intel Core i5 8250U 1.6GHz,8GB,1TB HDD,Intel UHD Graphics 620,0WNQBE41,HQ60FL1T87
127,Asus,Notebook,14.0,1366x768,AMD E-Series 6110 1.5GHz,4GB,64GB SSD,AMD Radeon R2,59SSYNXV,UDQHCB8S90
128,Dell,Notebook,17.3,Full HD 1920x1080,Intel Core i7 8550U 1.8GHz,16GB,256GB SSD +  2TB HDD,AMD Radeon 530,J3NB3FL3,3F32DWWWWX
129,HP,Notebook,17.3,Full HD 1920x1080,Intel Core i5 8250U 1.6GHz,8GB,256GB SSD,Intel UHD Graphics 620,WORQZG27,TC1YX8Y4SH
130,Dell,Notebook,15.6,1366x768,Intel Core i5 7200U 2.5GHz,8GB,1TB HDD,AMD Radeon R7 M445,MZU2AYTW,TMI7RT3320
131,Dell,Notebook,15.6,Full HD 1920x1080,Intel Core i3 6006U 2GHz,4GB,1TB HDD,AMD Radeon R5 M430,MI1TFUC8,DJG317N5RW
132,Acer,Ultrabook,14.0,IPS Panel Full HD 1920x1080,Intel Core i7 8550U 1.8GHz,8GB,256GB SSD,Intel UHD Graphics 620,RHI7WME5,M7UFFHIJQQ
133,Acer,Notebook,15.6,Full HD 1920x1080,Intel Core i3 7130U 2.7GHz,4GB,256GB SSD,Nvidia GeForce MX130,LGGPD91S,1FSIFE8688
134,HP,Notebook,15.6,1366x768,Intel Core i7 7500U 2.7GHz,8GB,1TB HDD,Intel HD Graphics 620,6BWNV3EG,DU1U5BO0W9
135,HP,Notebook,14.0,Full HD 1920x1080,Intel Core i7 8550U 1.8GHz,8GB,256GB SSD,Intel UHD Graphics 620,0TP1P5D3,FQLG4YCNXR
136,Lenovo,Notebook,15.6,1366x768,Intel Celeron Dual Core N3350 1.1GHz,4GB,1TB HDD,Intel HD Graphics 500,B7181XWT,PYLEY1EJZM
137,Asus,Gaming,17.3,Full HD 1920x1080,Intel Core i5 7300HQ 2.5GHz,8GB,128GB SSD +  1TB HDD,Nvidia GeForce GTX 1050,1OG7QM1B,13L48YX7OJ
138,Lenovo,Notebook,15.6,Full HD 1920x1080,Intel Core i5 7200U 2.5GHz,4GB,1TB HDD,Nvidia GeForce 920MX,EIHUBWOZ,QJFEX7L073
139,HP,Notebook,13.3,IPS Panel Full HD 1920x1080,Intel Core i5 7200U 2.5GHz,4GB,256GB SSD,Intel HD Graphics 620,0ZZLA518,84V15A3JAQ
140,Acer,Notebook,17.3,IPS Panel Full HD 1920x1080,Intel Core i3 7130U 2.7GHz,4GB,1TB HDD,Nvidia GeForce MX130,PZ6S6RBT,DX6ERO3CGC
141,Lenovo,Notebook,14.0,IPS Panel Full HD 1920x1080,Intel Core i5 8250U 1.6GHz,8GB,256GB SSD,AMD Radeon RX 550,U4IKX14Z,5LLFOQWA3L
142,Lenovo,Gaming,15.6,IPS Panel Full HD 1920x1080,Intel Core i7 7700HQ 2.8GHz,8GB,256GB SSD,Nvidia GeForce GTX 1050M,ALUSAIYU,EHQJPWPNZS
143,Toshiba,Notebook,15.6,1366x768,Intel Core i5 6200U 2.3GHz,4GB,500GB HDD,Intel HD Graphics 520,36PWBFPE,ZJ8AUC6IQB
144,HP,Notebook,15.6,1366x768,AMD A6-Series 9220 2.5GHz,4GB,256GB SSD,AMD Radeon R4 Graphics,9ZSFAOPI,M82HEVW7XH
145,Asus,Ultrabook,14.0,Full HD 1920x1080,Intel Core i7 8550U 1.8GHz,8GB,256GB SSD,Intel UHD Graphics 620,U4Y4JF40,JREFKN4DBW
146,HP,Ultrabook,12.5,IPS Panel 4K Ultra HD / Touchscreen 3840x2160,Intel Core M 6Y75 1.2GHz,8GB,512GB SSD,Intel HD Graphics 515,73AGTHPI,IBNLQMCH08
147,Asus,Notebook,15.6,Full HD 1920x1080,Intel Celeron Dual Core N3350 1.1GHz,4GB,1TB HDD,Intel HD Graphics 500,TJW7J0K0,Z3PNBNAWS1
148,MSI,Gaming,17.3,Full HD 1920x1080,Intel Core i7 7700HQ 2.8GHz,16GB,256GB SSD +  1TB HDD,Nvidia GeForce GTX 1070,ZN5HL7QK,ZRVKL2FVFR
149,Acer,Notebook,15.6,1366x768,Intel Core i3 6006U 2GHz,4GB,1TB HDD,Intel HD Graphics 520,Q4WSGJM6,5PAM8RVD3G
150,Dell,Gaming,15.6,Full HD 1920x1080,Intel Core i7 7700HQ 2.8GHz,16GB,512GB SSD,Nvidia GeForce GTX 1050,RJ8ERPIS,C6WR55XZ8P
151,Dell,Gaming,15.6,Full HD 1920x1080,Intel Core i7 7700HQ 2.8GHz,8GB,1.0TB Hybrid,Nvidia GeForce GTX 1050,28RL7WJG,RTUIO3I7I1
152,Lenovo,Notebook,15.6,1366x768,Intel Core i5 7200U 2.5GHz,4GB,128GB SSD,Intel HD Graphics 620,283OTWUO,MEBE4PIXQC
153,MSI,Gaming,17.3,Full HD 1920x1080,Intel Core i7 7700HQ 2.8GHz,16GB,256GB SSD +  1TB HDD,Nvidia GeForce GTX 1060,FBUVBC35,6RNHZYW7HF
154,HP,Ultrabook,14.0,Full HD 1920x1080,Intel Core i5 7500U 2.7GHz,4GB,256GB SSD,Intel HD Graphics 620,7VUXAYAK,TW91NXNV6H
155,HP,Notebook,15.6,Full HD 1920x1080,Intel Core i5 8250U 1.6GHz,6GB,256GB SSD,AMD Radeon 520,AJL79ON0,ZA7L3A868T
156,Lenovo,2 in 1 Convertible,14.0,IPS Panel Full HD / Touchscreen 1920x1080,Intel Core i3 7100U 2.4GHz,4GB,256GB SSD,Intel HD Graphics 620,84CWJ1O7,HXJBDG0P7B
157,Asus,2 in 1 Convertible,13.3,Full HD / Touchscreen 1920x1080,Intel Core i5 8250U 1.6GHz,8GB,256GB SSD,Intel HD Graphics 620,KH90QV5G,OCGH2U6BM7
158,Dell,2 in 1 Convertible,15.6,Full HD / Touchscreen 1920x1080,Intel Core i7 8550U 1.8GHz,8GB,256GB SSD,Intel UHD Graphics 620,BKRCORTJ,QLAFOAJNUY
159,Toshiba,Notebook,15.6,1366x768,Intel Core i3 6006U 2.2GHz,4GB,500GB HDD,Intel HD Graphics 520,BGXCX2T8,RPNDXAGI2X
160,Asus,Notebook,15.6,1366x768,AMD A9-Series 9420 3GHz,4GB,1TB HDD,AMD Radeon R5 M420,799RM6TW,R8X4Q4FB49
161,Acer,Notebook,17.3,IPS Panel Full HD 1920x1080,Intel Core i5 8250U 1.6GHz,4GB,256GB SSD,Nvidia GeForce MX150,2QJ5Z8J5,MC1AI1BW9G
162,Dell,Notebook,15.6,Full HD 1920x1080,Intel Core i5 8250U 1.6GHz,8GB,256GB SSD,AMD Radeon 520,B19YFVMO,O7H2LKSIZ9
163,Lenovo,Gaming,15.6,IPS Panel Full HD 1920x1080,Intel Core i7 7700HQ 2.8GHz,16GB,256GB SSD,Nvidia GeForce GTX 1050 Ti,MZLUQ8TB,WXSR3SGKQU
164,Acer,Notebook,15.6,1366x768,Intel Celeron Dual Core N3350 1.1GHz,4GB,1TB HDD,Intel HD Graphics 500,87PPTAYR,OM221WDQY6
165,MSI,Gaming,15.6,IPS Panel Full HD 1920x1080,Intel Core i7 7700HQ 2.8GHz,16GB,256GB SSD +  1TB HDD,Nvidia GeForce GTX 1060,VD2U7BCS,QYTRBUOJBL
166,Acer,Notebook,15.6,1366x768,Intel Pentium Quad Core N4200 1.1GHz,4GB,1TB HDD,Intel HD Graphics 505,AI7VF69R,HLG97VVIV0
167,Dell,Gaming,15.6,Full HD 1920x1080,Intel Core i7 7700HQ 2.8GHz,8GB,128GB SSD +  1TB HDD,Nvidia GeForce GTX 1050,JVZIDN8J,U5YOONMFRL
168,Acer,Notebook,17.3,IPS Panel Full HD 1920x1080,Intel Core i5 8250U 1.6GHz,8GB,256GB SSD,Nvidia GeForce MX150,7QIYG5U7,BA0821J95I
169,HP,Notebook,13.3,IPS Panel Full HD 1920x1080,Intel Core i5 8250U 1.6GHz,4GB,500GB HDD,Intel UHD Graphics 620,T592NEYD,C8KK1ZJ433
170,Huawei,Ultrabook,13.0,IPS Panel Full HD 2160x1440,Intel Core i5 7200U 2.5GHz,8GB,256GB SSD,Intel HD Graphics 620,8OSR9AOS,6SVXZS4V0I
171,HP,Notebook,17.3,IPS Panel Full HD 1920x1080,Intel Core i5 7200U 2.5GHz,6GB,2TB HDD,AMD Radeon 520,MUG3XOIT,HCNL6VXFRM
172,Lenovo,Notebook,15.6,1366x768,AMD A6-Series 9220 2.9GHz,4GB,500GB HDD,AMD Radeon R4 Graphics,F4XY198X,RHKQ2ACOAQ
173,Toshiba,Notebook,15.6,1366x768,Intel Core i3 7100U 2.4GHz,4GB,500GB HDD,Intel HD Graphics 620,3HSA5121,RSTNLOUKG4
174,HP,Notebook,17.3,Full HD 1920x1080,Intel Core i5 8250U 1.6GHz,8GB,256GB SSD,Nvidia GeForce 930MX,I9FMFB6O,LQEZV86WEE
175,Dell,Notebook,15.6,1366x768,Intel Core i3 7100U 2.4GHz,8GB,1TB HDD,Intel HD Graphics 620,H3JXCSDA,TFXZNZECRM
176,Acer,Notebook,15.6,1366x768,Intel Core i3 6006U 2GHz,4GB,128GB SSD,Intel HD Graphics 520,5LP4WLKG,CSOB6JQZ5C
177,MSI,Gaming,18.4,Full HD 1920x1080,Intel Core i7 6920HQ 2.9GHz,32GB,512GB SSD +  1TB HDD,Nvidia GTX 980 SLI,175MGL2Q,7M8TSGXZ7T
178,Lenovo,Notebook,15.6,Full HD 1920x1080,Intel Core i5 7200U 2.5GHz,8GB,128GB SSD +  1TB HDD,AMD R17M-M1-70,CY0ULFKG,6VOW5QZ2IN
179,HP,2 in 1 Convertible,13.3,IPS Panel 4K Ultra HD / Touchscreen 3840x2160,Intel Core i5 8250U 1.6GHz,8GB,256GB SSD,Intel UHD Graphics 620,62M4RZP2,KGX2SLHMRO
180,Dell,Notebook,15.6,Full HD 1920x1080,Intel Core i7 8550U 1.8GHz,16GB,256GB SSD +  2TB HDD,AMD Radeon 530,YJSZXKQO,YQLAC8NRKC
181,Dell,Ultrabook,13.3,Full HD 1920x1080,Intel Core i5 8250U 1.6GHz,8GB,256GB SSD,Intel UHD Graphics 620,JVJRPAR3,G6V0AVSGDT
182,Lenovo,2 in 1 Convertible,13.9,IPS Panel 4K Ultra HD / Touchscreen 3840x2160,Intel Core i7 8550U 1.8GHz,16GB,512GB SSD,Intel UHD Graphics 620,BE05YPIW,3VY9Z3NI8V
183,Toshiba,Notebook,15.6,1366x768,Intel Core i5 7200U 2.5GHz,8GB,128GB SSD,Intel HD Graphics 620,06HAERRV,N0NB8WBMCI
184,Xiaomi,Notebook,15.6,IPS Panel Full HD 1920x1080,Intel Core i5 8250U 1.6GHz,8GB,256GB SSD,Nvidia GeForce MX150,DA8YFLX0,KIDYM82DEJ
185,Dell,Notebook,17.3,Full HD / Touchscreen 1920x1080,Intel Core i7 8550U 1.8GHz,16GB,512GB SSD,Nvidia GeForce 150MX,Z5MG110U,B3LTNYJOYP
186,Dell,Notebook,15.6,4K Ultra HD / Touchscreen 3840x2160,Intel Core i7 7700HQ 2.8GHz,16GB,512GB SSD,Nvidia GeForce GTX 1050,9A3NFXNO,YVIM6UTKI3
187,Lenovo,Gaming,15.6,IPS Panel Full HD 1920x1080,Intel Core i5 7300HQ 2.5GHz,8GB,256GB SSD,Nvidia GeForce GTX 1050,F5Q8NTNJ,MJH27ED8UM
188,Acer,Ultrabook,13.3,IPS Panel Full HD 1920x1080,Intel Core i5 7Y54 1.2GHz,8GB,256GB SSD,Intel HD Graphics 615,IPKSVSAS,Y4XVE7LFBJ
189,Dell,Notebook,17.3,Full HD 1920x1080,Intel Core i7 8550U 1.8GHz,8GB,128GB SSD +  1TB HDD,AMD Radeon 530,8Y9JVXG6,B0U40DVNDT
190,Lenovo,2 in 1 Convertible,14.0,Touchscreen 2560x1440,Intel Core i7 7500U 2.7GHz,16GB,1TB SSD,Intel HD Graphics 620,V89F0HCK,UJMLEW3RMW
191,Vero,Notebook,14.0,IPS Panel Full HD 1920x1080,Intel Celeron Dual Core N3350 1.1GHz,4GB,32GB Flash Storage,Intel HD Graphics 500,J6R4I4DA,TDWH212S8F
192,Xiaomi,Ultrabook,13.3,IPS Panel Full HD 1920x1080,Intel Core i5 7200U 2.5GHz,8GB,256GB SSD,Nvidia GeForce MX150,7YRFHPKV,9F8ROIVK7W
193,Lenovo,Notebook,17.3,1600x900,Intel Core i5 8250U 1.6GHz,8GB,256GB SSD,Nvidia GeForce MX150,JF33PHQ5,JNOHZ47D29
194,Dell,2 in 1 Convertible,13.3,IPS Panel Full HD / Touchscreen 1920x1080,Intel Core i7 8550U 1.8GHz,8GB,1TB HDD,Intel UHD Graphics 620,8QQYTWJ8,0OHYGIVIS0
195,HP,Notebook,17.3,IPS Panel Full HD 1920x1080,Intel Core i5 8250U 1.6GHz,8GB,1TB HDD,Nvidia GeForce 930MX,JH9TU9OC,UYOJTS8O10
196,Razer,Gaming,17.3,4K Ultra HD / Touchscreen 3840x2160,Intel Core i7 7820HK 2.9GHz,32GB,1TB SSD,Nvidia GeForce GTX 1080,ADKDCTO5,TW15J1DMI4
197,HP,Notebook,13.3,Full HD 1920x1080,Intel Core i5 8250U 1.6GHz,8GB,512GB SSD,Intel UHD Graphics 620,D7K4FRVS,9QFM6LCN3Z
198,HP,Gaming,17.3,IPS Panel Full HD 1920x1080,Intel Core i7 7700HQ 2.8GHz,16GB,256GB SSD +  1TB HDD,Nvidia GeForce GTX 1050,4UQV8B98,JZNYWGDRIM
199,HP,Notebook,17.3,Full HD 1920x1080,Intel Core i7 8550U 1.8GHz,8GB,256GB SSD,Nvidia GeForce 930MX ,92KL8GQL,Y65OK2JNEO
200,Dell,Gaming,15.6,IPS Panel 4K Ultra HD 3840x2160,Intel Core i7 7700HQ 2.8GHz,16GB,512GB SSD +  1TB HDD,Nvidia GeForce GTX 1060,F8L7FLWC,YY93ODDATK
201,Lenovo,Notebook,15.6,1366x768,Intel Core i5 6200U 2.3GHz,4GB,128GB SSD,Intel HD Graphics 520,GO2XCYLL,P6DEZO1862
202,Acer,Notebook,15.6,Full HD 1920x1080,Intel Core i7 7500U 2.7GHz,8GB,1TB HDD,Nvidia GeForce 940MX,RN7AR548,N3CUTV7YRO
203,Lenovo,Gaming,15.6,IPS Panel Full HD 1920x1080,Intel Core i7 7700HQ 2.8GHz,16GB,512GB SSD +  1TB HDD,Nvidia GeForce GTX 1060,2WNQ0VQQ,J9Q33UOYMJ
204,Dell,Workstation,15.6,4K Ultra HD 3840x2160,Intel Xeon E3-1505M V6 3GHz,16GB,256GB SSD +  1TB HDD,Nvidia Quadro M1200,P67DOINV,DE5GK8GAKM
205,Lenovo,Gaming,15.6,Full HD 1920x1080,Intel Core i7 7700HQ 2.8GHz,16GB,512GB SSD,Nvidia GeForce GTX 1060,VF740XJZ,JCK5Q5IRAJ
206,Dell,Notebook,15.6,Touchscreen 1366x768,Intel Core i3 7100U 2.4GHz,6GB,1TB HDD,Intel HD Graphics 620,CIQN1IFI,ASQCYSLGFQ
207,Dell,Ultrabook,13.3,IPS Panel 4K Ultra HD / Touchscreen 3840x2160,Intel Core i7 8550U 1.8GHz,8GB,256GB SSD,Intel UHD Graphics 620,4R2LUPY4,8R8CQYNGAS
208,Dell,Ultrabook,13.3,Full HD 1920x1080,Intel Core i7 8550U 1.8GHz,8GB,256GB SSD,Intel UHD Graphics 620,33M8EN73,S708MCFQ5Z
209,Lenovo,Notebook,15.6,1366x768,Intel Core i5 7200U 2.5GHz,8GB,256GB SSD,Intel HD Graphics 620,AOBB4RLJ,WRNEWSXGGO
210,Acer,Notebook,15.6,Full HD 1920x1080,Intel Core i7 7700HQ 2.8GHz,8GB,1TB HDD,Nvidia GeForce GTX 1050,G06WIJQK,NSLQ9XW9I7
211,Asus,Gaming,17.3,Full HD 1920x1080,Intel Core i7 7700HQ 2.8GHz,16GB,256GB SSD +  1TB HDD,Nvidia GeForce GTX 1050,LTP9Z3TF,PVHCGQ55AO
212,HP,Notebook,15.6,Full HD 1920x1080,Intel Core i3 6006U 2GHz,4GB,500GB HDD,Intel HD Graphics 520,35OQFQRO,L9DCO459WB
213,Lenovo,Notebook,15.6,Full HD 1920x1080,Intel Core i5 7200U 2.5GHz,8GB,256GB SSD,Intel HD Graphics 620,CDIRKT0C,ZUQJBS6LXC
214,Huawei,Ultrabook,13.0,IPS Panel Full HD 2160x1440,Intel Core i7 7500U 2.7GHz,8GB,512GB SSD,Intel HD Graphics 620,JICTHUPI,XLJ8I2YHLI
215,Dell,Ultrabook,13.3,IPS Panel Full HD 1920x1080,Intel Core i7 8550U 1.8GHz,8GB,256GB SSD,AMD Radeon 530,GXOY04UZ,RD3FKXQH4D
216,Lenovo,Notebook,17.3,1600x900,Intel Core i5 7200U 2.5GHz,8GB,1TB HDD,Nvidia GeForce GTX 940MX,DO4AGLBC,XACC3TVETC
217,HP,Notebook,14.0,Full HD 1920x1080,Intel Core i7 8550U 1.8GHz,8GB,256GB SSD,Nvidia GeForce 930MX,LQHS3UIR,TN8OT1X6WP
218,Dell,Ultrabook,14.0,Full HD 1920x1080,Intel Core i5 8250U 1.6GHz,8GB,256GB SSD,Intel UHD Graphics 620,QLM053Q1,JHJT3PV9I4
219,Dell,2 in 1 Convertible,13.3,Full HD / Touchscreen 1920x1080,Intel Core i7 8550U 1.8GHz,16GB,512GB SSD,Intel UHD Graphics 620,VNRVKOFJ,PQJ1Y55EOE
220,Dell,Notebook,15.6,Full HD 1920x1080,Intel Core i5 8250U 1.6GHz,8GB,256GB SSD,AMD Radeon 520,Y7J4GUD4,6UQTWQ74GG
221,Lenovo,2 in 1 Convertible,14.0,IPS Panel Full HD 1920x1080,Intel Core i5 8250U 1.6GHz,8GB,256GB SSD,Intel UHD Graphics 620,U1F2YB5C,L33SNA0YA3
222,Toshiba,Ultrabook,13.3,Full HD 1920x1080,Intel Core i7 6500U 2.5GHz,8GB,256GB SSD,Intel HD Graphics 520,DF2ZRS9V,0LW2F7KWVD
223,HP,Notebook,15.6,Full HD 1920x1080,Intel Core i5 8250U 1.6GHz,8GB,1TB HDD,Intel UHD Graphics 620,UWKJ6FB6,D1273JGGDK
224,Dell,Gaming,17.3,IPS Panel Full HD 1920x1080,Intel Core i7 7700HQ 2.8GHz,16GB,256GB SSD +  1TB HDD,Nvidia GeForce GTX 1060,1L1JN04Q,I2XTNAWGQ6
225,Acer,Notebook,15.6,Full HD 1920x1080,Intel Core i7 7500U 2.7GHz,8GB,256GB SSD,Nvidia GeForce 940MX,J86LNAIF,AC64UMPIMA
226,Dell,Notebook,15.6,Full HD / Touchscreen 1920x1080,Intel Core i7 7500U 2.7GHz,16GB,1TB HDD,AMD Radeon R7 M445,S1GF62US,JNUY0QCCZZ
227,Asus,Notebook,15.6,Full HD 1920x1080,Intel Core i5 7200U 2.5GHz,8GB,256GB SSD,Nvidia GeForce 920MX ,0FNJWXEA,NK60E76VIP
228,Asus,Notebook,17.3,Full HD 1920x1080,Intel Core i5 7200U 2.5GHz,8GB,256GB SSD +  500GB HDD,Nvidia GeForce GTX 950M,WNL62LRZ,6JRZS7ELLP
229,HP,Notebook,15.6,Full HD 1920x1080,Intel Core i7 7500U 2.7GHz,8GB,1TB HDD,AMD FirePro W4190M ,CPKDQ6JT,FCK5R0SILS
230,Asus,Notebook,15.6,1366x768,Intel Core i3 7100U 2.4GHz,4GB,1TB HDD,Intel HD Graphics 620,PLEAH0NG,I1PIZLTKZH
231,HP,Notebook,15.6,1366x768,AMD E-Series 9000e 1.5GHz,4GB,500GB HDD,AMD Radeon R2,O2LF68GI,DOXCAI4ZR6
232,Lenovo,Gaming,15.6,IPS Panel Full HD 1920x1080,Intel Core i7 7700HQ 2.8GHz,16GB,256GB SSD +  1TB HDD,Nvidia GeForce GTX 1060,N7BX4Y1O,5MK92M2M1W
233,Dell,Notebook,14.0,Full HD 1920x1080,Intel Core i5 7200U 2.5GHz,8GB,256GB SSD,Intel HD Graphics 620,U6CM2ART,HKMF0C7G37
234,Acer,2 in 1 Convertible,13.3,IPS Panel Full HD / Touchscreen 1920x1080,Intel Core i5 6200U 2.3GHz,8GB,256GB SSD,Intel HD Graphics 520,S4K0FASS,E27ZXXVJAU
235,Dell,Notebook,15.6,Full HD 1920x1080,Intel Core i7 7500U 2.7GHz,16GB,256GB SSD,AMD Radeon R7 M445,AAACZYJ0,GBAHFAQ8WI
236,Acer,Notebook,15.6,1366x768,Intel Core i3 6006U 2GHz,4GB,1TB HDD,Intel HD Graphics 520,61D0XG1D,R2ZDI20CEX
237,Asus,Notebook,15.6,Full HD 1920x1080,AMD A10-Series A10-9620P 2.5GHz,4GB,128GB SSD +  1TB HDD,AMD Radeon R5 M430,HI98R2GV,510BCKPNOZ
238,Asus,Gaming,17.3,Full HD 1920x1080,Intel Core i7 7820HK 2.9GHz,32GB,512GB SSD +  1TB HDD,Nvidia GeForce GTX 1080,68T08UWG,DL7JQOZ3II
239,Acer,Gaming,15.6,IPS Panel Full HD 1920x1080,Intel Core i5 7300HQ 2.5GHz,8GB,256GB SSD,Nvidia GeForce GTX 1050,B980AVOZ,HZ4DGQWLUH
240,Lenovo,Notebook,15.6,1366x768,Intel Core i3 6006U 2GHz,8GB,128GB SSD,Intel HD Graphics 520,KM5MOV73,MF85DQQQM7
241,Asus,Notebook,17.3,Full HD 1920x1080,Intel Core i7 8550U 1.8GHz,8GB,128GB SSD +  1TB HDD,Nvidia GeForce 150MX,L8Q3A1FP,4QCZ4TB6PZ
242,Asus,Notebook,17.3,Full HD 1920x1080,Intel Core i7 7500U 2.7GHz,8GB,128GB SSD +  1TB HDD,Nvidia GeForce GTX 950M,9NZ46FOH,FBS183MXA6
243,Dell,Gaming,15.6,Full HD 1920x1080,Intel Core i5 7300HQ 2.5GHz,8GB,256GB SSD,Nvidia GeForce GTX 1050,B3HJ9FE8,QN1LLP1D2D
244,Lenovo,2 in 1 Convertible,13.9,IPS Panel Full HD / Touchscreen 1920x1080,Intel Core i7 7500U 2.7GHz,8GB,256GB SSD,Intel HD Graphics 620,1PPDN8VT,P4SZ4NR5B4
245,Dell,Notebook,15.6,Full HD 1920x1080,Intel Core i7 8550U 1.8GHz,8GB,128GB SSD +  2TB HDD,AMD Radeon 530,FYRG7628,1QTVNDQ4QP
246,HP,Notebook,15.6,Touchscreen 1366x768,Intel Core i5 7200U 2.5GHz,8GB,1TB HDD,Intel HD Graphics 620,ATJ8BSTT,2DWALUHYK0
247,Asus,Gaming,17.3,Full HD 1920x1080,Intel Core i7 7820HK 2.9GHz,16GB,256GB SSD,Nvidia GeForce GTX 1080,88GCNBNV,W95IZ9U319
248,HP,Notebook,13.3,IPS Panel Full HD 1920x1080,Intel Core i5 8250U 1.6GHz,4GB,500GB HDD,Intel UHD Graphics 620,QTN8EDFV,U5Z8R20LF8
249,Apple,Ultrabook,13.3,IPS Panel Retina Display 2560x1600,Intel Core i5 3.1GHz,8GB,512GB SSD,Intel Iris Plus Graphics 650,KSMRJF8D,X3HDBQ0EHY
250,Dell,2 in 1 Convertible,15.6,IPS Panel Full HD / Touchscreen 1920x1080,Intel Core i7 8550U 1.8GHz,8GB,1TB HDD,Intel UHD Graphics 620,HGQ1EUWI,IWIF4780E3
251,Asus,Gaming,17.3,Full HD 1920x1080,Intel Core i7 7700HQ 2.8GHz,16GB,256GB SSD +  1TB HDD,Nvidia GeForce GTX 980M,1LSZW0H8,0AOWJAPB7Z
252,Asus,Notebook,15.6,1366x768,AMD A9-Series 9420 3GHz,4GB,1TB HDD,AMD Radeon R5 M420,JDY82FMV,UO0D2W3YYR
253,Lenovo,2 in 1 Convertible,13.9,IPS Panel Full HD / Touchscreen 1920x1080,Intel Core i7 8550U 1.8GHz,8GB,512GB SSD,Intel UHD Graphics 620,2YZXJSXB,C7287DRKHC
254,Acer,Notebook,17.3,IPS Panel Full HD 1920x1080,Intel Core i3 7130U 2.7GHz,4GB,256GB SSD,Nvidia GeForce MX130,BB8P4EGL,7JOFNSVWUK
255,Dell,Ultrabook,13.3,Full HD 1920x1080,Intel Core i5 8250U 1.6GHz,8GB,256GB SSD,Intel UHD Graphics 620,QJZKGYF4,7NQ7TE0TRT
256,HP,Notebook,15.6,1366x768,AMD A6-Series A6-9220 2.5GHz,8GB,128GB SSD,AMD Radeon R4 Graphics,GZBV2TJS,KGT1OAWRVX
257,HP,Notebook,17.3,IPS Panel Full HD 1920x1080,Intel Core i7 8550U 1.8GHz,16GB,1TB HDD,Nvidia GeForce MX150,T59FGYVL,MLZM4WTG4I
258,MSI,Gaming,17.3,Full HD 1920x1080,Intel Core i7 7700HQ 2.8GHz,16GB,512GB SSD +  1TB HDD,Nvidia GeForce GTX 1070,DPDY6UTC,A48E60WG08
259,Lenovo,2 in 1 Convertible,15.6,IPS Panel Full HD / Touchscreen 1920x1080,Intel Core i7 7700HQ 2.8GHz,8GB,512GB SSD,Nvidia GeForce GTX 1050M,1EI5UCDG,A7AMB7NH9X
260,Dell,Notebook,17.3,Full HD 1920x1080,Intel Core i7 8550U 1.8GHz,8GB,128GB SSD +  1TB HDD,AMD Radeon 530,AYZOKJ0E,C14MQL4M3W
261,Lenovo,Notebook,15.6,Full HD 1920x1080,Intel Core i3 6006U 2GHz,4GB,256GB SSD,Intel HD Graphics 520,KTNYSBI4,KXJ98LIN88
262,HP,Notebook,15.6,IPS Panel Full HD 1920x1080,Intel Core i5 8250U 1.6GHz,4GB,500GB HDD,Intel HD Graphics 620,OKMGH2E3,IP43AENSWU
263,Dell,Notebook,15.6,Full HD 1920x1080,Intel Core i5 7200U 2.5GHz,4GB,1TB HDD,Intel HD Graphics 620,BXTBQBMX,BTAFAHWP95
264,Dell,Notebook,15.6,Full HD 1920x1080,Intel Core i5 7200U 2.5GHz,8GB,1TB HDD,AMD Radeon R5 M430,ISFJDSWY,MGR6TF2VD7
265,Dell,2 in 1 Convertible,15.6,Full HD / Touchscreen 1920x1080,Intel Core i5 8250U 1.6GHz,8GB,256GB SSD,Intel UHD Graphics 620,NPKYGURR,W6ZTI7XRPY
266,Asus,2 in 1 Convertible,13.3,Full HD / Touchscreen 1920x1080,Intel Core i7 8550U 1.8GHz,8GB,512GB SSD +  512GB SSD,Intel UHD Graphics 620,6HSXVGLP,SB48GBGYGL
267,Lenovo,Notebook,15.6,Full HD 1920x1080,Intel Core i5 7200U 2.5GHz,4GB,1TB HDD,Intel HD Graphics 620,QZUVS7EC,EMEAOX22U8
268,HP,Notebook,17.3,Full HD 1920x1080,Intel Core i7 8550U 1.8GHz,8GB,1TB HDD,Nvidia GeForce 930MX ,EEFX3HVP,ROHLBQTF8Z
269,Lenovo,Notebook,15.6,Full HD 1920x1080,Intel Core i7 8550U 1.8GHz,8GB,256GB SSD,Intel UHD Graphics 620,8D3YGHJ2,3QSB5LGIF5
270,Apple,Ultrabook,13.3,IPS Panel Retina Display 2560x1600,Intel Core i5 2.9GHz,8GB,512GB SSD,Intel Iris Graphics 550,0XLEXJJT,DT5AA96WDA
271,Asus,Gaming,17.3,Full HD 1920x1080,AMD Ryzen 1700 3GHz,16GB,256GB SSD +  1TB HDD,AMD Radeon RX 580,L19QXHPF,OGE6G19MZM
272,Dell,Notebook,15.6,Full HD 1920x1080,Intel Core i7 8550U 1.8GHz,8GB,256GB SSD,AMD Radeon 520,S8ZZTW19,2PG1XCZ5D4
273,Lenovo,2 in 1 Convertible,14.0,Touchscreen 2560x1440,Intel Core i7 6600U 2.6GHz,16GB,512GB SSD,Intel HD Graphics 520,OQI1VG07,YJTEBK8WRE
274,Toshiba,Notebook,15.6,1366x768,Intel Core i7 6500U 2.5GHz,8GB,500GB HDD,Nvidia GeForce 930M,HM9OF0YC,FJ7LU6B5IG
275,Dell,Notebook,15.6,1366x768,Intel Core i7 7500U 2.7GHz,12GB,1TB HDD,Intel HD Graphics 620,B8RYBI1H,2T65IYU40D
276,Dell,Notebook,17.3,Full HD 1920x1080,Intel Core i7 8550U 1.8GHz,8GB,128GB SSD +  1TB HDD,AMD Radeon 530,39WHF1Z6,F07QC6UGP4
277,Acer,Notebook,15.6,IPS Panel Full HD 1920x1080,Intel Core i7 8550U 1.8GHz,8GB,1TB HDD,Nvidia GeForce MX130,L6MW9J0C,GOA8S0A4UD
278,Lenovo,Notebook,17.3,1600x900,Intel Core i3 6006U 2GHz,4GB,1TB HDD,Intel HD Graphics 520,LA6DU88J,4IB0VEYQFU
279,Lenovo,Notebook,17.3,Full HD 1920x1080,Intel Core i7 8550U 1.8GHz,8GB,2TB HDD,Nvidia GeForce MX150,7RRLU00E,4EWMT31ZJA
280,Lenovo,Notebook,17.3,1600x900,Intel Core i7 7500U 2.7GHz,6GB,128GB SSD +  1TB HDD,Nvidia GeForce 940MX,F6F0T3NX,GJS6ECIMZ7
281,Dell,Notebook,15.6,Full HD 1920x1080,Intel Core i3 6006U 2.0GHz,4GB,1TB HDD,AMD Radeon R5 M430,XNWU7T4S,XHF4NEJKWY
282,Lenovo,Gaming,15.6,IPS Panel Full HD 1920x1080,Intel Core i5 7300HQ 2.5GHz,8GB,256GB SSD,Nvidia GeForce GTX 1050,Y4E0AXIS,VHEJDVDA60
283,Lenovo,Notebook,15.6,Full HD 1920x1080,Intel Core i5 7200U 2.5GHz,6GB,256GB SSD,Intel HD Graphics 620,5FXOWYIY,351JT17OVD
284,Acer,Notebook,15.6,IPS Panel Full HD 1920x1080,Intel Core i7 8550U 1.8GHz,8GB,256GB SSD,Nvidia GeForce MX150,RH8D9IHQ,UF4B5MHKDV
285,Acer,Notebook,15.6,IPS Panel Full HD / Touchscreen 1920x1080,Intel Core i7 7500U 2.7GHz,12GB,1TB HDD,Intel HD Graphics 620,IJD2HU77,YYV9I86ZIO
286,Lenovo,Notebook,15.6,IPS Panel Full HD 1920x1080,Intel Core i7 7500U 2.7GHz,8GB,256GB SSD,Intel HD Graphics 630,0IH5MGGS,NP39GZOR6N
287,Asus,Ultrabook,15.6,Full HD 1920x1080,Intel Core i5 7200U 2.5GHz,8GB,256GB SSD,Nvidia GeForce 940MX,1OIS60ZD,RA7FRKYTDE
288,Lenovo,Gaming,15.6,IPS Panel Full HD 1920x1080,Intel Core i7 7700HQ 2.8GHz,16GB,256GB SSD +  1TB HDD,Nvidia GeForce GTX 1050 Ti,O8U6TCZ3,848Z5N09I1
289,Lenovo,Notebook,15.6,Full HD 1920x1080,Intel Core i7 7500U 2.7GHz,8GB,1TB HDD,Nvidia GeForce 940MX,CSOSRKTF,US8YI22YYA
290,Acer,Notebook,15.6,1366x768,Intel Celeron Dual Core 3205U 1.5GHz,2GB,16GB SSD,Intel HD Graphics,HAERN1M4,8639Q8SOXI
291,Asus,Gaming,17.3,Full HD 1920x1080,Intel Core i7 7700HQ 2.8GHz,8GB,1TB HDD,Nvidia GeForce GTX 1050,OXET5DVS,FEZBS1XL9B
292,HP,Notebook,17.3,1600x900,Intel Core i3 6006U 2GHz,8GB,1TB HDD,Intel HD Graphics 520,KKDNPGGS,CAH2II3XY9
293,Dell,Notebook,15.6,Full HD 1920x1080,Intel Core i7 7700HQ 2.8GHz,8GB,256GB SSD,Nvidia GeForce GTX 1050,G03EQCXK,6G278UA7O5
294,Lenovo,Notebook,15.6,Full HD 1920x1080,Intel Core i5 8250U 1.6GHz,8GB,256GB SSD,Intel UHD Graphics 620,RJPXN0Y2,BT8PL8XPNL
295,Lenovo,Gaming,15.6,IPS Panel Full HD 1920x1080,Intel Core i7 7700HQ 2.8GHz,8GB,1TB HDD,Nvidia GeForce GTX 1060,3NX1E9P1,DBM5KYVKT5
296,Acer,Notebook,15.6,Full HD 1920x1080,Intel Core i7 7700HQ 2.8GHz,8GB,256GB SSD,Nvidia GeForce GTX 1050 Ti,IWXF6TAB,C81LOJM2TB
297,Dell,Workstation,17.3,Full HD 1920x1080,Intel Core i7 7820HQ 2.9GHz,16GB,256GB SSD,Nvidia Quadro M1200,KW10VJX2,IET6Y2IT8J
298,Lenovo,Notebook,15.6,Full HD 1920x1080,AMD A10-Series 9600P 2.4GHz,6GB,1TB HDD,AMD Radeon R5 430,4CDFQB9M,68H3UMIOIY
299,Asus,Ultrabook,15.6,Full HD 1920x1080,Intel Core i7 7500U 2.7GHz,16GB,512GB SSD,Nvidia GeForce 940MX,PVKMGI9V,GQHS7WN434
300,Asus,Notebook,14.0,1366x768,Intel Core i3 7100U 2.4GHz,4GB,128GB SSD,Intel HD Graphics 620,656GZD2P,5C9774KHG2
301,Asus,Gaming,17.3,Full HD 1920x1080,Intel Core i7 7700HQ 2.8GHz,16GB,256GB SSD +  1TB HDD,Nvidia GeForce GTX 1070,I5S3OS3U,R1LCOQGEUU
302,Lenovo,Notebook,17.3,1600x900,Intel Core i5 7200U 2.5GHz,6GB,1TB HDD,Nvidia GeForce GTX 940M,24LUND15,9MY5W4XQWY
303,Lenovo,Notebook,15.6,1366x768,Intel Core i5 7200U 2.5GHz,8GB,2TB HDD,Nvidia GeForce 940MX,X1VYYJF5,EDDQMM5WMF
304,Asus,Gaming,15.6,Full HD 1920x1080,Intel Core i7 7700HQ 2.8GHz,8GB,128GB SSD +  1TB HDD,Nvidia GeForce GTX 1050 Ti,O862QLW9,DXSA22EDD2
305,Lenovo,Notebook,15.6,1366x768,Intel Pentium Quad Core N4200 1.1GHz,4GB,1TB HDD,Intel HD Graphics 505,KQSICSXV,2N92VTEOC9
306,HP,2 in 1 Convertible,13.3,Full HD / Touchscreen 1920x1080,Intel Core i7 7600U 2.8GHz,16GB,256GB SSD,Intel HD Graphics 620,4R8F7FWW,GJS3BW1PXS
307,Toshiba,Notebook,15.6,IPS Panel Full HD 1920x1080,Intel Core i7 6500U 2.5GHz,8GB,256GB SSD,Nvidia GeForce 930M,5VOB6UB8,3TV9MK904H
308,Lenovo,Notebook,15.6,Full HD 1920x1080,Intel Core i5 7200U 2.5GHz,8GB,128GB SSD +  1TB HDD,Nvidia GeForce 940MX,RAS9YP1B,4CZW6UWR4X
309,HP,Notebook,15.6,Full HD 1920x1080,Intel Core i3 6006U 2GHz,4GB,1TB HDD,Intel HD Graphics 520,QF9WXXVP,3SHZ1MRO5Y
310,Lenovo,Notebook,13.3,IPS Panel Full HD 1920x1080,Intel Core i5 7200U 2.5GHz,8GB,256GB SSD,Intel HD Graphics 620,R2U2VXS9,PT4VVZNNCD
311,Dell,Ultrabook,13.3,IPS Panel 4K Ultra HD / Touchscreen 3840x2160,Intel Core i7 8550U 1.8GHz,16GB,1TB SSD,Intel UHD Graphics 620,VIDK9J35,X512AGTL7X
312,MSI,Gaming,15.6,IPS Panel Full HD 1920x1080,Intel Core i7 7700HQ 2.8GHz,16GB,256GB SSD +  1TB HDD,Nvidia GeForce GTX 1070,WVFBRKW2,6FT3OGM5VK
313,Acer,Notebook,15.6,Full HD 1920x1080,AMD A8-Series 7410 2.2GHz,8GB,256GB SSD,AMD Radeon R5,4BAOC4V1,K10EAOJCMN
314,Asus,2 in 1 Convertible,11.6,Touchscreen 1366x768,Intel Celeron Dual Core N3350 1.1GHz,2GB,32GB Flash Storage,Intel HD Graphics 500,AA3A0WG1,QA9LEZQOBN
315,Dell,Notebook,15.6,Full HD 1920x1080,Intel Core i5 8250U 1.6GHz,8GB,128GB SSD +  1TB HDD,AMD Radeon 530,0E3CGYBV,GG5Q333VWL
316,HP,2 in 1 Convertible,13.3,IPS Panel 4K Ultra HD / Touchscreen 3840x2160,Intel Core i7 8550U 1.8GHz,16GB,1TB SSD,Intel UHD Graphics 620,KQ5H7PT5,RYYBMMA51M
317,Lenovo,Notebook,13.3,1366x768,Intel Celeron Dual Core 3855U 1.6GHz,4GB,16GB Flash Storage,Intel HD Graphics 510,1S2RV0JH,I6NX4K9KGG
318,HP,Notebook,14.0,Full HD 1920x1080,Intel Core i5 7200U 2.5GHz,8GB,256GB SSD,Intel HD Graphics 620,D8MQR8TT,3J33NHT82U
319,Acer,Notebook,11.6,1366x768,Intel Pentium Quad Core N3710 1.6GHz,4GB,128GB Flash Storage,Intel HD Graphics 405,JCMSQBTH,MUWPMNSQ9O
320,HP,Notebook,14.0,Full HD 1920x1080,Intel Core i7 7500U 2.7GHz,8GB,256GB SSD,Intel HD Graphics 620,V3OGJSER,SWRFOVMHM3
321,Lenovo,Notebook,17.3,1600x900,Intel Core i5 7200U 2.5GHz,4GB,1TB HDD,Nvidia GeForce 920MX,B1L29XEI,J05LRI5ER7
322,Asus,Notebook,14.0,Full HD 1920x1080,Intel Core i7 7500U 2.7GHz,8GB,256GB SSD,Intel HD Graphics 620,GUO8XMIU,G1SDTZTL2Q
323,HP,Notebook,15.6,IPS Panel Full HD 1366x768,Intel Core i7 8550U 1.8GHz,8GB,1TB HDD,Intel UHD Graphics 620,TQBUV7A8,4BOXSX8334
324,Acer,Notebook,15.6,1366x768,AMD A12-Series 9720P 2.7GHz,8GB,256GB SSD,AMD Radeon RX 540,J6VUBGZF,VNQF1EP3R0
325,Lenovo,Notebook,14.0,1366x768,Intel Celeron Dual Core N3350 1.1GHz,4GB,32GB Flash Storage,Intel HD Graphics 500,XQGNIYK4,OP9131N9WZ
326,Acer,Notebook,15.6,1366x768,Intel Core i5 7200U 2.5GHz,6GB,1TB HDD,Intel HD Graphics 620,VMX5KBP0,6Q1SQLAE3Y
327,Asus,Ultrabook,15.6,Full HD 1920x1080,Intel Core i7 7500U 2.7GHz,8GB,256GB SSD,Nvidia GeForce 940MX,S180DL4H,ERXHZI4M06
328,HP,Ultrabook,12.5,Full HD 1920x1080,Intel Core i7 7500U 2.7GHz,8GB,256GB SSD,Intel HD Graphics 620,5WY7WEKM,D1E73Z9OT7
329,Dell,Notebook,15.6,4K Ultra HD / Touchscreen 3840x2160,Intel Core i7 7700HQ 2.8GHz,32GB,1TB SSD,Nvidia GeForce GTX 1050,A1D4G3MJ,KEJAYYN30F
330,MSI,Gaming,17.3,Full HD 1920x1080,Intel Core i7 7700HQ 2.8GHz,8GB,256GB SSD +  1TB HDD,Nvidia GeForce GTX 1050 Ti,OLBQKY3M,WWZ7XPO3B3
331,Toshiba,Notebook,15.6,IPS Panel Full HD 1920x1080,Intel Core i5 7200U 2.5GHz,8GB,256GB SSD,Intel HD Graphics 620,VFYFO3M1,EOAPI1VKN1
332,Asus,Notebook,14.0,Full HD 1920x1080,Intel Core i7 7500U 2.7GHz,8GB,256GB SSD +  1TB HDD,Intel HD Graphics 620,O29GPHA5,2Y67BGHU96
333,Lenovo,Notebook,15.6,Full HD 1920x1080,Intel Core i3 6006U 2GHz,4GB,1TB HDD,Intel HD Graphics 520,1JJDZACF,AG57B0LQUQ
334,Asus,Gaming,15.6,Full HD 1920x1080,Intel Core i7 7700HQ 2.8GHz,8GB,256GB SSD,Nvidia GeForce GTX 1050,CG6MJFT4,1FLBAFWRP8
335,HP,Notebook,14.0,Full HD 1920x1080,Intel Core i5 7300U 2.6GHz,8GB,256GB SSD,Intel HD Graphics 620,DWLZTBDH,2T9HCC657I
336,Dell,Ultrabook,15.6,IPS Panel Full HD 1920x1080,Intel Core i5 8250U 1.6GHz,8GB,128GB SSD +  1TB HDD,Nvidia GeForce 940MX,W1LSIRWH,OP7OX4ABOW
337,HP,Notebook,15.6,Full HD 1920x1080,Intel Core i5 7200U 2.5GHz,8GB,256GB SSD,Intel HD Graphics 620,PDJORAHR,01GP3HWNKM
338,Asus,Notebook,15.6,1366x768,Intel Celeron Dual Core N3350 1.1GHz,4GB,1TB HDD,Intel HD Graphics 500,WX9A9H3O,JDQD6OKEDK
339,Dell,Notebook,15.6,Full HD 1920x1080,Intel Core i5 8250U 1.6GHz,8GB,256GB SSD,Nvidia GeForce 940MX,14JZ00LH,EYYRWKLWVT
340,Dell,Notebook,15.6,1366x768,Intel Celeron Dual Core N3060 1.6GHz,4GB,500GB HDD,Intel HD Graphics,ZYJSR235,4IRWKWD11O
341,Lenovo,Notebook,15.6,Full HD 1920x1080,AMD A12-Series 9720P 3.6GHz,12GB,2TB HDD,AMD Radeon 530,014QMCU0,Q1DAGWBTSS
342,HP,Notebook,15.6,IPS Panel Full HD 1920x1080,Intel Core i3 7100U 2.4GHz,8GB,1TB HDD,Nvidia GeForce 930MX ,7GFBCEC8,CRNO6Q5LTU
343,Lenovo,2 in 1 Convertible,13.9,IPS Panel 4K Ultra HD / Touchscreen 3840x2160,Intel Core i7 8550U 1.8GHz,16GB,512GB SSD,Intel UHD Graphics 620,KLCGRFJD,QPSO137TFC
344,Dell,Ultrabook,13.3,Full HD 1920x1080,Intel Core i7 8550U 1.8GHz,8GB,256GB SSD,Intel UHD Graphics 620,31Q4KYLB,4QGPAO9FRF
345,Lenovo,Gaming,15.6,IPS Panel Full HD 1920x1080,Intel Core i7 7700HQ 2.8GHz,16GB,256GB SSD +  2TB HDD,Nvidia GeForce GTX 1050 Ti,015GE574,9WUYPJVUH9
346,HP,Notebook,14.0,1366x768,Intel Celeron Dual Core N3060 1.6GHz,2GB,32GB Flash Storage,Intel HD Graphics 400,RZNX9PUQ,8KUAX5RY0O
347,Dell,Ultrabook,15.6,Full HD 1920x1080,Intel Core i7 8650U 1.9GHz,16GB,512GB SSD +  256GB SSD,Intel UHD Graphics 620,9ZVVTH39,CJCCYW13ZD
348,Asus,2 in 1 Convertible,11.6,Touchscreen 1366x768,Intel Celeron Dual Core N3350 1.1GHz,4GB,32GB Flash Storage,Intel HD Graphics 500,GHGC8UXN,QLZ57H65MA
349,Dell,Ultrabook,15.6,Full HD 1920x1080,Intel Core i5 8250U 1.6GHz,8GB,1TB HDD,AMD Radeon 530,PRGLZN7T,86R22MDI0O
350,Dell,Notebook,15.6,4K Ultra HD / Touchscreen 3840x2160,Intel Core i7 7700HQ 2.8GHz,16GB,512GB SSD,Nvidia GeForce GTX 1050,H0K344SS,MZ7BD9CDXT
351,HP,Notebook,15.6,Full HD 1920x1080,Intel Core i7 7500U 2.7GHz,8GB,256GB SSD,Intel HD Graphics 620,JPPU8GJ6,SV3V50AKN5
352,MSI,Gaming,17.3,Full HD 1920x1080,Intel Core i7 7700HQ 2.8GHz,8GB,128GB SSD +  1TB HDD,Nvidia GeForce GTX 1060,VCO2XX8J,20Y2MCDM7Q
353,HP,Workstation,15.6,Full HD 1920x1080,Intel Core i7 7700HQ 2.8GHz,8GB,256GB SSD,Nvidia Quadro M1200,DN2E2L7H,X2O53UJSNQ
354,Toshiba,Notebook,15.6,IPS Panel Full HD 1920x1080,Intel Core i7 6500U 2.5GHz,16GB,512GB SSD,Nvidia GeForce 930M,E4IZR2G2,IDY8N3APL2
355,Dell,Notebook,15.6,Full HD 1920x1080,Intel Core i7 8550U 1.8GHz,8GB,128GB SSD +  2TB HDD,AMD Radeon 530,ZCAXXTIT,IQ177MZQOB
356,Lenovo,Notebook,15.6,1366x768,Intel Celeron Dual Core N3350 1.1GHz,4GB,1TB HDD,Intel HD Graphics 500,D9RMMLG4,B36E2PUQ56
357,Dell,Gaming,15.6,Full HD 1920x1080,Intel Core i5 7300HQ 2.5GHz,8GB,1TB HDD,Nvidia GeForce GTX 1050,A6O987RJ,6TX3D5MOKY
358,Dell,Notebook,15.6,Touchscreen 1366x768,Intel Core i5 7200U 2.5GHz,8GB,2TB HDD,Intel HD Graphics 620,LYOBF96K,Z755SQ7IK3
359,Dell,Notebook,14.0,Full HD 1920x1080,Intel Core i5 7300U 2.6GHz,8GB,256GB SSD,Intel HD Graphics 620,GB89WJIC,SZDUCR9COV
360,HP,Notebook,15.6,1366x768,Intel Core i3 6006U 2GHz,4GB,500GB HDD,Intel HD Graphics 520,XZZNJLF5,823BDQG66O
361,Asus,Notebook,14.0,Full HD 1920x1080,Intel Core i5 7200U 2.5GHz,8GB,256GB SSD,Intel HD Graphics 620,D1JVJX6Y,0SE5NU2HQ2
362,Lenovo,Notebook,17.3,1600x900,Intel Core i5 7200U 2.5GHz,6GB,128GB SSD +  1TB HDD,Nvidia GeForce GTX 940MX,1CAKFNDJ,PON79NOIBP
363,HP,Notebook,15.6,Full HD 1920x1080,Intel Core i5 7200U 2.5GHz,8GB,1TB HDD,Intel HD Graphics 620,13K2D3W5,5G1UBEQRRI
364,Lenovo,Notebook,15.6,1366x768,Intel Core i3 6006U 2GHz,8GB,256GB SSD,Nvidia GeForce 920MX ,X6BGK88T,7QJDSZN1M8
365,HP,Notebook,15.6,1366x768,Intel Pentium Quad Core N3710 1.6GHz,8GB,2TB HDD,Intel HD Graphics 405,JHM3CGY0,TY6AHKI66Z
366,Dell,Notebook,17.3,Full HD 1920x1080,Intel Core i5 8250U 1.6GHz,8GB,128GB SSD +  1TB HDD,AMD Radeon 530,AYYFS9PO,OH1AI5DGID
367,Lenovo,Gaming,15.6,IPS Panel Full HD 1920x1080,Intel Core i5 7300HQ 2.5GHz,8GB,128GB SSD +  1TB HDD,Nvidia GeForce GTX 1050,5THUGAYC,L9UDR1W6WU
368,Dell,Notebook,15.6,Full HD 1920x1080,Intel Core i7 7500U 2.7GHz,8GB,256GB SSD,AMD Radeon R7 M445,HKAZ0XLC,A9MFK7FVH3
369,HP,Ultrabook,14.0,IPS Panel Full HD 1920x1080,Intel Core i7 7500U 2.7GHz,8GB,256GB SSD,Intel HD Graphics 620,UDXTP45D,YHKSI6YWQK
370,Asus,2 in 1 Convertible,15.6,Full HD / Touchscreen 1920x1080,Intel Core i7 7500U 2.7GHz,12GB,512GB SSD +  2TB HDD,Nvidia GeForce GT 940MX,UFHU87SI,IL67JP7I0I
371,Acer,Notebook,15.6,1366x768,AMD A9-Series 9420 3GHz,4GB,128GB SSD,AMD Radeon R5,SRFZG93D,W8OTAJQOGP
372,Asus,Gaming,17.3,IPS Panel Full HD 1920x1080,AMD Ryzen 1700 3GHz,16GB,256GB SSD +  1TB HDD,AMD Radeon RX 580,WYB0N36M,6C2SCSJ3OQ
373,Lenovo,Notebook,17.3,1600x900,AMD A8-Series 7410 2.2GHz,4GB,128GB SSD,AMD Radeon R5,2FA2NM0W,7A1GPYGV3B
374,Dell,2 in 1 Convertible,13.3,Full HD / Touchscreen 1920x1080,Intel Core i7 8550U 1.8GHz,8GB,256GB SSD,Intel UHD Graphics 620,EVKKN603,0TS59HS0WI
375,HP,Notebook,15.6,Full HD 1920x1080,AMD A9-Series 9420 3GHz,4GB,256GB SSD,AMD Radeon R5,8PUWQC0V,1FZSG8EG1J
376,Lenovo,Netbook,11.6,IPS Panel 1366x768,Intel Celeron Quad Core N3450 1.1GHz,4GB,128GB SSD,Intel HD Graphics 500,NHN0R7BW,YKSKE0WIKJ
377,Dell,Notebook,15.6,1366x768,Intel Celeron Dual Core N3060 1.60GHz,4GB,500GB HDD,Intel HD Graphics 400,A51HVQIM,WAV2IWEW9Q
378,Asus,Notebook,14.0,1366x768,Intel Celeron Dual Core N3350 1.1GHz,4GB,32GB Flash Storage,Intel HD Graphics 500,M9GQMF4A,J2NYLKRIQB
379,Acer,Notebook,15.6,Full HD 1920x1080,Intel Core i7 7700HQ 2.8GHz,8GB,1TB HDD,Nvidia GeForce GTX 1050,TC9QAX14,GFB5L9Y9OW
380,HP,Gaming,17.3,IPS Panel Full HD 1920x1080,Intel Core i7 7700HQ 2.8GHz,8GB,128GB SSD +  1TB HDD,Nvidia GeForce GTX 1050,BL6RXUNK,OQA9I65W1H
381,Lenovo,Notebook,15.6,Full HD 1920x1080,Intel Core i3 6006U 2GHz,4GB,128GB SSD,Intel HD Graphics 520,FLF1AWQX,4P6HNQCCRW
382,Asus,Gaming,15.6,IPS Panel Full HD 1920x1080,Intel Core i7 7700HQ 2.8GHz,8GB,128GB SSD +  1TB HDD,Nvidia GeForce GTX 1060,PYDLV3S8,5456ZOKR36
383,Lenovo,Notebook,14.0,IPS Panel Full HD 1920x1080,Intel Core i5 7200U 2.5GHz,8GB,256GB SSD,Nvidia GeForce 940MX,V9PJX6C2,BD4PCF1DTJ
384,Asus,Ultrabook,13.3,Full HD / Touchscreen 1920x1080,Intel Core i7 7500U 2.7GHz,16GB,512GB SSD,Intel HD Graphics 620,A8QF8KD6,QNSKUQRQGX
385,Lenovo,Ultrabook,14.0,IPS Panel 2560x1440,Intel Core i7 7500U 2.7GHz,8GB,512GB SSD,Intel HD Graphics 620,SCLIPG80,0QWND4DVQG
386,Lenovo,Notebook,13.3,IPS Panel Full HD 1920x1080,Intel Core i3 7100U 2.4GHz,4GB,128GB SSD,Intel HD Graphics 620,KCO37WU1,TDN2CXL7E0
387,Dell,Workstation,15.6,Full HD 1920x1080,Intel Core i5 6440HQ 2.6GHz,8GB,500GB HDD,AMD FirePro W5130M,GD1L1H4C,FH6Y7TRR7Q
388,Dell,Workstation,15.6,IPS Panel Full HD 1920x1080,Intel Core i7 6820HQ 2.7GHz,8GB,256GB SSD,Nvidia Quadro M1200,6H5VR4LY,32ZLWTUAI4
389,Lenovo,2 in 1 Convertible,14.0,Touchscreen 2560x1440,Intel Core i7 7500U 2.7GHz,16GB,512GB SSD,Intel HD Graphics 620,H5PPAA33,T0TDV256E0
390,Asus,Gaming,17.3,Full HD 1920x1080,Intel Core i7 7700HQ 2.8GHz,8GB,1TB HDD,Nvidia GeForce GTX 1050,AS308ZGI,SU9SC8HHBX
391,Asus,Gaming,17.3,Full HD 1920x1080,Intel Core i7 7700HQ 2.8GHz,16GB,256GB SSD +  1TB HDD,Nvidia GeForce GTX 1050 Ti,07KLJU95,MPW5DWX8J4
392,Acer,Notebook,15.6,IPS Panel 1366x768,Intel Core i5 8250U 1.6GHz,12GB,1TB HDD,Nvidia GeForce MX130,4YOV98MO,V3AL6OPEEZ
393,MSI,Gaming,17.3,Full HD 1920x1080,Intel Core i7 7700HQ 2.8GHz,8GB,256GB SSD,Nvidia GeForce GTX 1050 Ti,GTCGYZSD,RUZGGR6EDA
394,Dell,Notebook,15.6,Full HD 1920x1080,Intel Core i7 7500U 2.7GHz,8GB,256GB SSD,AMD Radeon R7 M445,I9QCAYZA,VFCLS3WYZ5
395,HP,Ultrabook,15.6,Full HD 1920x1080,AMD A9-Series 9420 3GHz,4GB,256GB SSD,AMD Radeon 520,F2AUM7H3,0U62E74ALF
396,Lenovo,Notebook,15.6,IPS Panel Full HD 1920x1080,Intel Core i7 8550U 1.8GHz,8GB,256GB SSD,AMD Radeon RX 550,L1XH27UH,68PBLGJG3Y
397,Lenovo,Notebook,14.0,IPS Panel Full HD 1920x1080,Intel Core i5 7200U 2.5GHz,8GB,256GB SSD,Intel HD Graphics 620,C144ZTDT,DQLF37T4ZQ
398,Dell,Workstation,15.6,4K Ultra HD / Touchscreen 3840x2160,Intel Core i7 7700HQ 2.8GHz,8GB,256GB SSD,Nvidia Quadro M1200,5I87CO07,26FP9OCI71
399,Lenovo,Ultrabook,14.0,IPS Panel 2560x1440,Intel Core i7 7500U 2.7GHz,16GB,1TB SSD,Intel HD Graphics 620,YWZ7AQ0Z,PJ4NW8UHPG
400,Lenovo,Notebook,15.6,1366x768,Intel Celeron Dual Core N3350 1.1GHz,4GB,1TB HDD,Intel HD Graphics 500,SMXPJ72D,JN51IDUJ60
401,Asus,Gaming,17.3,Full HD 1920x1080,Intel Core i7 7700HQ 2.8GHz,16GB,256GB SSD +  1TB HDD,Nvidia GeForce GTX 1050,7G9M4XPI,NWJED71V4X
402,Lenovo,Notebook,15.6,IPS Panel Full HD 1920x1080,Intel Core i5 8250U 1.6GHz,8GB,256GB SSD +  1TB HDD,AMD Radeon RX 550,4G28SE3R,DZ1PIZAOFO
403,Acer,Notebook,15.6,Full HD 1920x1080,Intel Core i7 7700HQ 2.8GHz,8GB,256GB SSD,Nvidia GeForce GTX 1050,FOH6LX94,VWLYMK5KZW
404,MSI,Gaming,17.3,Full HD 1920x1080,Intel Core i7 7700HQ 2.8GHz,16GB,256GB SSD +  1TB HDD,Nvidia GeForce GTX 1070,3GY72A6E,CQRP9NSQ5N
405,Asus,Ultrabook,14.0,Full HD 1920x1080,Intel Core i7 7500U 2.7GHz,8GB,512GB SSD,Intel HD Graphics 620,WMX57TB3,DJG2RR619E
406,Toshiba,Ultrabook,13.3,Full HD 1920x1080,Intel Core i7 6500U 2.5GHz,16GB,512GB SSD,Intel HD Graphics 520,6SB2Y8WT,F52DCZO0R1
407,Dell,Ultrabook,14.0,Full HD 1920x1080,Intel Core i7 7600U 2.8GHz,8GB,512GB SSD,Intel HD Graphics,8JRURS54,ETHNLW12YK
408,Lenovo,Notebook,15.6,Full HD 1920x1080,Intel Core i3 6006U 2GHz,4GB,500GB HDD,Intel HD Graphics 520,23LVTRNR,ZQI3PAKV94
409,Lenovo,Notebook,11.6,1366x768,Intel Celeron Dual Core N3350 1.1GHz,2GB,32GB Flash Storage,Intel HD Graphics 500,5LRZKVNV,OXBFUT1ESH
410,Lenovo,Workstation,15.6,Full HD 1920x1080,Intel Core i7 7700HQ 2.8GHz,8GB,512GB SSD,Nvidia Quadro M1200,BLK1TY33,QXJJFZB196
411,Lenovo,Ultrabook,14.0,IPS Panel Full HD 2560x1440,Intel Core i7 7700HQ 2.8GHz,8GB,512GB SSD,Nvidia GeForce GT 940MX,PU4U7XVN,7YM3LO98UF
412,HP,Notebook,15.6,Full HD 1920x1080,Intel Core i3 6006U 2GHz,4GB,1TB HDD,AMD Radeon 520,HG641VYC,UM3F8NTMFV
413,Acer,2 in 1 Convertible,13.3,IPS Panel Full HD / Touchscreen 1920x1080,Intel Core i7 6500U 2.5GHz,8GB,256GB SSD,Intel HD Graphics 520,FGGZS6YU,AVBH1N7Z07
414,Asus,2 in 1 Convertible,13.3,IPS Panel Full HD / Touchscreen 1920x1080,Intel Core i5 7200U 2.5GHz,8GB,256GB SSD,Intel HD Graphics 620,P7WX08CU,QVAO5KZ9F6
415,Dell,Notebook,15.6,Full HD 1920x1080,Intel Core i5 7200U 2.5GHz,4GB,256GB SSD,AMD Radeon R5 M430,AF45UE14,IX9I3BI1QW
416,Dell,Notebook,13.3,1366x768,Intel Core i3 6006U 2GHz,4GB,128GB SSD,Intel HD Graphics 520,FBBS7AIK,S3XI234XWC
417,HP,Ultrabook,14.0,Full HD 1920x1080,Intel Core i7 6500U 2.5GHz,8GB,256GB SSD,Intel HD Graphics 520,J20CBUQH,MQ9O55LGRW
418,Dell,Notebook,15.6,1366x768,Intel Core i5 7200U 2.5GHz,8GB,1TB HDD,Intel HD Graphics 620,0BX9PKRG,044NDGBEYL
419,Lenovo,Ultrabook,14.0,IPS Panel Full HD 1920x1080,Intel Core i7 8550U 1.8GHz,8GB,256GB SSD,AMD Radeon RX 550,CEP2HZRR,O1Y2LW5FMR
420,Lenovo,2 in 1 Convertible,15.6,IPS Panel 4K Ultra HD / Touchscreen 3840x2160,Intel Core i7 7700HQ 2.8GHz,16GB,512GB SSD,Nvidia GeForce GTX 1050,7ISDB0TS,7U8TGVWO2D
421,Chuwi,Notebook,12.3,IPS Panel Retina Display 2736x1824,Intel Celeron Quad Core N3450 1.1GHz,6GB,64GB Flash Storage,Intel HD Graphics 500,QJCV166K,CCQQVFAQBM
422,HP,Notebook,15.6,Full HD 1920x1080,Intel Core i7 7820HQ 2.9GHz,8GB,256GB SSD,Intel HD Graphics 630,6S6WGZOV,54DLK3TZ8Z
423,Asus,Notebook,15.6,Full HD 1920x1080,Intel Core i3 7100U 2.4GHz,8GB,1TB HDD,Nvidia GeForce 940MX,S6YGGB9I,51MJHOY4OT
424,Dell,Gaming,17.3,IPS Panel 2560x1440,Intel Core i7 7820HK 2.9GHz,16GB,256GB SSD +  1TB HDD,Nvidia GeForce GTX 1070,F9QQK9PE,98ZBN9PPVI
425,Dell,Gaming,15.6,IPS Panel Full HD 1920x1080,Intel Core i7 7700HQ 2.8GHz,8GB,128GB SSD +  1TB HDD,Nvidia GeForce GTX 1050 Ti,F6X5CY42,G3LUFOCM1O
426,Dell,Notebook,15.6,Full HD 1920x1080,Intel Core i7 8550U 1.8GHz,8GB,256GB SSD +  2TB HDD,AMD Radeon 530,BF1R0ILR,GKJM3TR5EN
427,Dell,Ultrabook,14.0,Full HD 1920x1080,Intel Core i7 7600U 2.8GHz,8GB,256GB SSD,Intel HD Graphics 620,LPXU81L9,83LCNMQBLZ
428,HP,Gaming,17.3,Full HD 1920x1080,Intel Core i7 7700HQ 2.8GHz,12GB,256GB SSD +  1TB HDD,Nvidia GeForce GTX 1070,VT1VYE5U,N2TKY5RKM2
429,Mediacom,2 in 1 Convertible,11.6,IPS Panel Full HD / Touchscreen 1920x1080,Intel Celeron Dual Core N3350 1.1GHz,4GB,32GB SSD,Intel HD Graphics 500,C9B8JAQ1,WNW0AZ83HI
430,Samsung,Netbook,11.6,1366x768,Intel Celeron Dual Core N3060 1.6GHz,4GB,16GB Flash Storage,Intel HD Graphics 400,S77OHHKM,2QCRFYDR04
431,Lenovo,Notebook,13.3,IPS Panel Full HD 1920x1080,Intel Core i7 7500U 2.7GHz,8GB,256GB SSD,Intel HD Graphics 620,FZB3U4N6,V8POS6POUA
432,Lenovo,Notebook,14.0,IPS Panel Full HD 1920x1080,Intel Core i3 7130U 2.7GHz,4GB,128GB SSD,Intel HD Graphics 620,YTXEDLMQ,1WIVFS19SI
433,Lenovo,Workstation,15.6,IPS Panel 4K Ultra HD 3840x2160,Intel Core i7 7600U 2.8GHz,16GB,512GB SSD,Nvidia GeForce 940MX,BP96X5DA,ZP3PZRVNXY
434,Lenovo,Notebook,15.6,Full HD 1920x1080,Intel Core i7 7820HQ 2.9GHz,16GB,512GB SSD,Nvidia Quadro M2200M,HYE2A9B8,KN9PCZGZ5S
435,Asus,Gaming,17.3,Full HD 1920x1080,AMD Ryzen 1600 3.2GHz,8GB,256GB SSD +  1TB HDD,AMD Radeon RX 580,CD0LAV1E,LBSZJJUMW9
436,HP,Notebook,15.6,1366x768,Intel Celeron Dual Core N3060 1.6GHz,4GB,500GB HDD,Intel HD Graphics 400,3SX580K5,3FYUKFJVZ8
437,Google,Ultrabook,12.3,Touchscreen 2400x1600,Intel Core i7 7Y75 1.3GHz,16GB,512GB SSD,Intel HD Graphics 615,MWZ571WO,1T7UBK3UHG
438,Lenovo,Ultrabook,14.0,2560x1440,Intel Core i7 7500U 2.7GHz,24GB,512GB SSD,Intel HD Graphics 620,JQ9HIOI0,0O1WONY4OF
439,Asus,Notebook,15.6,Full HD 1920x1080,Intel Core i5 7200U 2.5GHz,4GB,256GB SSD,Intel HD Graphics 620,A3SPIPZA,RD6GQ0P5IE
440,Lenovo,Notebook,17.3,1600x900,AMD A6-Series 9220 2.5GHz,8GB,1TB HDD,AMD Radeon R4,63YJU313,54MO62UHGB
441,Dell,Notebook,15.6,Full HD 1920x1080,Intel Core i5 8250U 1.6GHz,4GB,256GB SSD,AMD Radeon 530,WYNQNDL7,AECUU0K4ZY
442,Lenovo,Ultrabook,12.5,IPS Panel Full HD 1920x1080,Intel Core i5 7200U 2.5GHz,8GB,256GB SSD,Intel HD Graphics 620,YFCPSP9E,VOWMPRP0Z9
443,Lenovo,Notebook,15.6,Full HD 1920x1080,Intel Pentium Quad Core N4200 1.1GHz,4GB,128GB SSD,Intel HD Graphics 505,UEG4FCRO,AJ47F07EOW
444,HP,Gaming,15.6,IPS Panel Full HD 1920x1080,Intel Core i7 7700HQ 2.8GHz,8GB,128GB SSD +  1TB HDD,Nvidia GeForce GTX 1050,ODIXBZAC,34N0GX791N
445,Dell,Notebook,14.0,Full HD 1920x1080,Intel Core i5 7440HQ 2.8GHz,8GB,256GB SSD,Nvidia GeForce 930MX,1Q211KLW,N18XFYXHOF
446,Acer,Notebook,15.6,1366x768,Intel Core i5 7200U 2.5GHz,4GB,500GB HDD,Intel HD Graphics 620,EL2ZJFF7,IUVMSC0UZV
447,Dell,Workstation,15.6,Full HD 1920x1080,Intel Xeon E3-1505M V6 3GHz,8GB,64GB Flash Storage +  1TB HDD,Nvidia Quadro M620,1OLEM8IY,PCP7YUX1OL
448,MSI,Gaming,15.6,Full HD 1920x1080,Intel Core i5 7300HQ 2.5GHz,8GB,256GB SSD,Nvidia GeForce GTX 1050,YY5RRONQ,GJ09L46TOY
449,Microsoft,Ultrabook,13.5,Touchscreen 2256x1504,Intel Core i7 7660U 2.5GHz,16GB,512GB SSD,Intel Iris Plus Graphics 640,DS1ZXKU2,S66AZ3VKPX
450,HP,Notebook,15.6,1366x768,Intel Core i5 7200U 2.5GHz,8GB,128GB SSD,Intel HD Graphics 620,H3UZ810K,X5JOI7GLL7
451,Dell,Workstation,15.6,IPS Panel Full HD 1920x1080,Intel Core i7 6820HQ 2.7GHz,16GB,256GB SSD,Nvidia Quadro M620,B7TX5X7I,OM1AS6AFD1
452,HP,Workstation,15.6,IPS Panel Full HD 1920x1080,Intel Core i7 7820HQ 2.9GHz,8GB,512GB SSD,Intel HD Graphics 620,PJD0PL3K,BG0VV1IXK1
453,Lenovo,Notebook,14.0,Full HD 1920x1080,Intel Core i5 7200U 2.5GHz,8GB,256GB SSD,Intel HD Graphics 620,T6GVZE38,B7425WG50B
454,Dell,Notebook,15.6,Full HD 1920x1080,Intel Core i7 8550U 1.8GHz,8GB,128GB SSD +  1TB HDD,AMD Radeon 530,OLE5B8Z4,84A4NAAJD5
455,Dell,2 in 1 Convertible,11.6,Touchscreen 1366x768,Intel Pentium Quad Core N3710 1.6GHz,4GB,500GB HDD,Intel HD Graphics 405,OTX385LK,8BFO3ICROC
456,Dell,Notebook,17.3,IPS Panel Full HD 1920x1080,Intel Core i7 7700HQ 2.7GHz,8GB,1TB HDD,Nvidia GeForce GTX 1060,J0B4KY39,KGNJJCW7HF
457,Microsoft,Ultrabook,13.5,Touchscreen 2256x1504,Intel Core M m3-7Y30 2.2GHz,4GB,128GB SSD,Intel HD Graphics 615,070QWONG,UCPCMFFI66
458,Microsoft,Ultrabook,13.5,Touchscreen 2256x1504,Intel Core i7 7660U 2.5GHz,8GB,256GB SSD,Intel Iris Plus Graphics 640,A5PWKA2R,P2G8FIKSHC
459,HP,Notebook,17.3,1600x900,Intel Core i3 6006U 2GHz,8GB,256GB SSD,Intel HD Graphics 520,HDBXBG6H,3OLKPKL5ZZ
460,Acer,Notebook,15.6,Full HD 1920x1080,Intel Core i3 6006U 2GHz,4GB,1TB HDD,Nvidia GeForce 940MX,75RFQ8WP,EGWO7A9EEI
461,Acer,Netbook,11.6,1366x768,Intel Celeron Dual Core N3060 1.6GHz,4GB,128GB SSD,Intel HD Graphics 400,LZXRH3I7,C25DCSC309
462,Asus,Notebook,15.6,Full HD 1920x1080,Intel Core i5 7200U 2.5GHz,8GB,1TB HDD,Intel HD Graphics 620,SYHYLUKK,96JKLEVPX2
463,Lenovo,Notebook,14.0,IPS Panel Full HD 1920x1080,Intel Core i7 7500U 2.7GHz,8GB,512GB SSD,AMD Radeon R7 M460,G3U0KV3H,M8PXY2TE2Z
464,Lenovo,Notebook,15.6,Full HD 1920x1080,Intel Core i7 7820HQ 2.9GHz,8GB,256GB SSD,Nvidia Quadro M2200M,EHMCSKKD,TLPF0R5G5O
465,Asus,Notebook,15.6,1366x768,Intel Pentium Quad Core N4200 1.1GHz,4GB,500GB HDD,Intel HD Graphics 500,Z5E8OXFW,KLNXJ93ZZO
466,Acer,Notebook,15.6,1366x768,Intel Core i3 6006U 2GHz,4GB,500GB HDD,Nvidia GeForce GTX 940MX,DKYSO746,4VCVVB1HCO
467,Dell,Notebook,15.6,Full HD 1920x1080,Intel Core i5 8250U 1.6GHz,8GB,2TB HDD,AMD Radeon 530,BMT14R7Y,LHWLLZ2FEI
468,HP,Gaming,17.3,IPS Panel Full HD 1920x1080,Intel Core i7 7700HQ 2.8GHz,12GB,1TB HDD,Nvidia GeForce GTX 1060,BQJ1OMX2,AJ1A6PWBZB
469,Lenovo,Ultrabook,14.0,IPS Panel Quad HD+ 2560x1440,Intel Core i7 6600U 2.6GHz,12GB,256GB SSD,Intel HD Graphics 520,SO3NUC7Q,N13XTOAQTO
470,HP,2 in 1 Convertible,13.3,IPS Panel 4K Ultra HD / Touchscreen 3840x2160,Intel Core i7 8550U 1.8GHz,8GB,512GB SSD,Intel UHD Graphics 620,WDHBVLNE,O0XKAZOMZG
471,HP,Notebook,15.6,Full HD 1920x1080,Intel Core i5 7200U 2.5GHz,8GB,500GB HDD,AMD FirePro W4190M ,0TT3CNI0,ESJ9ZQYSS3
472,Google,Ultrabook,12.3,Touchscreen 2400x1600,Intel Core i5 7Y57 1.2GHz,8GB,128GB SSD,Intel HD Graphics 615,2ZLVFYCG,H879HKNH8D
473,Dell,Ultrabook,13.3,Full HD / Touchscreen 1920x1080,Intel Core i5 8250U 1.6GHz,8GB,256GB SSD,Intel UHD Graphics 620,SF7RHH8I,CV3FRA6LJ5
474,Asus,Notebook,15.6,IPS Panel 4K Ultra HD 3840x2160,Intel Core i7 6700HQ 2.6GHz,12GB,128GB SSD +  1TB HDD,Intel HD Graphics 530,A6UKD6W6,HS0XPFKVN4
475,Dell,Notebook,14.0,1366x768,Intel Core i3 6100U 2.3GHz,8GB,128GB SSD,Intel HD Graphics 520,YKLI83H7,K6IVLWDA6H
476,Dell,Workstation,15.6,Full HD 1920x1080,Intel Core i7 7700HQ 2.8GHz,8GB,256GB SSD,Nvidia Quadro M1200,NQ7P98CY,9UTTIJQSGW
477,Lenovo,Notebook,14.0,Full HD 1920x1080,Intel Core i5 7200U 2.5GHz,8GB,180GB SSD,Intel HD Graphics 620,WD8T9BVH,YPZAMKX8JT
478,Dell,Notebook,15.6,Full HD 1920x1080,Intel Core i5 8250U 1.6GHz,8GB,1TB HDD,AMD Radeon 520,LAUP5IU5,PYQKG3CNYP
479,Toshiba,Notebook,13.3,IPS Panel Full HD 1920x1080,Intel Core i5 7200U 2.5GHz,8GB,256GB SSD,Intel HD Graphics 620,R7LMJT8X,3PCTO9UARY
480,Dell,Notebook,15.6,IPS Panel Full HD 1920x1080,Intel Core i7 8550U 1.8GHz,8GB,512GB SSD,Nvidia GeForce 940MX,NG9VPY0Q,U0JAUQC5V0
481,Dell,Notebook,15.6,1366x768,Intel Core i3 7100U 2.4GHz,4GB,1TB HDD,Intel HD Graphics 620,CLMJL1AD,4OGF4NZ9XV
482,HP,Notebook,13.3,IPS Panel Full HD 1920x1080,Intel Core i5 8250U 1.6GHz,4GB,128GB SSD,Intel UHD Graphics 620,5K9QQJSP,L2IDYN8M88
483,Chuwi,Notebook,15.6,Full HD 1920x1080,Intel Atom x5-Z8350 1.44GHz,4GB,64GB Flash Storage,Intel HD Graphics,YYGBUEQC,N169NKF41J
484,Lenovo,Notebook,15.6,1366x768,Intel Core i3 6006U 2.0GHz,4GB,128GB SSD,Intel HD Graphics 520,DEZGS1ZW,FB4EM1PZBE
485,Lenovo,Notebook,14.0,IPS Panel Full HD 1920x1080,Intel Core i5 8250U 1.6GHz,8GB,256GB SSD,Intel UHD Graphics 620,210LITD3,A4UMFYFE74
486,Dell,Workstation,15.6,IPS Panel Full HD 1920x1080,Intel Core i7 6820HQ 2.7GHz,16GB,512GB SSD,Nvidia Quadro M620,8GY8AMN8,19W1LV3J6B
487,Dell,Notebook,15.6,Full HD 1920x1080,Intel Core i7 7700HQ 2.8GHz,16GB,512GB SSD,Nvidia GeForce GTX 1050,8QG6VMOS,NEL0A549X7
488,Lenovo,Ultrabook,12.5,IPS Panel Full HD 1920x1080,Intel Core i7 7500U 2.7GHz,16GB,512GB SSD,Intel HD Graphics 620,NX31IJGG,U86IXNKEF2
489,Asus,Ultrabook,12.5,Full HD 1920x1080,Intel Core i7 7500U 2.7GHz,16GB,512GB SSD,Intel HD Graphics 620,DWE71TTY,TTBCZRYDCI
490,Lenovo,Notebook,15.6,IPS Panel Full HD 1920x1080,Intel Core i5 7200U 2.5GHz,8GB,256GB SSD,Nvidia GeForce 940MX,QD7S9JTK,MLAL0XW5IG
491,Toshiba,Ultrabook,13.3,Full HD / Touchscreen 1920x1080,Intel Core i7 7500U 2.7GHz,32GB,512GB SSD,Intel HD Graphics 620,UXBLT40O,IH504H52HT
492,Asus,Gaming,15.6,Full HD 1920x1080,Intel Core i7 7700HQ 2.8GHz,8GB,128GB SSD +  1TB HDD,Nvidia GeForce GTX 1050,LXO7Z4ZV,1KBCS5LMSX
493,Acer,Notebook,15.6,1366x768,AMD A10-Series 9620P 2.5GHz,8GB,1TB HDD,AMD Radeon RX 540,GGPCQ9SX,D3OUM0APSX
494,Asus,Gaming,17.3,IPS Panel Full HD / Touchscreen 1920x1080,Intel Core i7 6700HQ 2.6GHz,24GB,256GB SSD +  1TB HDD,Nvidia GeForce GTX 965M,YSBJZ4JS,WKGCDURCOE
495,Lenovo,Ultrabook,12.5,IPS Panel 1366x768,Intel Core i5 6200U 2.3GHz,8GB,180GB SSD,Intel HD Graphics 520,D377PT9F,3L7X101IWE
496,Lenovo,Notebook,15.6,Full HD 1920x1080,Intel Core i7 8550U 1.8GHz,8GB,256GB SSD,Intel UHD Graphics 620,YNQXXDQL,9U6E1RYK9L
497,HP,Notebook,14.0,Full HD 1920x1080,Intel Core i7 7600U 2.8GHz,8GB,1TB SSD,Intel HD Graphics 620,NXG2R4IN,CYSXXQOK2F
498,Lenovo,Notebook,13.3,IPS Panel Full HD 1920x1080,Intel Core i3 7100U 2.4GHz,8GB,256GB SSD,Intel HD Graphics 620,8YGVIYAV,VLMOP183VX
499,Lenovo,Notebook,15.6,IPS Panel Full HD 1920x1080,Intel Core i5 7200U 2.5GHz,8GB,256GB SSD,Intel HD Graphics 620,Q0Z8B50V,1OITVN3H8M
500,Asus,Netbook,11.6,1366x768,Intel Celeron Dual Core N3350 1.1GHz,4GB,64GB Flash Storage,Intel HD Graphics 500,BLJODVX3,OQYK2747EF
501,HP,Notebook,15.6,1366x768,Intel Core i5 7200U 2.5GHz,8GB,256GB SSD,AMD Radeon 520,QXDPMC6V,ZJX10RTQHJ
502,Lenovo,2 in 1 Convertible,13.9,IPS Panel Full HD / Touchscreen 1920x1080,Intel Core i5 8250U 1.6GHz,8GB,256GB SSD,Intel UHD Graphics 620,XJW05WMW,LABY23GKCD
503,Lenovo,Notebook,14.0,1366x768,Intel Celeron Dual Core N3350 1.1GHz,4GB,500GB HDD,Intel HD Graphics 500,U4T9ER5F,UR68S1K545
504,Lenovo,Netbook,11.6,1366x768,Intel Celeron Dual Core N3060 1.6GHz,4GB,16GB SSD,Intel HD Graphics 400,GFYPN7PQ,QCIG3AJC7E
505,Lenovo,Notebook,13.3,Full HD 1920x1080,Intel Core i5 7200U 2.5GHz,8GB,256GB SSD,Intel HD Graphics 620,MKEHV1MB,PIC2UY8YNW
506,Asus,Notebook,15.6,Full HD 1920x1080,Intel Core i7 7500U 2.7GHz,8GB,256GB SSD +  1TB HDD,Intel HD Graphics 620,JNEJR279,4BP0MVSS9W
507,Acer,Notebook,15.6,IPS Panel Full HD 1920x1080,Intel Core i5 8250U 1.6GHz,4GB,1TB HDD,Nvidia GeForce MX150,HDP51EQS,NL7SEWJ8G4
508,HP,Ultrabook,13.3,IPS Panel Full HD 1920x1080,Intel Core i7 7500U 2.7GHz,8GB,512GB SSD,Intel HD Graphics 620,SHNLE0IG,MB63KGIURQ
509,Lenovo,Gaming,15.6,IPS Panel Full HD 1920x1080,Intel Core i7 7700HQ 2.8GHz,8GB,256GB SSD +  1TB HDD,Nvidia GeForce GTX 1060,F456EQYQ,FL54QQ8G4M
510,Dell,Ultrabook,13.3,IPS Panel Full HD / Touchscreen 1920x1080,Intel Core i5 7200U 2.5GHz,8GB,128GB SSD,Intel HD Graphics 620,FR5HHH0S,21ZL43XB8O
511,Acer,Notebook,15.6,Full HD 1920x1080,Intel Core i7 7500U 2.7GHz,4GB,500GB HDD,Nvidia GeForce 940MX,X9UXD3Z5,QPAZR5P445
512,Dell,Notebook,15.6,Full HD 1920x1080,Intel Core i5 7200U 2.5GHz,8GB,1TB HDD,Intel HD Graphics 620,YWF0VOGP,KH8F6NX71N
513,Dell,Notebook,15.6,Full HD 1920x1080,Intel Core i7 8550U 1.8GHz,16GB,256GB SSD +  2TB HDD,AMD Radeon 530,VVJ1E4B8,2TVEL5VBS0
514,Xiaomi,Notebook,15.6,IPS Panel Full HD 1920x1080,Intel Core i7 8550U 1.8GHz,16GB,256GB SSD,Nvidia GeForce MX150,CQP0T633,HVNNNUTFTQ
515,Asus,Netbook,11.6,1366x768,Intel Celeron Dual Core N3350 1.1GHz,2GB,32GB Flash Storage,Intel HD Graphics 500,UYAI44AO,XRA5ESEP58
516,HP,Notebook,15.6,Touchscreen 1366x768,Intel Core i5 8250U 1.6GHz,4GB,1TB HDD,Intel UHD Graphics 620,XTP86CHT,HNA1ORZD7W
517,Asus,Gaming,15.6,Full HD 1920x1080,Intel Core i7 7700HQ 2.8GHz,24GB,512GB SSD,Nvidia GeForce GTX1080,9YWM49YU,QL6HRET49D
518,HP,Notebook,15.6,Full HD 1920x1080,Intel Core i5 7200U 2.5GHz,8GB,256GB SSD,Nvidia GeForce 930MX,AE3489UM,UXH8PHI6U3
519,Asus,Gaming,17.3,Full HD 1920x1080,Intel Core i7 7700HQ 2.8GHz,16GB,256GB SSD +  1TB HDD,Nvidia GeForce GTX1050 Ti,G8PMUNM4,WFSRX8M86P
520,Lenovo,Gaming,15.6,IPS Panel Full HD 1920x1080,Intel Core i7 7700HQ 2.8GHz,8GB,256GB SSD +  1TB HDD,Nvidia GeForce GTX 1060,X5BKCZM2,R4XBMZX79E
521,HP,Ultrabook,13.3,IPS Panel Full HD 1920x1080,Intel Core i7 7500U 2.7GHz,8GB,256GB SSD,Intel HD Graphics 620,D336WSW4,7IJS5FQMZR
522,Dell,Notebook,14.0,Full HD 1920x1080,Intel Core i5 7300U 2.6GHz,8GB,256GB SSD,Intel HD Graphics 620,1W52A1RM,U0JM8K4WN5
523,HP,Notebook,15.6,1366x768,Intel Core i3 6006U 2GHz,4GB,128GB SSD,Intel HD Graphics 520,89P7URZS,Y5YU33F8EZ
524,Dell,Notebook,17.3,IPS Panel Full HD 1920x1080,Intel Core i5 8250U 1.6GHz,8GB,128GB SSD +  1TB HDD,AMD Radeon 530,EUFD7Y9Y,63HWJVS0KB
525,Lenovo,Notebook,14.0,Full HD 1920x1080,Intel Core i5 6200U 2.3GHz,8GB,256GB SSD,Intel HD Graphics 520,HPKHGWCI,2QG9E3V3L1
526,Lenovo,Notebook,15.6,Full HD 1920x1080,Intel Core i7 7500U 2.7GHz,4GB,1TB HDD,Nvidia GeForce 920MX,U7HJI73J,SK8MX5OTQN
527,Lenovo,Notebook,15.6,1366x768,Intel Core i3 6006U 2GHz,8GB,2TB HDD,Nvidia GeForce 920MX ,N7UWMW0L,1NM15WS91R
528,Dell,Notebook,15.6,Full HD 1920x1080,Intel Core i5 7200U 2.5GHz,4GB,500GB HDD,AMD Radeon R5 M430,49E4BTN8,48DLNZJHJL
529,Dell,Notebook,15.6,Full HD 1920x1080,Intel Core i5 7440HQ 2.8GHz,8GB,256GB SSD,Intel HD Graphics 620,9IU5JLNJ,DOK1ZJ6GL6
530,Dell,Gaming,17.3,IPS Panel Full HD 1920x1080,Intel Core i7 7700HQ 2.8GHz,16GB,128GB SSD +  1TB HDD,Nvidia GeForce GTX 1070,VI413XUZ,W611H7WLMM
531,Toshiba,Notebook,15.6,IPS Panel Full HD 1920x1080,Intel Core i5 7200U 2.5GHz,8GB,500GB HDD,Intel HD Graphics 620,268EUUVF,PIOYZVWTJO
532,Asus,Notebook,15.6,IPS Panel 4K Ultra HD 3840x2160,Intel Core i7 7500U 2.7GHz,8GB,256GB SSD +  1TB HDD,Nvidia GeForce GTX 960M,IWGXK0IR,368KIR1PYR
533,Mediacom,Notebook,13.3,IPS Panel Full HD 1920x1080,Intel Celeron Quad Core N3450 1.1GHz,4GB,32GB SSD,Intel HD Graphics 500,HJ4CKQ4X,ABHYD08A6L
534,Asus,Gaming,15.6,IPS Panel Full HD 1920x1080,Intel Core i5 7300HQ 2.5GHz,8GB,128GB SSD +  1TB HDD,Nvidia GeForce GTX 1060,70SJUVC8,JVEFCHDDIG
535,Dell,Notebook,15.6,Full HD 1920x1080,Intel Core i7 7600U 2.8GHz,8GB,256GB SSD,Nvidia GeForce 930MX,NWB03BAC,LU4GYN6CVV
536,Dell,Notebook,15.6,Full HD 1920x1080,Intel Core i5 8250U 1.6GHz,8GB,256GB SSD,AMD Radeon 530,YRW7UN12,PQPZTKZX3X
537,HP,Notebook,15.6,Full HD 1920x1080,Intel Pentium Quad Core N3710 1.6GHz,4GB,256GB SSD,Intel HD Graphics 405,3X69PXKJ,R3Y68XELSQ
538,HP,Gaming,17.3,Full HD 1920x1080,Intel Core i7 7700HQ 2.8GHz,12GB,1TB HDD,Nvidia GeForce GTX 1060,2PBJ60F1,MSH9U1Q9N6
539,Lenovo,Notebook,14.0,IPS Panel Full HD 1920x1080,Intel Core i7 7500U 2.7GHz,8GB,256GB SSD,Nvidia GeForce 940MX,0KHPLP4B,G75C7NS8P5
540,Dell,Ultrabook,13.3,Quad HD+ / Touchscreen 3200x1800,Intel Core i7 8550U 1.8GHz,8GB,256GB SSD,Intel UHD Graphics 620,28MRHQ21,NUUH700UZ8
541,Dell,Notebook,14.0,Full HD 1920x1080,Intel Core i3 6006U 2GHz,4GB,128GB SSD,Intel HD Graphics 520,SWGCYCE6,H13FAA0KJY
542,HP,Ultrabook,13.3,IPS Panel Quad HD+ 3200x1800,Intel Core i7 7500U 2.7GHz,8GB,256GB SSD,Intel HD Graphics 620,AW6LFMKK,391XISYLOW
543,Acer,Gaming,15.6,Full HD 1920x1080,Intel Core i5 7300HQ 2.5GHz,8GB,1TB HDD,Nvidia GeForce GTX 1050,S468635Y,BQ61GT7NDG
544,Asus,Notebook,15.6,1366x768,AMD E-Series 7110 1.8GHz,4GB,500GB HDD,AMD Radeon R2 Graphics,I06KHTFP,YFU2YJKPG4
545,HP,Notebook,15.6,Full HD 1920x1080,Intel Core i3 7100U 2.4GHz,4GB,128GB SSD,Intel HD Graphics 620,0OHOF4YR,FMU3PB1VRF
546,Lenovo,Notebook,14.0,Full HD 1920x1080,Intel Core i5 7200U 2.5GHz,4GB,500GB HDD,Intel HD Graphics 620,PLRCZOMA,XYU0KECGE0
547,Lenovo,Notebook,15.6,Full HD 1920x1080,Intel Core i5 6200U 2.3GHz,4GB,1TB HDD,Intel HD Graphics 520,O2W2M5J3,EF4EBV4TMM
548,HP,Notebook,15.6,Full HD 1920x1080,Intel Core i3 6006U 2GHz,4GB,500GB HDD,Intel HD Graphics 520,OX7BF0LU,HRDQDZ1NI6
549,Lenovo,Notebook,15.6,IPS Panel Full HD 1920x1080,Intel Core i7 7500U 2.7GHz,8GB,512GB SSD,Intel HD Graphics 620,AMDDFWG3,VZIZOFELAQ
550,Lenovo,Notebook,15.6,Full HD 1920x1080,Intel Core i3 6006U 2GHz,4GB,128GB SSD,Intel HD Graphics 520,VQVWMCYP,LWL39C3JYU
551,Dell,Notebook,15.6,Full HD 1920x1080,Intel Core i5 7200U 2.5GHz,8GB,256GB SSD,Intel HD Graphics 620,VTL8AHWL,ZK0KENZL54
552,Dell,Gaming,17.3,IPS Panel Full HD 1920x1080,Intel Core i7 7700HQ 2.8GHz,16GB,256GB SSD +  1TB HDD,Nvidia GeForce GTX 1070,ULHAMOKT,O0BGV3P3LL
553,HP,Notebook,17.3,1600x900,Intel Core i3 6006U 2GHz,8GB,1TB HDD,Intel HD Graphics 520,8NWBQ9MH,2XPF1DH49T
554,HP,Notebook,17.3,Full HD 1920x1080,Intel Core i7 7500U 2.7GHz,8GB,1TB HDD,Nvidia GeForce 930MX,2SC4G4IV,PI7QHQE6KO
555,Asus,Notebook,15.6,1366x768,Intel Celeron Dual Core N3350 1.1GHz,4GB,500GB HDD,Intel HD Graphics 500,7DLXC2K5,LOK1T3VEAY
556,Mediacom,Notebook,13.3,IPS Panel Full HD 1920x1080,Intel Atom x5-Z8350 1.44GHz,4GB,32GB Flash Storage,Intel HD Graphics,ZI1608SR,4LV0F6OQZK
557,Lenovo,Notebook,17.3,1600x900,Intel Core i7 7500U 2.7GHz,6GB,128GB SSD +  1TB HDD,Nvidia GeForce 940MX,EG5UYOT0,VKFYJW4MZ9
558,HP,Notebook,15.6,IPS Panel Full HD 1920x1080,AMD A10-Series A10-9620P 2.5GHz,6GB,128GB SSD,AMD Radeon 530,DS2T4ASV,B2VUBAATGF
559,Dell,Notebook,15.6,1366x768,Intel Core i3 6006U 2GHz,4GB,1TB HDD,AMD Radeon R5 M420,95HEMH0J,RC3RE4A61B
560,Acer,2 in 1 Convertible,11.6,IPS Panel Full HD / Touchscreen 1920x1080,Intel Celeron Dual Core N3350 2.0GHz,4GB,32GB Flash Storage,Intel HD Graphics 500,WXS3PB75,CDYXV58XII
561,Lenovo,Notebook,15.6,Full HD 1920x1080,Intel Core i3 7130U 2.7GHz,4GB,128GB SSD,Intel HD Graphics 620,TDRF4ZL2,F4BC5V7ZA8
562,HP,Ultrabook,13.3,IPS Panel Quad HD+ / Touchscreen 3200x1800,Intel Core M 6Y75 1.2GHz,16GB,512GB SSD,Intel HD Graphics 515,ZR3QB4BL,E6R10WRU09
563,Lenovo,Notebook,17.3,IPS Panel Full HD 1920x1080,Intel Core i7 7700HQ 2.8GHz,8GB,256GB SSD,Nvidia Quadro M620M,3WE35QJ0,Z6AYXREB8J
564,Asus,Notebook,15.6,Full HD 1920x1080,Intel Core i5 7300HQ 2.5GHz,8GB,128GB SSD +  1TB HDD,Nvidia GeForce GTX 1050,RBYSTR10,ESMZDMZ3EL
565,Dell,Ultrabook,13.3,IPS Panel 4K Ultra HD / Touchscreen 3840x2160,Intel Core i5 8250U 1.6GHz,8GB,128GB SSD,Intel UHD Graphics 620,4693O40X,W549NFQPM8
566,Dell,Notebook,15.6,1366x768,Intel Core i5 7300U 2.6GHz,4GB,500GB HDD,Intel HD Graphics 620,6GZJ2ASJ,7Q6PQZD58I
567,Fujitsu,Notebook,15.6,1366x768,Intel Core i5 7200U 2.5GHz,8GB,1TB HDD,Intel HD Graphics 620,OG8XLVFW,O9MO1W09K8
568,Lenovo,Notebook,15.6,Full HD 1920x1080,Intel Pentium Quad Core N4200 1.1GHz,4GB,500GB HDD,Intel HD Graphics 505,RSQ6KUIX,B8B2WACMN4
569,Lenovo,Notebook,14.0,1366x768,Intel Core i5 7200U 2.5GHz,4GB,500GB HDD,Intel HD Graphics 620,UR6TOBMG,NHW9SZX8PU
570,HP,Workstation,17.3,1600x900,Intel Core i5 7440HQ 2.8GHz,8GB,500GB HDD,Nvidia Quadro M1200,CGSHU5X8,MNJ4PM7SFQ
571,HP,Notebook,14.0,1366x768,Intel Pentium Quad Core N3710 1.6GHz,8GB,2TB HDD,Intel HD Graphics 405,TDFKGMKG,K4F7RED5UR
572,HP,Notebook,15.6,IPS Panel Full HD 1920x1080,AMD A9-Series A9-9420 3GHz,6GB,256GB SSD,AMD Radeon 530,HQQ9V2D7,HFKOG7ESII
573,Lenovo,Notebook,15.6,Full HD 1920x1080,Intel Core i5 7200U 2.5GHz,8GB,256GB SSD,Intel HD Graphics 620,JL9H2MZU,9KOCUUGZX1
574,Lenovo,Notebook,15.6,Full HD 1920x1080,Intel Core i5 8250U 1.6GHz,4GB,500GB HDD,Intel HD Graphics 620,TJAP5NMF,O07TRKQD7U
575,Mediacom,Notebook,14.0,Full HD 1920x1080,Intel Atom x5-Z8350 1.44GHz,4GB,32GB SSD,Intel HD Graphics,DD5GYBIQ,Z7MAHXWPOF
576,Toshiba,Ultrabook,14.0,Full HD / Touchscreen 1920x1080,Intel Core i7 7500U 2.7GHz,16GB,512GB SSD,Intel HD Graphics 620,8YWN3KJT,PDXYCEW6ZP
577,Lenovo,Gaming,17.3,IPS Panel Full HD 1920x1080,Intel Core i7 6820HK 2.7GHz,32GB,256GB SSD +  1TB HDD,Nvidia GeForce GTX 1070,JKGYNOFU,C2QXOU1QTQ
578,MSI,Gaming,17.3,Full HD 1920x1080,Intel Core i7 7820HK 2.9GHz,16GB,512GB SSD +  1TB HDD,Nvidia GeForce GTX 1070,53RSCEZ2,90XCMINN1D
579,Dell,Notebook,15.6,Full HD 1920x1080,Intel Core i7 7500U 2.7GHz,8GB,256GB SSD,AMD Radeon R5 M430,9DH0ZHBY,NDA0GX96U7
580,Mediacom,Notebook,14.0,IPS Panel Full HD 1920x1080,Intel Celeron Quad Core N3450 1.1GHz,4GB,32GB SSD,Intel HD Graphics 500,HXOLHYZZ,YGAHZVUUKI
581,Dell,Notebook,15.6,1366x768,Intel Core i5 7300U 2.6GHz,8GB,500GB HDD,Intel HD Graphics 620,VE4IVWQF,Z5ODCOCGBN
582,HP,Notebook,13.3,Full HD 1920x1080,Intel Core i3 7100U 2.4GHz,4GB,128GB SSD,Intel HD Graphics 620,EVB3NFK2,VWRU59F2EW
583,Dell,Notebook,15.6,Full HD 1920x1080,Intel Core i7 7600U 2.8GHz,16GB,256GB SSD,Nvidia GeForce 930MX,UBM6BMD6,5V31O2F3MT
584,Dell,Netbook,11.6,1366x768,Intel Celeron Dual Core N3060 1.6GHz,4GB,16GB Flash Storage,Intel HD Graphics 400,GWKUWDWM,WNMANQGHF3
585,MSI,Gaming,17.3,Full HD 1920x1080,Intel Core i7 6820HK 2.7GHz,16GB,128GB SSD +  1TB HDD,Nvidia GeForce GTX 980M,BXSQO7UU,QOC6SGA4KG
586,HP,Gaming,17.3,IPS Panel Full HD 1920x1080,Intel Core i7 7700HQ 2.8GHz,16GB,256GB SSD +  1TB HDD,Nvidia GeForce GTX 1050,29RT3Y3P,IKIJF48ZOY
587,Lenovo,Ultrabook,14.0,IPS Panel Full HD 1920x1080,Intel Core i7 6600U 2.6GHz,12GB,256GB SSD,Intel HD Graphics 520,BN1ZW3P7,HX82LW0E4K
588,Lenovo,Notebook,15.6,Touchscreen 1366x768,Intel Core i7 8550U 1.8GHz,12GB,1TB HDD,Intel HD Graphics 620,UJ2KXMVX,7QAANIN2W9
589,Asus,Gaming,17.3,IPS Panel Full HD 1920x1080,Intel Core i5 7300HQ 2.5GHz,8GB,128GB SSD +  1TB HDD,Nvidia GeForce GTX 1060,T0DQQ8ST,SEKNEGCPIZ
590,Asus,2 in 1 Convertible,15.6,Touchscreen 1366x768,Intel Core i5 7200U 2.5GHz,8GB,1TB HDD,Intel HD Graphics 520,3SDUL7YS,PZFTRSSXRZ
591,Lenovo,Notebook,15.6,Full HD 1920x1080,AMD A12-Series 9720P 3.6GHz,12GB,512GB SSD,AMD Radeon 530,BUSUKMRL,Z5EAOWFM8K
592,Dell,2 in 1 Convertible,11.6,Touchscreen 1366x768,Intel Core M 7Y30 1.0GHz,4GB,128GB SSD,Intel HD Graphics 615,ZDJCE087,3KG63N6TNH
593,Samsung,Notebook,15.6,Full HD 1920x1080,Intel Core i7 7700HQ 2.8GHz,16GB,128GB SSD +  1TB HDD,Nvidia GeForce GTX 1050,0JJQYXL9,TRA0C2R7ZM
594,Lenovo,Notebook,17.3,Full HD 1920x1080,Intel Core i3 6006U 2GHz,4GB,500GB HDD,Intel HD Graphics 520,1AZBLYMC,YD20RYGI4G
595,Lenovo,Notebook,15.6,1366x768,Intel Core i3 6100U 2.3GHz,8GB,1TB HDD,Intel HD Graphics 520,IG5ODT7S,5NB3Y9DSWM
596,Lenovo,2 in 1 Convertible,13.3,IPS Panel Full HD / Touchscreen 1920x1080,Intel Core i7 7500U 2.7GHz,8GB,512GB SSD,Intel HD Graphics 620,A7YYANZ9,3IIFYGW92D
597,Lenovo,Notebook,14.0,IPS Panel Full HD 1920x1080,Intel Core i5 7300HQ 2.5GHz,8GB,256GB SSD,Intel HD Graphics 630,WUE777XR,79KFTUIKKC
598,Dell,2 in 1 Convertible,12.5,Full HD / Touchscreen 1920x1080,Intel Core i5 7200U 2.5GHz,8GB,256GB SSD,Intel HD Graphics 620,3M4UM93A,SB9602WJC1
599,Dell,Workstation,15.6,Full HD / Touchscreen 1920x1080,Intel Core i7 7700HQ 2.8GHz,8GB,256GB SSD,Nvidia Quadro M620,GD4A6X71,ILO2NKN8HS
600,HP,Notebook,15.6,Full HD 1920x1080,Intel Core i7 7500U 2.7GHz,8GB,256GB SSD,Intel HD Graphics 620,W896HVFC,S8446QQL5Y
601,HP,Notebook,15.6,1366x768,Intel Core i3 7100U 2.4GHz,4GB,500GB HDD,Intel HD Graphics 620,JJPSX2BG,BB8UTZ49G9
602,Acer,Notebook,14.0,Full HD 1920x1080,Intel Celeron Quad Core N3450 1.1GHz,4GB,32GB Flash Storage,Intel HD Graphics 500,65GYXLIO,T5FFR9BX5B
603,MSI,Gaming,17.3,Full HD 1920x1080,Intel Core i7 6820HK 2.7GHz,16GB,128GB SSD +  1TB HDD,Nvidia GeForce GTX 970M,JZHLBVOP,Q78A83MSNO
604,Dell,Notebook,15.6,1366x768,Intel Core i3 6006U 2GHz,4GB,1TB HDD,AMD Radeon R5 M420,7J0R5625,YZFYR0XHVN
605,MSI,Gaming,15.6,4K Ultra HD 3840x2160,Intel Core i7 7700HQ 2.8GHz,16GB,256GB SSD +  2TB HDD,Nvidia GeForce GTX 1060,DV5LM0UE,MOA8P3O8SX
606,Toshiba,Notebook,15.6,IPS Panel Full HD 1920x1080,Intel Core i7 6500U 2.5GHz,8GB,256GB SSD,Intel HD Graphics 520,8TVI8C6T,U8FJ3TWNM9
607,Lenovo,Notebook,15.6,Full HD 1920x1080,Intel Core i5 7200U 2.5GHz,6GB,1TB HDD,Intel HD Graphics 620,9ZWGUTAI,EM6BZO1SET
608,Lenovo,2 in 1 Convertible,15.6,IPS Panel Full HD / Touchscreen 1920x1080,Intel Core i7 7700HQ 2.8GHz,8GB,256GB SSD,Intel HD Graphics 630,RH1N1XYD,VDR3S88R88
609,Acer,Notebook,14.0,1366x768,Intel Pentium Quad Core N3710 1.6GHz,4GB,128GB Flash Storage,Intel HD Graphics 405,GMPNG50R,PVUZST98B3
610,Lenovo,Notebook,15.6,IPS Panel 4K Ultra HD 3840x2160,Intel Xeon E3-1535M v6 3.1GHz,32GB,1TB SSD,Nvidia Quadro M2200M,MG73MXD6,I49CJI555Q
611,Dell,Gaming,15.6,Full HD 1920x1080,Intel Core i7 6700HQ 2.6GHz,16GB,1TB HDD,Nvidia GeForce GTX 960<U+039C>,G2DQYYDC,CSX567YZK7
612,Dell,Notebook,15.6,1366x768,Intel Core i3 6006U 2.0GHz,4GB,1TB HDD,Intel HD Graphics 520,PX39S3HD,SB7W7F8UPE
613,Dell,Notebook,15.6,1366x768,Intel Core i3 6006U 2.0GHz,4GB,1TB HDD,Intel HD Graphics 520,JK6EOL64,V1EJ2BA4VK
614,Dell,Notebook,15.6,1366x768,Intel Core i5 7300U 2.6GHz,4GB,500GB HDD,Intel HD Graphics 620,UT9BKUF1,RIG2UCG7V5
615,Asus,Gaming,17.3,Full HD 1920x1080,Intel Core i7 7700HQ 2.8GHz,8GB,128GB SSD +  1TB HDD,Nvidia GeForce GTX 1050,NIPWCI2W,LGZOMTR3PE
616,Dell,Notebook,15.6,Full HD 1920x1080,Intel Core i5 7200U 2.5GHz,4GB,128GB SSD,AMD Radeon R5 M420,KLHUEZID,Q0F5YQ5RSH
617,HP,Ultrabook,15.6,Full HD 1920x1080,Intel Core i7 7500U 2.7GHz,8GB,512GB SSD,Intel HD Graphics 620,LA1MY66I,IM13KSZTNF
618,MSI,Gaming,15.6,Full HD 1920x1080,Intel Core i7 7700HQ 2.8GHz,16GB,256GB SSD +  1TB HDD,Nvidia GeForce GTX 1070,MMU94IQC,SA9WKBNLR4
619,Acer,2 in 1 Convertible,11.6,IPS Panel Touchscreen 1366x768,Intel Celeron Quad Core N3160 1.6GHz,4GB,32GB Flash Storage,Intel HD Graphics 400,DT1YTM6J,EJ5R9197YF
620,HP,Notebook,14.0,1366x768,Intel Core i5 7300U 2.6GHz,8GB,256GB SSD,Intel HD Graphics 620,UZJ8MLHL,EULC0OL00R
621,Lenovo,Notebook,14.0,Full HD 1920x1080,Intel Core i5 6200U 2.3GHz,8GB,256GB SSD,Intel HD Graphics 520,PHI817TF,7Z26E26YJC
622,Dell,Notebook,15.6,Full HD 1920x1080,Intel Core i5 8250U 1.6GHz,4GB,1TB HDD,AMD Radeon 530,DN1L4ACI,KAEGBN4L6I
623,Fujitsu,Notebook,15.6,1366x768,Intel Core i5 7200U 2.5GHz,8GB,256GB SSD,Intel HD Graphics 620,FLTNKR4M,1BZPW89CZW
624,HP,Notebook,15.6,1366x768,Intel Core i5 6200U 2.3GHz,4GB,500GB HDD,Intel HD Graphics 520,BJMC6W46,AIBQGX5RD2
625,Lenovo,Notebook,15.6,Full HD 1920x1080,Intel Core i7 7500U 2.7GHz,8GB,1TB HDD,Nvidia GeForce 920MX,5K7LJXDM,VKXPMTRFIO
626,Mediacom,Notebook,14.0,Full HD 1920x1080,Intel Atom x5-Z8350 1.44GHz,2GB,32GB Flash Storage,Intel HD Graphics,X1U9TM9V,NF593YMVAP
627,Lenovo,Notebook,15.6,Full HD 1920x1080,Intel Core i5 7200U 2.5GHz,4GB,128GB SSD,Intel HD Graphics 620,3T8SERWR,NK27MOJN7O
628,Asus,2 in 1 Convertible,13.3,Full HD / Touchscreen 1920x1080,Intel Core i5 7200U 2.5GHz,6GB,1TB HDD,Intel HD Graphics 620,V7Z3H92H,54Y9F1PZC8
629,Dell,Notebook,15.6,Full HD 1920x1080,Intel Core i7 7700HQ 2.8GHz,8GB,256GB SSD,Nvidia GeForce GTX 1050,6QA42HBS,QXZ57S37MI
630,Asus,Ultrabook,14.0,Full HD 1920x1080,Intel Core i7 7500U 2.7GHz,16GB,512GB SSD,Intel HD Graphics 620,0A1HABNH,HO7US5P3IX
631,Dell,Gaming,15.6,Full HD 1920x1080,Intel Core i7 7700HQ 2.8GHz,16GB,256GB SSD +  1TB HDD,Nvidia GeForce GTX 1050 Ti,N4KLGBQD,PAADA9Z9XG
632,Lenovo,Notebook,15.6,Full HD 1920x1080,Intel Core i5 8250U 1.6GHz,4GB,256GB SSD,Intel UHD Graphics 620,FLYUEFWI,ONXHLPONAT
633,Lenovo,Notebook,15.6,Full HD 1920x1080,Intel Core i3 6006U 2GHz,4GB,1TB HDD,Nvidia GeForce 920MX ,YZ7L2KKN,KB6U908U0E
634,Asus,Notebook,15.6,1366x768,Intel Celeron Dual Core N3350 1.1GHz,8GB,1TB HDD,Intel HD Graphics 500,I0LFJLT1,AJMBPUEM9L
635,Asus,Notebook,15.6,Full HD 1920x1080,Intel Core i5 7300HQ 2.5GHz,8GB,1TB HDD,Nvidia GeForce GTX 1050,BBXB49ZX,5GJQCJDTMU
636,Dell,Ultrabook,13.3,Quad HD+ / Touchscreen 3200x1800,Intel Core i5 8250U 1.6GHz,8GB,256GB SSD,Intel UHD Graphics 620,41XK10SZ,6QR0LJ91S0
637,Lenovo,Notebook,14.0,1366x768,Intel Celeron Dual Core N3060 1.6GHz,2GB,32GB Flash Storage,Intel HD Graphics 400,AHCGHCCW,R8A1X2MBDM
638,Lenovo,2 in 1 Convertible,13.3,IPS Panel Full HD / Touchscreen 1920x1080,Intel Core i7 7500U 2.7GHz,8GB,256GB SSD,Intel HD Graphics 620,DNBIKKOH,LBIEGFDE6E
639,Dell,Notebook,15.6,4K Ultra HD / Touchscreen 3840x2160,Intel Core i7 7700HQ 2.8GHz,16GB,1TB SSD,Nvidia GeForce GTX 1050,Y5HFUKD8,TKV4747XBT
640,Lenovo,Gaming,15.6,IPS Panel Full HD 1920x1080,Intel Core i7 7700HQ 2.8GHz,8GB,128GB SSD +  1TB HDD,Nvidia GeForce GTX 1050M,MH3GV4EG,URP3UF7RHY
641,HP,Notebook,17.0,1600x900,AMD A9-Series 9420 3GHz,8GB,1TB HDD,AMD Radeon R5,SJND6QUG,2BMOXHMPY8
642,Lenovo,Ultrabook,14.0,IPS Panel Full HD 1920x1080,Intel Core i7 7500U 2.7GHz,16GB,512GB SSD,Intel HD Graphics 620,DPVP6QSC,6S3N82CVPY
643,Asus,Gaming,15.6,IPS Panel Full HD 1920x1080,Intel Core i7 7700HQ 2.8GHz,8GB,1TB HDD,Nvidia GeForce GTX 1050 Ti,85017PV9,Z8BLWS0XI3
644,Acer,Notebook,15.6,1366x768,Intel Core i3 6006U 2GHz,4GB,500GB HDD,Intel HD Graphics 520,RISV7QMK,NT7EP5F7PI
645,Lenovo,Notebook,14.0,1366x768,Intel Celeron Dual Core N3060 1.6GHz,4GB,32GB Flash Storage,Intel HD Graphics,IKZOGTTU,RUTIEAAO8U
646,Acer,Ultrabook,14.0,IPS Panel Full HD 1920x1080,Intel Core i5 7200U 2.5GHz,8GB,256GB SSD,Intel Graphics 620,WZ1TA0YN,K490497SNA
647,Razer,Gaming,14.0,Full HD 1920x1080,Intel Core i7 7700HQ 2.8GHz,16GB,256GB SSD,Nvidia GeForce GTX 1060,1WUVDHHG,G4ZX2NFUIC
648,Toshiba,Notebook,13.3,Full HD 1920x1080,Intel Core i5 6200U 2.3GHz,8GB,256GB SSD,Intel HD Graphics 520,2FJ75ZV6,1MNLCY5SOK
649,Lenovo,Ultrabook,12.5,IPS Panel Full HD 1920x1080,Intel Core i7 7500U 2.7GHz,8GB,256GB SSD,Intel HD Graphics 620,9SFEY29T,FIIO9QI15P
650,Asus,Gaming,17.3,IPS Panel Full HD 1920x1080,Intel Core i7 6820HK 2.7GHz,32GB,512GB SSD,Nvidia GeForce GTX 1080,VEFKZOEX,311Y0UJQFE
651,Acer,Gaming,15.6,Full HD 1920x1080,Intel Core i5 7300HQ 2.5GHz,8GB,1TB HDD,Nvidia GeForce GTX 1050,A1WAXCE7,S6C68NCYOQ
652,Dell,Ultrabook,13.3,Full HD 1920x1080,Intel Core i5 8250U 1.6GHz,8GB,256GB SSD,Intel UHD Graphics 620,Y0CCOH6W,GNSARPMS3S
653,MSI,Gaming,15.6,Full HD 1920x1080,Intel Core i7 7700HQ 2.8GHz,8GB,128GB SSD +  1TB HDD,Nvidia GeForce GTX 1050 Ti,X2FLFHP2,USHW3PYYPP
654,HP,Notebook,15.6,1366x768,Intel Core i3 6006U 2GHz,4GB,500GB HDD,Intel HD Graphics 520,2F68FMK3,PCK2Z8UIS0
655,Toshiba,Notebook,15.6,IPS Panel Full HD 1920x1080,Intel Core i5 7200U 2.5GHz,8GB,500GB HDD,Intel HD Graphics 620,1D88LT6W,NF6IZ3JL2R
656,Dell,Notebook,15.6,Full HD 1920x1080,Intel Core i7 8550U 1.8GHz,8GB,256GB SSD,AMD Radeon 530,HUSFXH51,21F8ZFO466
657,Dell,Notebook,15.6,Full HD 1920x1080,Intel Core i7 8550U 1.8GHz,16GB,256GB SSD +  2TB HDD,AMD Radeon 530,7URMWJIW,J97R2RMQRL
658,Lenovo,Gaming,15.6,IPS Panel Full HD 1920x1080,Intel Core i7 6700HQ 2.6GHz,8GB,128GB SSD +  1TB HDD,Nvidia GeForce GTX 960,I74D6U3O,K6EHOLWI6X
659,Dell,Gaming,17.3,IPS Panel 4K Ultra HD 3840x2160,Intel Core i7 7700HQ 2.8GHz,32GB,512GB SSD +  1TB HDD,Nvidia GeForce GTX 1070,W78VO2HX,E98V32JCQ0
660,Dell,Notebook,14.0,Full HD 1920x1080,Intel Core i5 6300U 2.4GHz,8GB,256GB SSD,Intel HD Graphics 520,2WSAGW0V,QRF7O3VA34
661,Lenovo,Notebook,15.6,1366x768,Intel Celeron Dual Core N3350 1.1GHz,4GB,500GB HDD,Intel HD Graphics 500,GB9G0VOM,03BQ5OR0IZ
662,Lenovo,Notebook,15.6,Full HD 1920x1080,Intel Core i5 6200U 2.3GHz,4GB,500GB HDD,Intel HD Graphics 520,3744YQK7,1IFUO97YRI
663,HP,Notebook,15.6,1920x1080,Intel Core i3 6006U 2GHz,6GB,1TB HDD,AMD Radeon R5 M430,RM0X096N,9WFP9QEPZI
664,MSI,Gaming,17.3,Full HD 1920x1080,Intel Core i7 7700HQ 2.8GHz,8GB,128GB SSD +  1TB HDD,Nvidia GeForce GTX 1060,JGCWPEQI,V9V0FHQ26H
665,Toshiba,Notebook,15.6,1366x768,Intel Core i3 6100U 2.1GHz,4GB,128GB SSD,Intel HD Graphics 520,VJ38L343,0L7E1R1XVD
666,Dell,Notebook,15.6,Full HD 1920x1080,Intel Core i5 7200U 2.5GHz,8GB,1TB HDD,Intel HD Graphics 620,G85OTI4M,NIT3QYP8MB
667,HP,Notebook,15.6,Full HD 1920x1080,Intel Core i7 7500U 2.7GHz,8GB,1TB HDD,AMD Radeon 530,MAYWOEGK,3YZX5KG2YV
668,Toshiba,Notebook,15.6,IPS Panel Full HD 1920x1080,Intel Core i5 7200U 2.5GHz,8GB,256GB SSD,Intel HD Graphics 620,L5VTZ0NW,IYBOM8NA1I
669,Acer,Notebook,15.6,1366x768,Intel Core i3 6006U 2GHz,4GB,128GB SSD,Intel HD Graphics 520,3107L1LI,BOM7OXNG3S
670,Microsoft,Ultrabook,13.5,Touchscreen 2256x1504,Intel Core i7 7600U 2.8GHz,8GB,256GB SSD,Intel Iris Plus Graphics 640,DX9BL97Y,5UQWT5YUAY
671,Lenovo,Notebook,15.6,Full HD 1920x1080,Intel Core i5 7200U 2.5GHz,8GB,128GB SSD +  1TB HDD,AMD Radeon R5 M430,A2VBYH67,XKOO2KIZU1
672,Lenovo,2 in 1 Convertible,13.3,IPS Panel Full HD / Touchscreen 1920x1080,Intel Core i5 7200U 2.5GHz,8GB,256GB SSD,Intel HD Graphics 620,G6JUU4JV,RA6XRBTXCQ
673,Lenovo,Notebook,15.6,1366x768,AMD E-Series E2-9000 2.2GHz,4GB,128GB SSD,AMD Radeon R2 Graphics,QWXKTB21,32MT04MF6F
674,HP,2 in 1 Convertible,14.0,IPS Panel Full HD / Touchscreen 1920x1080,Intel Core i3 7100U 2.4GHz,4GB,128GB SSD,Nvidia GeForce 940MX,RQ71MFKJ,0BYKNSRQEQ
675,MSI,Gaming,15.6,Full HD 1920x1080,Intel Core i7 7700HQ 2.8GHz,16GB,256GB SSD +  1TB HDD,Nvidia GeForce GTX 1050,94EO5BB8,WKQ0CTTYOT
676,Asus,Ultrabook,14.0,Full HD 1920x1080,Intel Core i5 7200U 2.5GHz,8GB,256GB SSD,Intel HD Graphics 620,VBR8NQ1Y,0N1NBPVVCF
677,HP,2 in 1 Convertible,11.6,Touchscreen 1366x768,Intel Celeron Dual Core N3350 1.1GHz,8GB,64GB Flash Storage,Intel HD Graphics 500,CPOOZHFJ,ZEHGBL7ZE9
678,LG,Ultrabook,15.6,IPS Panel Full HD 1920x1080,Intel Core i7 8550U 1.8GHz,8GB,512GB SSD,Intel HD Graphics 620,A8C4W08D,2433F0M4GH
679,Acer,Gaming,15.6,Full HD 1920x1080,Intel Core i5 7300HQ 2.5GHz,16GB,256GB SSD,Nvidia GeForce GTX 1050 Ti,MLSW1U1A,VFMV9THGPL
680,MSI,Gaming,15.6,Full HD 1920x1080,Intel Core i5 7300HQ 2.5GHz,8GB,256GB SSD,Nvidia GeForce GTX 1050,79TPEVN0,26M7MIYI10
681,Asus,Notebook,15.6,1366x768,Intel Celeron Dual Core N3350 1.1GHz,4GB,128GB SSD,Intel HD Graphics 500,0VCVSZAP,H7ANTY9TFO
682,Dell,Gaming,15.6,Full HD 1920x1080,Intel Core i5 7300HQ 2.5GHz,16GB,128GB SSD +  1TB HDD,Nvidia GeForce GTX 1060,NJ87MPSK,DPPD1ZS14O
683,HP,Notebook,17.3,IPS Panel Full HD 1920x1080,Intel Core i3 6006U 2GHz,4GB,256GB SSD,AMD Radeon R5 520,G4FW6Y7M,H270A4Z3I8
684,Lenovo,2 in 1 Convertible,13.3,IPS Panel Full HD / Touchscreen 1920x1080,Intel Core i7 8550U 1.8GHz,8GB,512GB SSD,Intel UHD Graphics 620,DDW87F2Z,FMYWW6AZ88
685,Dell,Gaming,15.6,Full HD 1920x1080,Intel Core i7 7820HK 2.9GHz,16GB,256GB SSD +  1TB HDD,Nvidia GeForce GTX 1070,MH80G1OE,5WKY4DLU7K
686,HP,Notebook,15.6,1366x768,Intel Core i5 7200U 2.5GHz,4GB,500GB HDD,AMD Radeon 520,N0VGPUHM,SPG6PSP8A3
687,Dell,Notebook,15.6,1366x768,Intel Core i3 6006U 2GHz,4GB,1TB HDD,AMD Radeon R5 M430,WLSEVMTN,59851S6L77
688,HP,Notebook,17.3,IPS Panel Full HD 1920x1080,AMD A10-Series 9600P 2.4GHz,6GB,2TB HDD,AMD Radeon R7 M440,3CX0KV9D,X03EHJ5M7M
689,Lenovo,Notebook,15.6,1366x768,Intel Celeron Dual Core 3855U 1.6GHz,4GB,500GB HDD,Intel HD Graphics 510,XQIMQO2Y,SKHRP6QK4Z
690,Acer,Notebook,14.0,1366x768,Intel Celeron Dual Core 3855U 1.6GHz,4GB,32GB Flash Storage,Intel HD Graphics 510,C3O68AXJ,LJNVR54VAQ
691,Lenovo,Notebook,14.0,Full HD 1920x1080,Intel Core i5 7200U 2.5GHz,4GB,256GB SSD,Intel HD Graphics 620,R9TJJ66R,Z03HWS47NJ
692,HP,Workstation,17.3,Full HD 1920x1080,Intel Core i7 7700HQ 2.8GHz,8GB,500GB HDD,Nvidia Quadro M1200,C1J39EFV,NBQN0NO6K1
693,Lenovo,2 in 1 Convertible,14.0,Touchscreen 2560x1440,Intel Core i7 7500U 2.7GHz,8GB,256GB SSD,Intel HD Graphics 620,2SN99MFJ,AHHRSV8WGG
694,Toshiba,Notebook,13.3,IPS Panel Full HD 1920x1080,Intel Core i5 7200U 2.5GHz,8GB,256GB SSD,Intel HD Graphics 620,VO38BEAA,DI2A2HU3AT
695,Acer,Netbook,11.6,1366x768,Intel Celeron Dual Core N3050 1.6GHz,4GB,32GB Flash Storage,Intel HD Graphics,WS12XPKN,HY0YOBYKCV
696,Lenovo,2 in 1 Convertible,14.0,Full HD / Touchscreen 1920x1080,Intel Core i7 7500U 2.7GHz,16GB,512GB SSD,Intel HD Graphics 620,N27OCR03,86Q3VAZPYW
697,Asus,2 in 1 Convertible,12.5,Full HD / Touchscreen 1920x1080,Intel Core M M3-6Y30 0.9GHz,4GB,64GB Flash Storage,Intel HD Graphics 515,ZTRCCNP0,YS9GGQPY25
698,Toshiba,Ultrabook,13.3,Full HD / Touchscreen 1920x1080,Intel Core i7 6500U 2.5GHz,16GB,512GB SSD,Intel HD Graphics 520,WG39Z9EQ,JO9T7MV6J0
699,HP,Notebook,15.6,IPS Panel Full HD 1920x1080,Intel Core i7 7500U 2.7GHz,4GB,500GB HDD,AMD Radeon 530,1DLAT5K8,V7SYYHCL3E
700,Dell,Gaming,15.6,Full HD 1920x1080,Intel Core i5 7300HQ 2.5GHz,8GB,1TB HDD,Nvidia GeForce GTX 1050,QBZHMZB2,R4ZGZ1UZ62
701,Lenovo,Notebook,15.6,Full HD 1920x1080,AMD A9-Series 9420 2.9GHz,4GB,256GB SSD,AMD Radeon 530,03UV3GWJ,MUHZ4EFESJ
702,Lenovo,Notebook,15.6,1366x768,AMD A12-Series 9720P 3.6GHz,8GB,1TB HDD,AMD Radeon R7,KYDMXUWC,QO0OCLZZKW
703,Lenovo,Notebook,15.6,Full HD 1920x1080,Intel Core i5 7200U 2.5GHz,4GB,1TB HDD +  1TB HDD,Intel HD Graphics 620,5HS5I145,AUJI6HGOY7
704,Lenovo,Notebook,15.6,1366x768,Intel Core i3 6006U 2GHz,4GB,500GB HDD,Intel HD Graphics 520,PUS96KCX,SZAJ2X3AVG
705,Dell,Notebook,15.6,Full HD 1920x1080,Intel Core i5 7200U 2.5GHz,8GB,256GB SSD,Intel HD Graphics 620,WHQ54CXZ,6BPG3DRJQS
706,Acer,2 in 1 Convertible,13.3,IPS Panel Full HD / Touchscreen 1920x1080,Intel Core i5 8250U 1.6GHz,8GB,256GB SSD,Intel UHD Graphics 620,AH72HPP1,CVZUV35B98
707,Lenovo,Workstation,15.6,Full HD 1920x1080,Intel Core i7 6500U 2.5GHz,16GB,512GB SSD,Nvidia Quadro M520M,IVTA3ZP2,1S8ERHVOA8
708,Lenovo,Notebook,14.0,Full HD 1920x1080,Intel Core i5 6300HQ 2.3GHz,8GB,256GB SSD,Intel HD Graphics 520,AXO7XJ7I,29TVZRFA4M
709,HP,Notebook,17.3,IPS Panel Full HD 1920x1080,AMD A10-Series 9620P 2.5GHz,6GB,2TB HDD,AMD Radeon 530,US3ATR7A,M09F8Z0FT9
710,Lenovo,Gaming,15.6,IPS Panel Full HD 1920x1080,Intel Core i7 7700HQ 2.8GHz,8GB,128GB SSD +  1TB HDD,Nvidia GeForce GTX 1050 Ti,JZ6QP7CS,SZVEOPB65D
711,Dell,Notebook,14.0,Full HD 1920x1080,Intel Core i5 7440HQ 2.8GHz,8GB,256GB SSD,Nvidia GeForce 930MX,UK407XFJ,JBIF9MCTDO
712,Dell,Notebook,15.6,Full HD 1920x1080,Intel Core i5 7200U 2.5GHz,8GB,1TB HDD,Intel HD Graphics 620,96USFSVB,ATGB4DNBGK
713,Asus,Notebook,14.0,Full HD 1920x1080,Intel Celeron Dual Core N3350 1.1GHz,4GB,32GB Flash Storage,Intel HD Graphics 500,AHVRSMEL,KQM2TI3MWB
714,Dell,Notebook,15.6,Full HD 1920x1080,Intel Core i5 7300U 2.6GHz,16GB,512GB SSD,Intel HD Graphics 620,OK6TYTBC,77FIAUG7RJ
715,Lenovo,Notebook,14.0,IPS Panel Full HD 1920x1080,Intel Core i5 7200U 2.5GHz,8GB,256GB SSD,Nvidia GeForce 920MX,G0832BMT,RY9L6NNASK
716,Dell,Notebook,15.6,Full HD 1920x1080,Intel Core i5 7300U 2.6GHz,8GB,256GB SSD,Intel HD Graphics 620,9Y8L5HCW,IFWRJOVZB0
717,Lenovo,Notebook,15.6,1366x768,AMD A6-Series 7310 2GHz,4GB,500GB HDD,AMD Radeon R4,8ISSZHJM,4Q0011FBZW
718,Mediacom,Notebook,14.0,IPS Panel Full HD 1920x1200,Intel Atom Z8350 1.92GHz,4GB,32GB HDD,Intel HD Graphics 400,8LF3IKDB,W9RE8PK1XR
719,HP,Notebook,17.3,Full HD 1920x1080,Intel Core i7 7500U 2.7GHz,8GB,256GB SSD,Nvidia GeForce 930MX,Q45W1RWC,KNLWJ9W7LC
720,Lenovo,Ultrabook,14.0,IPS Panel Quad HD+ 2560x1440,Intel Core i7 6500U 2.5GHz,8GB,512GB SSD,Intel HD Graphics 520,E43CJULY,B8S0SYRFHZ
721,HP,2 in 1 Convertible,13.3,IPS Panel Touchscreen 1366x768,Intel Core i5 7200U 2.5GHz,8GB,256GB SSD,Intel HD Graphics 620,3JR7W6QB,DWI99ZPHKH
722,Lenovo,Ultrabook,14.0,IPS Panel Full HD 1920x1080,Intel Core i5 7200U 2.5GHz,8GB,256GB SSD,Intel HD Graphics 620,4XLOJ482,87EP2FBXHE
723,Dell,Gaming,17.3,4K Ultra HD 3840x2160,Intel Core i7 7700HQ 2.8GHz,32GB,1TB SSD +  1TB HDD,Nvidia GeForce GTX 1070,N6O94I6K,ULLE9G4EJJ
724,MSI,Gaming,17.3,Full HD 1920x1080,Intel Core i7 7700HQ 2.8GHz,8GB,128GB SSD +  1TB HDD,Nvidia GeForce GTX 1050 Ti,TIQOYIBM,9N93OZUDU1
725,Lenovo,Notebook,15.6,1366x768,Intel Core i5 7200U 2.5GHz,4GB,1TB HDD,Intel HD Graphics 620,I9IE5Z9S,7XBK8BHM3I
726,Dell,Notebook,15.6,Full HD 1920x1080,Intel Core i5 8250U 1.6GHz,8GB,128GB SSD +  1TB HDD,AMD Radeon 530,98RH1PJ3,Y2QGEG6AMX
727,Dell,2 in 1 Convertible,13.3,Full HD / Touchscreen 1920x1080,Intel Core i3 7100U 2.4GHz,4GB,1TB HDD,Intel HD Graphics 620,WFGQAMG9,J7OHELL1NN
728,Dell,Notebook,15.6,1366x768,Intel Core i5 7200U 2.5GHz,8GB,1TB HDD,AMD Radeon R7 M445,ASJBRQAJ,YHW1QNAP3U
729,HP,Notebook,15.6,Full HD 1920x1080,AMD A9-Series 9420 3GHz,4GB,1TB HDD,AMD Radeon 520,DZ5KFR8A,5SKZ48RJ7V
730,Acer,Gaming,17.3,IPS Panel Full HD 1920x1080,Intel Core i7 6700HQ 2.6GHz,16GB,128GB SSD +  1TB HDD,Nvidia GeForce GTX 1060,8JZNITO4,DRWQ4WCVXG
731,Dell,Notebook,15.6,1366x768,Intel Core i5 7200U 2.5GHz,12GB,1TB HDD,Intel HD Graphics 620,FS5ERZUV,ESMX9I4OUY
732,HP,Notebook,15.6,Full HD 1920x1080,AMD A9-Series A9-9420 3GHz,6GB,128GB SSD +  1TB HDD,AMD Radeon 520,ID9G7M1F,U4F9ZU5BKK
733,Acer,Notebook,15.6,1366x768,Intel Core i5 7200U 2.5GHz,4GB,500GB HDD,Intel HD Graphics 620,GBF1BN31,CO5PQ47LES
734,Lenovo,Notebook,13.3,IPS Panel Full HD 1920x1080,Intel Core i5 7200U 2.5GHz,8GB,256GB SSD,Intel HD Graphics 620,4UNXPYW2,3GEC146NS8
735,Lenovo,Notebook,15.6,Full HD 1920x1080,Intel Core i7 7500U 2.7GHz,4GB,1TB HDD,Intel HD Graphics 620,32400HRB,CMXJ4M4YY3
736,HP,Workstation,15.6,Full HD 1920x1080,Intel Core i7 7700HQ 2.8GHz,16GB,256GB SSD,Nvidia Quadro M2200,QAVSWQKX,WKI5K2N2T2
737,Dell,2 in 1 Convertible,13.3,Full HD / Touchscreen 1920x1080,Intel Core i5 8250U 1.6GHz,8GB,1TB HDD,Intel UHD Graphics 620,1NKT5F4X,X3USPKFJ0U
738,MSI,Gaming,15.6,Full HD 1920x1080,Intel Core i7 7700HQ 2.8GHz,16GB,256GB SSD +  1TB HDD,Nvidia GeForce GTX 1060,5JDR21UL,GWPE82KJBE
739,Acer,Notebook,15.6,1366x768,Intel Core i3 6006U 2GHz,4GB,500GB HDD,Intel HD Graphics 520,E7U738J9,SOHNKGG58T
740,Dell,Notebook,15.6,Full HD 1920x1080,Intel Core i7 7500U 2.7GHz,8GB,128GB SSD +  1TB HDD,Nvidia GeForce 940MX,55MNSF0W,I5C64GQC36
741,Dell,Notebook,15.6,1366x768,Intel Core i3 6006U 2GHz,8GB,256GB SSD,Intel HD Graphics 520,EN2Y690E,F867XL2HG1
742,Toshiba,Notebook,14.0,IPS Panel Full HD / Touchscreen 1920x1080,Intel Core i5 7200U 2.5GHz,8GB,256GB SSD,Intel HD Graphics 620,GH9Q7PXU,DNLR2ZF2U3
743,Lenovo,2 in 1 Convertible,14.0,Full HD / Touchscreen 1920x1080,Intel Core i5 7200U 2.5GHz,8GB,256GB SSD,Intel HD Graphics 620,7QCW5YIH,SUG4963IE7
744,Lenovo,Workstation,15.6,IPS Panel 4K Ultra HD 3840x2160,Intel Core i7 7600U 2.8GHz,16GB,1TB SSD,Nvidia Quadro M520M,IINNQ669,D3XG5AVVA2
745,Acer,Notebook,14.0,1366x768,Intel Celeron Dual Core N3060 1.6GHz,2GB,32GB Flash Storage,Intel HD Graphics 400,ZZBTPSBY,RO4H7NZWEY
746,Samsung,Ultrabook,13.3,Full HD 1920x1080,Intel Core i7 7500U 2.7GHz,16GB,256GB SSD,Intel HD Graphics 620,9TH69MTH,JJ2YSVTI9U
747,HP,Notebook,15.6,Full HD 1920x1080,Intel Core i3 6006U 2GHz,8GB,256GB SSD,Intel HD Graphics 520,XIMQCWGA,1RYHXV4RSL
748,Dell,Notebook,14.0,1366x768,Intel Core i5 7200U 2.5GHz,8GB,256GB SSD,Intel HD Graphics 620,QGDDEFR7,ZRK1LG07SV
749,HP,Workstation,17.3,IPS Panel Full HD 1920x1080,Intel Xeon E3-1535M v5 2.9GHz,16GB,256GB SSD,Nvidia Quadro M2000M,GR2UU9X0,IE9XCI4371
750,Lenovo,Netbook,11.6,Touchscreen 1366x768,Intel Celeron Dual Core N3060 1.6GHz,4GB,128GB SSD,Intel HD Graphics 400,ZIVF5MFW,2YY8DPMOWJ
751,HP,Notebook,15.6,Full HD 1920x1080,Intel Core i5 6300U 2.4GHz,8GB,256GB SSD,Intel HD Graphics 520,W4B1UTPQ,B71BBQ6G3T
752,Asus,Notebook,15.6,1366x768,Intel Core i5 6300HQ 2.3GHz,4GB,1TB HDD,Nvidia GeForce GTX 950M,6YKUSW2O,7WWV8OAQHQ
753,Lenovo,Ultrabook,14.0,Full HD 1920x1080,Intel Core i5 6200U 2.3GHz,4GB,180GB SSD,Intel HD Graphics 520,HWVTLMYJ,N2EN99RUOM
754,Asus,Notebook,15.6,1366x768,Intel Core i7 7500U 2.7GHz,4GB,256GB SSD,Intel HD Graphics 620,4NX67V6E,UWAAT87G33
755,Lenovo,2 in 1 Convertible,13.3,IPS Panel Quad HD+ / Touchscreen 3200x1800,Intel Core i5 6260U 1.8GHz,8GB,256GB SSD,Intel HD Graphics 540,O4Z3MTOF,LOU8DR9V22
756,HP,Notebook,15.6,IPS Panel Full HD 1920x1080,Intel Core i5 7300HQ 2.5GHz,8GB,128GB SSD +  1TB HDD,Nvidia GeForce GTX 1050,7OII85C1,ZLRJ0ZB6N4
757,HP,Workstation,15.6,Full HD 1920x1080,Intel Core i7 6700HQ 2.6GHz,8GB,256GB SSD,Nvidia Quadro M1000M,5VR16EN3,1ETWIM1M45
758,Dell,Gaming,15.6,IPS Panel 4K Ultra HD 3840x2160,Intel Core i7 7700HQ 2.8GHz,16GB,256GB SSD +  1TB HDD,Nvidia GeForce GTX 1070,P0ZW4U4T,H17C80P6F3
759,Acer,Notebook,15.6,1366x768,Intel Core i5 7200U 2.5GHz,4GB,256GB SSD,Intel HD Graphics 620,BR9PFS7X,P7EHA3G8KO
760,Lenovo,Gaming,15.6,IPS Panel Full HD 1920x1080,Intel Core i7 7700HQ 2.8GHz,8GB,128GB SSD +  1TB HDD,Nvidia GeForce GTX 1050,FUGAT0BX,QR5Z8DSEYF
761,Dell,Ultrabook,12.5,Full HD 1920x1080,Intel Core i7 7600U 2.8GHz,16GB,256GB SSD,Intel HD Graphics 620,51EWMSS0,1WIRUJ4L2S
762,Google,Ultrabook,12.3,Touchscreen 2400x1600,Intel Core i5 7Y57 1.2GHz,8GB,256GB SSD,Intel HD Graphics 615,PUQ2U4B0,O07MKNE0Q9
763,Asus,Ultrabook,13.3,IPS Panel Quad HD+ 3200x1800,Intel Core i5 7200U 2.5GHz,8GB,256GB SSD,Intel HD Graphics 620,A1ZBWSJ2,JUYWBM3GGQ
764,Dell,Notebook,13.3,1366x768,Intel Core i3 6006U 2GHz,4GB,500GB HDD,Intel HD Graphics 520,B5EXG2X7,E8N8N6BFJH
765,Acer,Notebook,13.3,1366x768,Intel Core i5 6200U 2.3GHz,4GB,128GB SSD,Intel HD Graphics 520,WYS0H1HP,ST1R2OC2Z3
766,Asus,Notebook,17.3,1366x768,Intel Pentium Quad Core N4200 1.1GHz,4GB,1TB HDD,Nvidia GeForce 920MX,6XBTG3TJ,XS0ZZBBSOY
767,Dell,Gaming,15.6,IPS Panel Touchscreen / 4K Ultra HD 3840x2160,Intel Core i7 6700HQ 2.6GHz,16GB,128GB SSD +  1TB HDD,Nvidia GeForce GTX 960M,DO3I798L,GVDPNPRHAK
768,Samsung,Ultrabook,13.3,Full HD / Touchscreen 1920x1080,Intel Core i7 7500U 2.7GHz,8GB,256GB SSD,Intel HD Graphics 620,45HDER51,DJJ9YT4H6Y
769,Acer,Notebook,15.6,1366x768,Intel Pentium Quad Core N4200 1.1GHz,4GB,1TB HDD,Intel HD Graphics 505,WCYU1FOA,QX2ZBECBPX
770,Dell,Notebook,15.6,Full HD 1920x1080,Intel Core i7 7500U 2.7GHz,16GB,256GB SSD,AMD Radeon R7 M445,D045W0CW,9O6W6XQDSF
771,Samsung,2 in 1 Convertible,15.0,Full HD / Touchscreen 1920x1080,Intel Core i7 7500U 2.7GHz,16GB,256GB SSD,AMD Radeon 540,ORD5B7NJ,MOPNJ97BNZ
772,Toshiba,Notebook,14.0,IPS Panel 1366x768,Intel Core i5 6200U 2.3GHz,4GB,128GB SSD,Intel HD Graphics 520,JEGYIPCM,B9MNZF0CWV
773,Dell,Gaming,15.6,Full HD 1920x1080,Intel Core i7 7700HQ 2.8GHz,8GB,1TB HDD,Nvidia GeForce GTX 1050,CJ8FDZOT,0G5PNFDMH8
774,HP,Ultrabook,12.5,1366x768,Intel Core i5 6200U 2.3GHz,4GB,256GB SSD,Intel HD Graphics 520,CI1P4EFE,D51GV2S92E
775,Asus,2 in 1 Convertible,15.6,Full HD / Touchscreen 1920x1080,Intel Core i7 7500U 2.7GHz,12GB,2TB HDD,Nvidia GeForce 940MX,JIR4WTO3,HY41BC46YG
776,Lenovo,Notebook,15.6,4K Ultra HD 3840x2160,Intel Core i7 6820HQ 2.7GHz,16GB,512GB SSD,Nvidia Quadro M2000M,6KAHMWP7,JRFI6GZ41I
777,Acer,Notebook,14.0,IPS Panel Full HD 1920x1080,Intel Core i3 7100U 2.4GHz,4GB,128GB SSD,Intel HD Graphics 620,2L558AUQ,6PHXOPR29U
778,Razer,Gaming,14.0,Full HD 1920x1080,Intel Core i7 7700HQ 2.8GHz,16GB,512GB SSD,Nvidia GeForce GTX 1060,HGEUQVW7,SEOMSXVB3W
779,Asus,Notebook,15.6,1920x1080,Intel Pentium Dual Core N4200 1.1GHz,8GB,128GB SSD,Intel HD Graphics 505,U2WYY20Y,BGL83XREW8
780,Dell,Gaming,17.3,IPS Panel Full HD 1920x1080,Intel Core i7 7700HQ 2.8GHz,32GB,1TB SSD +  1TB HDD,Nvidia GeForce GTX 1070M,NXLNIIJ1,8NW5JQDCAB
781,Asus,Gaming,17.3,IPS Panel Full HD 1920x1080,Intel Core i7 6700HQ 2.6GHz,16GB,256GB SSD +  1TB HDD,Nvidia GeForce GTX 1070,JPWYKSZW,VDUVPE9NRD
782,Toshiba,Ultrabook,14.0,IPS Panel Full HD 1920x1080,Intel Core i7 6600U 2.6GHz,16GB,512GB SSD,Nvidia GeForce 930M,7QOWYSP2,48049875CZ
783,Lenovo,Notebook,15.6,1366x768,Intel Celeron Quad Core N3710 1.6GHz,8GB,1TB HDD,Intel HD Graphics 405,9UQSKZ6X,FSMVJLG74Z
784,Lenovo,Ultrabook,14.0,Full HD 1920x1080,Intel Core i7 7500U 2.7GHz,16GB,512GB SSD,Intel HD Graphics 620,VORODRZP,RTNQ31TZZ9
785,MSI,Gaming,14.0,IPS Panel Full HD 1920x1080,Intel Core i7 7700HQ 2.8GHz,16GB,256GB SSD +  1TB HDD,Nvidia GeForce GTX 1060,QM25AIBJ,18H6EVRPCJ
786,MSI,Gaming,15.6,Full HD 1920x1080,Intel Core i5 7300HQ 2.5GHz,8GB,128GB SSD +  1TB HDD,Nvidia GeForce GTX 1050,CNX3HRDY,AJFIRPYXQT
787,Lenovo,Gaming,15.6,IPS Panel Full HD 1920x1080,Intel Core i7 7700HQ 2.8GHz,4GB,1TB HDD,Nvidia GeForce GTX 1050,L7KPMJ94,K2QQX8CHJ6
788,Acer,Gaming,17.3,IPS Panel Full HD 1920x1080,Intel Core i7 7700HQ 2.8GHz,16GB,256GB SSD +  1TB HDD,Nvidia GeForce GTX 1060,AHUKPLDY,BPJCB6WFE5
789,Dell,Gaming,15.6,Full HD 1920x1080,Intel Core i5 7300HQ 2.5GHz,8GB,256GB SSD,Nvidia GeForce GTX 1050,EQ40HQF1,4AA5P53DO8
790,Asus,Gaming,15.6,Full HD 1920x1080,Intel Core i7 7700HQ 2.8GHz,8GB,128GB SSD +  1TB HDD,Nvidia GeForce GTX1060,LULHM9RB,GASH9RXITW
791,Vero,Notebook,14.0,1920x1080,Intel Celeron Dual Core N3350 1.1GHz,4GB,32GB Flash Storage,Intel HD Graphics 500,DQOTDBIL,VUL502BEA3
792,Lenovo,2 in 1 Convertible,13.3,IPS Panel Full HD / Touchscreen 1920x1080,Intel Core i7 7500U 2.7GHz,8GB,512GB SSD,Intel HD Graphics 620,BDR1GM8F,UAHAR1K26R
793,Lenovo,2 in 1 Convertible,15.6,Full HD / Touchscreen 1920x1080,Intel Core i5 7200U 2.5GHz,8GB,256GB SSD,AMD Radeon R7 M460,QE1VOEB6,GEAUV67L0B
794,Apple,Ultrabook,12.0,IPS Panel Retina Display 2304x1440,Intel Core M 1.2GHz,8GB,512GB Flash Storage,Intel HD Graphics 5300,3NZRZ41Q,RDBRL5E8B0
795,Lenovo,2 in 1 Convertible,14.0,IPS Panel Touchscreen 2560x1440,Intel Core i5 7200U 2.5GHz,8GB,256GB SSD,Intel HD Graphics 620,969M3S6N,125DTHU3EF
796,Asus,Notebook,14.0,1366x768,Intel Celeron Dual Core N3350 1.1GHz,4GB,32GB Flash Storage,Intel HD Graphics 500,QP9TOERS,1YY4BAP7MI
797,Dell,Notebook,15.6,1366x768,Intel Core i5 7200U 2.5GHz,8GB,128GB SSD,Intel HD Graphics 620,WLYHC318,CGTJBT39MH
798,Lenovo,2 in 1 Convertible,13.9,IPS Panel Full HD / Touchscreen 1920x1080,Intel Core i7 7500U 2.7GHz,8GB,256GB SSD,Intel HD Graphics 620,F4S9LLKM,9HEBPM4V6L
799,Dell,Notebook,15.6,Full HD 1920x1080,Intel Core i3 6006U 2GHz,8GB,256GB SSD,AMD Radeon R5 M420X,8VM4WOJY,DVLKRBAXIE
800,HP,Workstation,15.6,Full HD 1920x1080,Intel Core i7 7700HQ 2.8GHz,8GB,256GB SSD,Nvidia Quadro M2200,YXHVUP2T,6HCNLFBYEF
801,Asus,Notebook,15.6,Full HD 1920x1080,Intel Core i5 7200U 2.5GHz,8GB,256GB SSD,Intel HD Graphics 620,TSWHKJ6B,9G19OI9Y6J
802,Dell,Ultrabook,13.3,Full HD 1920x1080,Intel Core i5 7200U 2.5GHz,8GB,256GB SSD,Intel HD Graphics 620,CXIVCSWP,HBVNJAZG23
803,Dell,Notebook,15.6,4K Ultra HD / Touchscreen 3840x2160,Intel Core i5 7300HQ 2.5GHz,8GB,256GB SSD,Nvidia GeForce GTX 1050,HUSVWW73,HWHSAKMQ37
804,Dell,Netbook,11.6,1366x768,Intel Pentium Quad Core N4200 1.1GHz,4GB,128GB SSD,Intel HD Graphics 505,PLK6YK8Z,RT76XI5F5B
805,HP,Netbook,12.5,1366x768,Intel Core i5 7300U 2.6GHz,8GB,256GB SSD,Intel HD Graphics 620,RTNWMDX6,M3QAOE5LID
806,Toshiba,Notebook,15.6,1366x768,Intel Core i5 6200U 2.3GHz,4GB,500GB HDD,Intel HD Graphics 520,QDVHE8RP,04RMLHTMSR
807,HP,Notebook,15.6,1366x768,AMD A12-Series 9700P 2.5GHz,8GB,2TB HDD,AMD Radeon R7 Graphics,5SD3BGUU,KBI95O88UH
808,Dell,Gaming,15.6,4K Ultra HD 3840x2160,Intel Core i7 7700HQ 2.8GHz,16GB,512GB SSD,Nvidia GeForce GTX 1050 Ti,IFQOHL78,H7EGT7ALZG
809,Lenovo,Notebook,15.6,Full HD 1920x1080,Intel Core i5 7200U 2.5GHz,4GB,1TB HDD,Nvidia GeForce 920M,X27E8893,935V8VQIJJ
810,HP,Gaming,17.3,IPS Panel Full HD 1920x1080,Intel Core i7 7700HQ 2.8GHz,12GB,1TB HDD,AMD Radeon RX 580,K3BCTWVJ,X5ABKMH1VN
811,MSI,Gaming,17.3,Full HD 1920x1080,Intel Core i7 7700HQ 2.8GHz,16GB,512GB SSD +  1TB HDD,Nvidia GeForce GTX 1070,YON92X6Z,M2ZM4YAD3T
812,Samsung,Ultrabook,13.3,Full HD 1920x1080,Intel Core i5 7200U 2.5GHz,8GB,256GB SSD,Intel HD Graphics 620,CVY44O3R,X0T212FUOU
813,Dell,Notebook,15.6,Full HD 1920x1080,Intel Core i7 7500U 2.7GHz,8GB,1TB HDD,Nvidia GeForce GT 940MX,GBRCD9SZ,T1TZB8YTUR
814,Dell,Notebook,15.6,Full HD 1920x1080,Intel Core i5 7200U 2.5GHz,8GB,256GB SSD,AMD Radeon R5 M420,E1ATCIRN,9V86DOKZ40
815,Lenovo,Ultrabook,14.0,Full HD 1920x1080,Intel Core i7 7500U 2.7GHz,8GB,256GB SSD,Intel HD Graphics 620,9ZO85FB9,JSPS68BH3B
816,Razer,Ultrabook,12.5,IPS Panel 4K Ultra HD / Touchscreen 3840x2160,Intel Core i7 7500U 2.5GHz,16GB,512GB SSD,Intel HD Graphics 620,K5RX1IOG,8CDN7VMV5P
817,HP,Netbook,11.6,1366x768,Intel Celeron Dual Core N3060 1.6GHz,4GB,16GB Flash Storage,Intel HD Graphics 400,C436POLH,GQV5BHWCXC
818,Dell,Gaming,17.3,IPS Panel Full HD 1920x1080,Intel Core i7 7700HQ 2.8GHz,16GB,128GB SSD +  1TB HDD,Nvidia GeForce GTX 1060,FIB4ILOO,8HA149AI3R
819,Dell,Notebook,14.0,1366x768,Intel Core i5 6200U 2.3GHz,4GB,500GB HDD,Intel HD Graphics 520,53BXALVP,M0FMJH2YWO
820,Lenovo,Notebook,15.6,1366x768,Intel Core i3 6006U 2GHz,4GB,500GB HDD,Intel HD Graphics 520,16OVBEF5,IVPUKCOU1S
821,Toshiba,Ultrabook,14.0,1366x768,Intel Core i5 7200U 2.5GHz,4GB,128GB SSD,Intel HD Graphics 620,SQEZGTZU,71EBC6MZ7J
822,Lenovo,Ultrabook,14.0,IPS Panel Full HD 1920x1080,Intel Core i7 7500U 2.7GHz,8GB,512GB SSD,Intel HD Graphics 620,XJBF96ES,E7VSIRUC7X
823,MSI,Gaming,15.6,Full HD 1920x1080,Intel Core i5 7300HQ 2.5GHz,8GB,256GB SSD,Nvidia GeForce GTX 1050,5G4IZN48,C0IU5AKML4
824,Lenovo,Ultrabook,14.0,IPS Panel Full HD 1920x1080,Intel Core i5 7200U 2.5GHz,8GB,256GB Flash Storage,Intel HD Graphics 620,5D9D7N23,PQP7R3E2TR
825,Toshiba,Notebook,14.0,1366x768,Intel Pentium Dual Core 4405U 2.1GHz,4GB,128GB SSD,Intel HD Graphics 510,9MQXWNOH,9BTR85KJ2B
826,Asus,2 in 1 Convertible,13.3,Touchscreen / Full HD 1920x1080,Intel Core i5 7200U 2.5GHz,8GB,256GB SSD,Intel HD Graphics 620,NBK3JVSX,GR2PEYIKNJ
827,Dell,Notebook,14.0,1366x768,Intel Core i3 6006U 2GHz,4GB,500GB HDD,Intel HD Graphics 520,H1UPL9TG,CIP7YW90XI
828,Acer,Netbook,11.6,IPS Panel 1366x768,Intel Celeron Dual Core N3060 1.6GHz,4GB,32GB Flash Storage,Intel HD Graphics 400,0DSZPPYQ,FOV5XD6N5H
829,Acer,Notebook,14.0,IPS Panel Full HD 1920x1080,Intel Core i3 7100U 2.4GHz,8GB,128GB SSD,Intel HD Graphics 620,1HTOIAY4,UB3OGG5GFP
830,Razer,Gaming,17.3,4K Ultra HD / Touchscreen 3840x2160,Intel Core i7 7820HK 2.9GHz,32GB,512GB SSD,Nvidia GeForce GTX 1080,KOPNJEGN,A0VI9KG6P5
831,Lenovo,Ultrabook,14.0,IPS Panel Quad HD+ 2560x1440,Intel Core i7 6600U 2.6GHz,16GB,512GB SSD,Intel HD Graphics 520,VWFDOW2S,HGT2D94IBW
832,Asus,Notebook,15.6,Full HD 1920x1080,Intel Core i5 7200U 2.5GHz,4GB,1TB HDD,Nvidia GeForce 920,74SZCIZZ,S0E3VB2C0O
833,Lenovo,Notebook,14.0,Full HD 1920x1080,Intel Core i5 6200U 2.3GHz,8GB,256GB SSD,Intel HD Graphics 520,2G4Y5MTC,OBWKPZBEYW
834,Lenovo,Notebook,14.0,IPS Panel Full HD 1920x1080,Intel Core i5 7300U 2.6GHz,8GB,256GB SSD,Intel HD Graphics 620,WGC7P1GK,7PDKA8TS6G
835,Dell,Gaming,15.6,Full HD 1920x1080,Intel Core i7 7700HQ 2.8GHz,16GB,256GB SSD +  1TB HDD,Nvidia GeForce GTX 1070,GB953S55,4QUG01E44D
836,Asus,Gaming,17.3,Full HD 1920x1080,Intel Core i7 7700HQ 2.8GHz,16GB,256GB SSD +  1TB HDD,Nvidia GeForce GTX 1070,C05SABT2,DEEM1V8XN4
837,Toshiba,Notebook,15.6,1366x768,Intel Core i3 7100U 2.4GHz,4GB,500GB HDD,Intel HD Graphics 620,59TUA1UO,LYBL05V50J
838,Lenovo,Notebook,14.0,1366x768,Intel Celeron Quad Core N3160 1.6GHz,4GB,16GB Flash Storage,Intel HD Graphics 400,5Z2E0V7D,9IRLBY4XKO
839,Asus,Notebook,15.6,Full HD 1920x1080,Intel Core i5 7200U 2.5GHz,8GB,128GB HDD,Intel HD Graphics 620,YN4B1XKN,2IB4TF9BH9
840,Asus,Gaming,17.3,Full HD 1920x1080,Intel Core i7 6700HQ 2.6GHz,16GB,512GB SSD +  1TB HDD,Nvidia GeForce GTX 1060,PQGB45XB,AV0527KKWW
841,Dell,Gaming,17.3,IPS Panel Full HD 1920x1080,Intel Core i7 7700HQ 2.8GHz,32GB,512GB SSD +  1TB HDD,Nvidia GeForce GTX 1070,TWFPF8TD,6NSKKP20KC
842,HP,Notebook,17.3,1600x900,Intel Core i5 7200U 2.5GHz,8GB,1TB HDD,Nvidia GeForce 930MX,DIN1VFI1,SJ4NCZTJHD
843,Dell,Notebook,15.6,1366x768,Intel Core i5 7200U 2.5GHz,8GB,128GB SSD,Intel HD Graphics 620,FADV2OLF,YHDSA8M9RT
844,HP,Ultrabook,14.0,Full HD 1920x1080,Intel Core i7 6500U 2.5GHz,8GB,512GB SSD,Intel HD Graphics 520,W5ZKQ11U,223TH5LHRB
845,Dell,Notebook,15.6,Full HD 1920x1080,Intel Core i7 7500U 2.7GHz,4GB,256GB SSD,AMD Radeon R5 M420,1GPYTW3O,Y6CD4SW4TB
846,HP,2 in 1 Convertible,11.6,Touchscreen 1366x768,Intel Celeron Dual Core N3350 1.1GHz,4GB,32GB Flash Storage,Intel HD Graphics 500,BKXNI0RY,D38X15DYCD
847,Asus,Ultrabook,13.3,IPS Panel Full HD 1920x1080,Intel Core i5 6200U 2.3GHz,8GB,512GB SSD,Nvidia GeForce 940M,CWWJIW6D,ZCWVFTB2WC
848,HP,2 in 1 Convertible,13.3,Full HD / Touchscreen 1920x1080,Intel Core i5 7200U 2.5GHz,8GB,256GB SSD,Intel HD Graphics 620,2HWAW6TJ,KFXFM41WQ7
849,HP,Ultrabook,14.0,Full HD 1920x1080,Intel Core i7 6500U 2.5GHz,8GB,512GB SSD,Intel HD Graphics 520,R6CIH158,A66PV830DY
850,HP,Notebook,15.6,1366x768,Intel Celeron Dual Core N3060 1.6GHz,4GB,128GB SSD,Intel HD Graphics 400,U94RR9LM,GWB0LPTDA9
851,Asus,Gaming,15.6,Full HD 1920x1080,Intel Core i7 7700HQ 2.8GHz,16GB,128GB SSD +  1TB HDD,Nvidia GeForce GTX 1060,525Y6A6F,AFRDGS0IVQ
852,Dell,Notebook,17.3,Full HD 1920x1080,Intel Core i7 7500U 2.7GHz,8GB,1TB HDD,AMD Radeon R7 M445,S36P7UPT,B6QDB1RWFE
853,Lenovo,Ultrabook,14.0,IPS Panel Full HD 1920x1080,Intel Core i7 7700HQ 2.8GHz,8GB,256GB SSD,Nvidia GeForce GT 940MX,96K8XTLV,CCI4ZY0BRH
854,Asus,Notebook,15.6,IPS Panel Full HD 1920x1080,Intel Core i7 7500U 2.7GHz,8GB,256GB SSD,Nvidia GeForce GTX 930MX,X7PMRNEL,YQV978DU9U
855,Dell,Notebook,15.6,Full HD 1920x1080,Intel Core i5 7200U 2.5GHz,8GB,128GB SSD,Intel HD Graphics 620,XUXVQE8F,TV4CM8QPQJ
856,Asus,Notebook,15.6,1366x768,Intel Pentium Quad Core N4200 1.1GHz,4GB,1TB HDD,Intel HD Graphics 505,8JXBOHCG,447QS6L2YF
857,HP,2 in 1 Convertible,13.3,Full HD / Touchscreen 1920x1080,Intel Core i7 7600U 2.8GHz,8GB,256GB SSD,Intel HD Graphics 620,EBSLYGJD,SS8FBY4YRJ
858,Dell,Notebook,13.3,Full HD / Touchscreen 1920x1080,Intel Core i5 6200U 2.3GHz,8GB,1TB HDD,Intel HD Graphics 520,57S1Q1KN,N2M1KSF82X
859,Lenovo,Notebook,15.6,Full HD 1920x1080,Intel Core i3 6006U 2.0GHz,4GB,1TB HDD,Intel HD Graphics 520,OGX4IGN7,PKB46606XO
860,Lenovo,Notebook,15.6,IPS Panel Full HD 1920x1080,Intel Core i5 7200U 2.5GHz,8GB,1TB HDD,Intel HD Graphics 620,AOBSJMLR,YVSZTNB39A
861,HP,Notebook,15.6,Full HD 1920x1080,Intel Core i5 7300U 2.6GHz,8GB,256GB SSD,AMD Radeon R7 M465,5Z3SPDOY,BN2ALGWG9Z
862,Toshiba,Notebook,13.3,Full HD 1920x1080,Intel Core i5 7200U 2.5GHz,4GB,128GB SSD,Intel HD Graphics 620,FYDH22VR,5CO4FNYHAR
863,Lenovo,Gaming,15.6,IPS Panel Full HD 1920x1080,Intel Core i5 7300HQ 2.5GHz,8GB,1TB HDD,Nvidia GeForce GTX 1050,CPJ30VAF,M6DSVGOOTP
864,Dell,Ultrabook,13.3,Quad HD+ / Touchscreen 3200x1800,Intel Core i7 7660U 2.5GHz,16GB,512GB SSD,Intel Iris Plus Graphics 640,BYNWLTY9,KL91GQWOM9
865,HP,Notebook,15.6,Full HD 1920x1080,Intel Core i5 6200U 2.3GHz,4GB,500GB HDD,Intel HD Graphics 520,0KYV1BR3,BHBWNZHEWB
866,Toshiba,Ultrabook,13.3,1366x768,Intel Core i5 6200U 2.3GHz,8GB,256GB SSD,Intel HD Graphics 520,WBO7F30P,FWXNBMIS5H
867,Lenovo,2 in 1 Convertible,13.3,IPS Panel Full HD / Touchscreen 1920x1080,Intel Core i7 7500U 2.7GHz,8GB,256GB SSD,Intel HD Graphics 620,2YWPJAGH,CRJD0TE6L6
868,Acer,Notebook,14.0,IPS Panel Full HD 1920x1080,Intel Core i5 7200U 2.5GHz,8GB,256GB SSD,Intel HD Graphics 620,H8EB25M4,M8S8JDVUMO
869,Dell,Workstation,15.6,Full HD 1920x1080,Intel Core i7 7700HQ 2.8GHz,8GB,1TB HDD,Nvidia Quadro M620,LCVMIR0F,VSI2BVNVWP
870,Lenovo,Notebook,15.6,1366x768,Intel Core i5 7200U 2.5GHz,4GB,500GB HDD,Intel HD Graphics 620,HFRA7D92,BH2S6M33DP
871,Lenovo,Notebook,15.6,Full HD 1920x1080,Intel Core i3 6006U 2GHz,4GB,1TB HDD,AMD Radeon R5 M430,N7M4TP9K,B2DTX0FFW2
872,Toshiba,Notebook,15.6,IPS Panel Full HD 1920x1080,Intel Core i7 7500U 2.7GHz,8GB,256GB SSD,Intel HD Graphics 620,3IYJCNV7,H7DIO47UKZ
873,Lenovo,Notebook,13.3,IPS Panel Full HD 1920x1080,Intel Core i3 7100U 2.4GHz,4GB,180GB SSD,Intel HD Graphics 620,ISMAM6G6,PI70AI0ZWE
874,Samsung,Ultrabook,15.0,Full HD 1920x1080,Intel Core i7 7500U 2.7GHz,16GB,256GB SSD,Nvidia GeForce 940MX,SM0S1J8H,PITHANV513
875,Dell,Ultrabook,12.5,Full HD 1920x1080,Intel Core i7 7600U 2.8GHz,8GB,256GB SSD,Intel HD Graphics 620,3U2MW2SY,LQ8AQI6HEX
876,Asus,Notebook,15.6,1366x768,Intel Pentium Quad Core N4200 1.1GHz,4GB,1TB HDD,Intel HD Graphics 505,C1LT09JS,ZKR2TJ79KW
877,Xiaomi,Ultrabook,13.3,IPS Panel Full HD 1920x1080,Intel Core i5 6200U 2.3GHz,8GB,256GB SSD,Nvidia GeForce 940MX,D33KPWKB,9Q5OXI9Z8E
878,Dell,Notebook,15.6,Full HD 1920x1080,Intel Core i5 7200U 2.5GHz,4GB,128GB SSD +  1TB HDD,Nvidia GeForce 940MX,45LHUD5R,XQWBZCSYR6
879,HP,Notebook,15.6,Full HD 1920x1080,Intel Core i5 7200U 2.5GHz,4GB,256GB SSD,Intel HD Graphics 620,KSCLBLHH,1Z6GZHIWJY
880,HP,2 in 1 Convertible,13.3,Full HD / Touchscreen 1920x1080,Intel Core i5 7200U 2.5GHz,4GB,256GB SSD,Intel HD Graphics 620,SDIBHG0G,EKECBVE6RS
881,HP,2 in 1 Convertible,15.6,Touchscreen 1366x768,Intel Core i5 7200U 2.5GHz,4GB,500GB HDD,Intel HD Graphics 620,U9EMRBF8,YBLSN6A35U
882,Asus,Notebook,14.1,1366x768,Intel Celeron Dual Core N3350 1.1GHz,4GB,32GB Flash Storage,Intel HD Graphics 500,2LW8H8V5,NACD4SLPCC
883,Lenovo,Notebook,15.6,IPS Panel Full HD 1920x1080,Intel Core i7 6500U 2.5GHz,8GB,1TB HDD,Nvidia GeForce 940MX,GM1UU4I8,N5C6WNDITV
884,Dell,Notebook,15.6,1366x768,Intel Pentium Quad Core N3710 1.6GHz,4GB,500GB HDD,Intel HD Graphics,OAZ3DQTG,DOGE69998P
885,HP,2 in 1 Convertible,13.3,Full HD / Touchscreen 1920x1080,Intel Core i5 7200U 2.5GHz,4GB,256GB SSD,Intel HD Graphics 620,J3EHVB86,410MXMPU53
886,Dell,Notebook,15.6,1366x768,Intel Core i3 6006U 2.0GHz,4GB,1TB HDD,AMD Radeon R5 M420X,R405ESIU,DZLL1PPNS2
887,Asus,Gaming,17.3,Full HD 1920x1080,Intel Core i5 7300HQ 2.5GHz,12GB,128GB SSD +  1TB HDD,Nvidia GeForce GTX 1050,PF9UGBY2,DJ9HLHV2E5
888,Acer,Netbook,11.6,IPS Panel 1366x768,Intel Celeron Dual Core N3060 1.6GHz,4GB,32GB Flash Storage,Intel HD Graphics 400,WH6ID66G,VYECT7RVJX
889,Lenovo,Notebook,17.3,1600x900,AMD A4-Series 7210 2.2GHz,4GB,500GB HDD,AMD Radeon R3,OW5NT7XL,OA0VHL70KJ
890,HP,Notebook,14.0,Full HD 1920x1080,Intel Core i5 7200U 2.5GHz,4GB,128GB SSD,Intel HD Graphics 620,9WVKO796,5QF74GCEYL
891,HP,2 in 1 Convertible,13.3,Quad HD+ / Touchscreen 3200x1800,Intel Core i7 7500U 2.7GHz,16GB,256GB SSD,Intel HD Graphics 620,BBMVC4UT,GHARCRLODY
892,Samsung,Ultrabook,15.0,Full HD 1920x1080,Intel Core i7 7500U 2.7GHz,8GB,256GB SSD,Intel HD Graphics 620,ULPBOYSU,WT01B5MRW6
893,Lenovo,Ultrabook,14.0,IPS Panel Full HD 1920x1080,Intel Core i5 7200U 2.5GHz,8GB,256GB SSD,Intel HD Graphics 620,3IMLY1MO,W8V0DKFW92
894,MSI,Gaming,17.3,IPS Panel 4K Ultra HD 3840x2160,Intel Core i7 6700HQ 2.6GHz,16GB,512GB SSD +  2TB HDD,Nvidia GeForce GTX 1060,6EI1JAR0,GI27WQ02PZ
895,Toshiba,Notebook,13.3,Full HD 1920x1080,Intel Core i5 7200U 2.5GHz,8GB,256GB SSD,Intel HD Graphics 620,U5B092DS,SUODNTQKKT
896,Dell,Gaming,15.6,Full HD 1920x1080,Intel Core i7 7700HQ 2.8GHz,8GB,1TB HDD,Nvidia GeForce GTX 1050Ti,UIZ5TPIQ,YK9J871RTM
897,HP,Notebook,15.6,Full HD 1920x1080,Intel Core i7 7500U 2.7GHz,8GB,1TB HDD,Nvidia GeForce 930MX,8D9ABGNZ,17MDIQGR2M
898,Dell,Notebook,15.6,1366x768,Intel Core i3 6006U 2.0GHz,4GB,1TB HDD,AMD Radeon R5 M420X,BK2QB65B,B32EL9VS8Y
899,Dell,Notebook,15.6,Full HD 1920x1080,Intel Core i5 7300U 2.6GHz,8GB,500GB HDD,Intel HD Graphics 620,HY4U6Z6Y,0LQGHKQW9B
900,Dell,2 in 1 Convertible,13.3,Quad HD+ / Touchscreen 3200x1800,Intel Core i7 7Y75 1.3GHz,8GB,512GB SSD,Intel HD Graphics 615,9PX0PAUE,FWSQKQF56Z
901,Asus,Gaming,17.3,IPS Panel Full HD 1920x1080,Intel Core i7 6820HK 2.7GHz,32GB,256GB SSD +  256GB SSD,Nvidia GeForce GTX 980M,6GTE4PA9,7A5VQ0LK9A
902,Dell,2 in 1 Convertible,13.3,Full HD / Touchscreen 1920x1080,Intel Core i7 7Y75 1.3GHz,16GB,256GB SSD,Intel HD Graphics 615,0QCQ769N,AO9KQDOHYM
903,Lenovo,Ultrabook,14.0,IPS Panel Full HD 1920x1080,Intel Core i7 7500U 2.7GHz,8GB,256GB Flash Storage,Intel HD Graphics 620,1TXNZPHP,4NI4WU9M8C
904,Lenovo,Notebook,15.6,IPS Panel Full HD 1920x1080,Intel Core i5 7200U 2.5GHz,8GB,512GB SSD,Intel HD Graphics 620,KYGKL634,YXWWMAU1I9
905,LG,Ultrabook,15.6,IPS Panel Full HD / Touchscreen 1920x1080,Intel Core i7 7500U 2.7GHz,16GB,512GB SSD,Intel HD Graphics 620,P3445RXW,47AX1RL18Q
906,HP,Netbook,12.5,Full HD 1920x1080,Intel Core i7 7500U 2.7GHz,8GB,512GB SSD,Intel HD Graphics 620,AMK3OH1Q,LKQRAC5CBZ
907,Acer,Notebook,15.6,IPS Panel Full HD 1920x1080,Intel Celeron Dual Core 3205U 1.5GHz,4GB,16GB Flash Storage,Intel HD Graphics,WF2HNWZ3,KAPRVYGGE3
908,Lenovo,Notebook,15.6,IPS Panel Full HD 1920x1080,Intel Core i5 6300HQ 2.3GHz,8GB,128GB SSD +  1TB HDD,Nvidia GeForce GTX 960M,LQ8YP6VA,H3YERLJDMS
909,LG,Ultrabook,14.0,IPS Panel Full HD / Touchscreen 1920x1080,Intel Core i7 7500U 2.7GHz,8GB,512GB SSD,Intel HD Graphics 620,KEERFWIC,5BWAXQCABF
910,Dell,Notebook,14.0,Full HD 1920x1080,Intel Core i5 7440HQ 2.8GHz,8GB,256GB SSD,Intel HD Graphics 620,6HDJIUT1,36VEH93QKY
911,HP,Ultrabook,12.5,4K Ultra HD / Touchscreen 3840x2160,Intel Core M 6Y75 1.2GHz,8GB,240GB SSD,Intel HD Graphics 515,VWQ2MKV2,P48HDGXJWJ
912,Lenovo,Notebook,15.6,Full HD 1920x1080,Intel Core i7 7500U 2.7GHz,6GB,256GB SSD,Nvidia GeForce 940MX,YVQPTHOK,TKM4EM3QOT
913,HP,Notebook,15.6,Full HD 1920x1080,Intel Core i7 7500U 2.7GHz,8GB,256GB SSD,Nvidia GeForce 930MX,MCU3S813,7E5FDWL3OQ
914,Acer,Notebook,15.6,Full HD 1920x1080,Intel Core i3 7100U 2.4GHz,4GB,1TB HDD,Intel HD Graphics 620,OEGI0JV5,DDC0HZNWCZ
915,Lenovo,Notebook,13.3,Full HD 1920x1080,Intel Core i5 7200U 2.5GHz,4GB,128GB SSD,Intel HD Graphics 620,6M319RXI,F1O0T6X93H
916,HP,Notebook,13.3,Full HD 1920x1080,Intel Core i5 7200U 2.5GHz,8GB,256GB SSD,Intel HD Graphics 620,4FDWIGJJ,BDF8Z8WO4C
917,MSI,Gaming,17.3,Full HD 1920x1080,Intel Core i7 7700HQ 2.8GHz,16GB,256GB SSD +  1TB HDD,Nvidia GeForce GTX 1050 Ti,2FNMHS5Q,KP0IA92ZU9
918,Dell,Gaming,15.6,Full HD 1920x1080,Intel Core i7 7700HQ 2.8GHz,16GB,128GB SSD +  1TB HDD,Nvidia GeForce GTX 1050 Ti,5BVRNE91,7QHNUH5H0Z
919,MSI,Gaming,15.6,Full HD 1920x1080,Intel Core i5 7300HQ 2.5GHz,8GB,128GB SSD +  1TB HDD,Nvidia GeForce GTX 1050,8DFDJHLA,JRM67TIV4Q
920,Dell,Notebook,15.6,1366x768,Intel Core i5 7200U 2.5GHz,4GB,1TB HDD,AMD Radeon R5 M420,5PB54Y2S,NGF3TORROW
921,HP,Ultrabook,15.6,Full HD 1920x1080,Intel Core i7 6500U 2.5GHz,8GB,256GB SSD,AMD Radeon R7 M365X,RC1O83IT,S4DDEF5LHI
922,HP,Ultrabook,13.3,Quad HD+ / Touchscreen 3200x1800,Intel Core i7 7500U 2.7GHz,8GB,256GB SSD,Intel HD Graphics 620,W84Q7PB1,CU9I8J2XEN
923,Toshiba,Notebook,15.6,IPS Panel Full HD 1920x1080,Intel Core i7 6600U 2.6GHz,16GB,256GB SSD,Nvidia GeForce 930M,1GNE9U9D,0FSLT6J77U
924,Lenovo,2 in 1 Convertible,13.3,IPS Panel Full HD / Touchscreen 1920x1080,Intel Core i5 7200U 2.5GHz,8GB,512GB SSD,Intel HD Graphics 620,FRU22ZWP,KLEG53PQUV
925,Dell,Notebook,15.6,1366x768,Intel Core i5 6200U 2.3GHz,4GB,500GB HDD,Intel HD Graphics 520,D31A3MUR,NDHS196LCZ
926,Lenovo,Ultrabook,12.5,IPS Panel Full HD 1920x1080,Intel Core i7 7500U 2.7GHz,8GB,256GB SSD,Intel HD Graphics 620,TGRQASTN,TZRQ80BYOA
927,HP,Notebook,15.6,Full HD 1920x1080,Intel Core i5 6200U 2.3GHz,8GB,256GB SSD,Intel HD Graphics 520,MWHBHFUA,IVVVKLLH1D
928,Dell,Notebook,15.6,1366x768,Intel Core i5 7200U 2.5GHz,4GB,1TB HDD,Intel HD Graphics 620,4YM8CE6Q,87E5LK4RJQ
929,HP,Notebook,14.0,1366x768,Intel Core i5 6200U 2.3GHz,4GB,500GB HDD,Intel HD Graphics 520,W08JCKHR,PDZ7HQ5HXA
930,Lenovo,Notebook,15.6,1366x768,Intel Pentium Quad Core N4200 1.1GHz,4GB,1TB HDD,Intel HD Graphics 505,F4QBHL2X,5697AR1G1M
931,HP,Ultrabook,12.5,Full HD 1920x1080,Intel Core i5 6200U 2.3GHz,4GB,500GB HDD,Intel HD Graphics 520,28OLEMVD,4RJPI4A0CE
932,HP,Notebook,15.6,1366x768,Intel Celeron Dual Core N3060 1.6GHz,4GB,1TB HDD,Intel HD Graphics 400,JDAZUXX0,8HW0NUOM4D
933,Lenovo,2 in 1 Convertible,13.3,IPS Panel Quad HD+ / Touchscreen 3200x1800,Intel Core i7 6560U 2.2GHz,16GB,1TB SSD,Intel Iris Graphics 540,P3C290YT,9IRD27AGUO
934,Toshiba,Notebook,14.0,IPS Panel Full HD 1920x1080,Intel Core i5 6200U 2.3GHz,4GB,128GB SSD,Intel HD Graphics 520,J92X9V3N,KHQ9A1YM6U
935,HP,Netbook,12.5,Full HD 1920x1080,Intel Core i5 6200U 2.3GHz,8GB,256GB SSD,Intel HD Graphics 520,E45OX7Z4,GQODULWT25
936,Dell,Notebook,15.6,1366x768,Intel Core i3 6006U 2.0GHz,4GB,1TB HDD,Intel HD Graphics 520,1QKRUFFR,FASY38049A
937,MSI,Gaming,15.6,Full HD 1920x1080,Intel Core i7 7700HQ 2.8GHz,8GB,128GB SSD +  1TB HDD,Nvidia GeForce GTX 1050,RJB03OER,D25JFD082A
938,Dell,Ultrabook,14.0,Full HD 1920x1080,Intel Core i5 7200U 2.5GHz,8GB,256GB SSD,Intel HD Graphics 620,6TFJCQIK,VRB5HIJZKW
939,Dell,Gaming,17.3,2560x1440,Intel Core i7 6820HK 2.7GHz,16GB,512GB SSD +  1TB HDD,Nvidia GeForce GTX 1080,HQ0ABIEK,ZKJ4QOLK22
940,HP,Gaming,17.3,IPS Panel Full HD 1920x1080,Intel Core i5 6300HQ 2.3GHz,8GB,128GB SSD +  1TB HDD,Nvidia GeForce GTX 965M,1L04ERRF,GPD2RL2MS3
941,Asus,Notebook,17.3,1600x900,Intel Pentium Quad Core N3710 1.6GHz,4GB,1TB HDD,Nvidia GeForce 920MX,C04FN936,WK5RTDTOQD
942,Acer,Notebook,15.6,1366x768,Intel Core i5 7200U 2.5GHz,4GB,500GB HDD,Intel HD Graphics 620,SU0KAFWU,YUWHCGAFHL
943,Toshiba,Notebook,15.6,1366x768,Intel Core i5 6200U 2.3GHz,8GB,256GB SSD,Intel HD Graphics 520,OSV85YKJ,8RFBJSBTKH
944,Lenovo,2 in 1 Convertible,11.3,IPS Panel Full HD / Touchscreen 1920x1080,Intel Core M m7-6Y75 1.2GHz,8GB,256GB SSD,Intel HD Graphics 515,TAPE76OC,6E973A3H5O
945,Lenovo,Gaming,15.6,IPS Panel Full HD 1920x1080,AMD FX 8800P 2.1GHz,16GB,512GB SSD +  1TB HDD,AMD Radeon R9 M385,VE34T0MK,06766D4C6G
946,Dell,Ultrabook,12.5,Full HD / Touchscreen 1920x1080,Intel Core i5 7200U 2.5GHz,8GB,256GB SSD,Intel HD Graphics,18NNZPP0,37LMPB15ES
947,Lenovo,Notebook,15.6,Full HD 1920x1080,Intel Core i7 7500U 2.7GHz,8GB,1TB HDD,Nvidia GeForce 920MX,OAU1LOPX,7TNEM272C6
948,Dell,Notebook,17.3,1600x900,Intel Core i3 6006U 2.0GHz,4GB,1TB HDD,AMD Radeon R7 M445,RAT2A6BN,IDARGOZQKO
949,Acer,Notebook,14.0,1366x768,Intel Celeron Dual Core N3060 1.6GHz,4GB,32GB Flash Storage,Intel HD Graphics 400,27TNORM7,A505KJKZID
950,HP,Workstation,15.6,IPS Panel Full HD 1920x1080,Intel Core i7 6820HQ 2.7GHz,8GB,8GB SSD,Nvidia Quadro M1000M,2KCXZNHQ,0WFCKECJZJ
951,Dell,Ultrabook,14.0,Full HD 1920x1080,Intel Core i7 7600U 2.8GHz,8GB,256GB SSD,Intel HD Graphics 620,UVN91KOF,CEE681GDWZ
952,Toshiba,Notebook,13.3,Full HD 1920x1080,Intel Core i5 6200U 2.3GHz,8GB,256GB SSD,Intel HD Graphics 520,1XLSR5WS,Z5VU5BBWY2
953,Asus,2 in 1 Convertible,12.5,Full HD 1920x1080,Intel Core M M7-6Y75 1.2GHz,8GB,64GB Flash Storage,Intel HD Graphics 515,A05I48YI,OKFKQ6TMAV
954,Lenovo,Ultrabook,14.0,IPS Panel Full HD 1920x1080,Intel Core i7 6600U 2.6GHz,8GB,256GB SSD,Intel HD Graphics 520,15HYPAA7,FBMFUVIOKX
955,Dell,Gaming,17.3,IPS Panel 4K Ultra HD 3840x2160,Intel Core i7 7700HQ 2.8GHz,16GB,512GB SSD +  1TB HDD,Nvidia GeForce GTX 1070,TWWGQCAJ,YA7O8CAJEX
956,Dell,2 in 1 Convertible,13.3,Full HD / Touchscreen 1920x1080,Intel Core i5 7Y54 1.2GHz,8GB,256GB SSD,Intel HD Graphics 615,5PSS6I82,6U5ACT600O
957,HP,2 in 1 Convertible,11.6,Touchscreen 1366x768,Intel Pentium Quad Core N4200 1.1GHz,4GB,256GB SSD,Intel HD Graphics 505,2AH9X7U3,OHV72F51DF
958,Dell,Ultrabook,13.3,Quad HD+ 3200x1800,Intel Core i7 6500U 2.5GHz,8GB,256GB SSD,Intel HD Graphics 520,YPHQPKVW,Y7WG31TY5N
959,Acer,2 in 1 Convertible,11.6,IPS Panel Touchscreen 1366x768,Intel Celeron Dual Core N3060 1.6GHz,4GB,32GB Flash Storage,Intel HD Graphics 400,IV1HDCRS,SAZ21UPQ6O
960,Toshiba,Notebook,13.3,Full HD 1920x1080,Intel Core i5 6300U 2.4GHz,8GB,256GB SSD,Intel HD Graphics 520,M9HQ6EIJ,YU3R1Q2IIZ
961,Lenovo,Ultrabook,12.5,IPS Panel Full HD 1920x1080,Intel Core i5 7300U 2.6GHz,8GB,256GB SSD,Intel HD Graphics 620,M79D93R1,43DEFR5PRR
962,Acer,Notebook,15.6,Full HD 1920x1080,Intel Core i5 7200U 2.5GHz,12GB,128GB SSD +  1TB HDD,Nvidia GeForce GTX 950M,KNVMXT5V,16JB18XGIS
963,Toshiba,Ultrabook,12.5,Full HD / Touchscreen 1920x1080,Intel Core i7 7500U 2.7GHz,8GB,512GB SSD,Intel HD Graphics 620,2UYQ8H3D,7K79E7P89P
964,HP,Notebook,15.6,1366x768,Intel Core i5 7200U 2.50GHz,8GB,1TB HDD,Nvidia GeForce 930MX,SBQMWPQP,EZJ902XQEU
965,Dell,Notebook,15.6,1366x768,Intel Core i3 6006U 2.0GHz,4GB,1TB HDD,AMD Radeon R5 M430,99ZORTRR,SAYD49RZWT
966,Dell,Notebook,15.6,1366x768,Intel Core i5 7200U 2.5GHz,4GB,500GB HDD,Intel HD Graphics 620,F1NDRQXI,1ZNTKK6C8W
967,HP,Notebook,15.6,Full HD 1920x1080,Intel Core i3 7100U 2.4GHz,4GB,500GB HDD,Intel HD Graphics 620,UERE5T1I,YPVN9M8L0Q
968,Dell,Gaming,17.3,IPS Panel Full HD 1920x1080,Intel Core i7 7700HQ 2.8GHz,32GB,256GB SSD +  1TB HDD,Nvidia GeForce GTX 1070,Q4RDG3RF,9T85JK6TM2
969,Lenovo,Notebook,15.6,Full HD 1920x1080,Intel Core i5 7200U 2.5GHz,6GB,256GB SSD,Nvidia GeForce 920MX,PGK8RLDW,YX0KPFNHOH
970,Dell,2 in 1 Convertible,13.3,Quad HD+ / Touchscreen 3200x1800,Intel Core i7 7Y75 1.3GHz,16GB,512GB SSD,Intel HD Graphics 615,WAC1ARUI,SPIFGNLRR2
971,Dell,Ultrabook,14.0,Touchscreen 2560x1440,Intel Core i7 6600U 2.6GHz,8GB,256GB SSD,Intel HD Graphics 520,VQ8YEXLO,14G60L3ZXP
972,Dell,Gaming,17.3,Full HD 1920x1080,Intel Core i7 6700HQ 2.6GHz,32GB,256GB SSD +  1TB HDD,Nvidia GeForce GTX 1070,4CRUT5XB,4BKIZB2T2O
973,Toshiba,Notebook,14.0,Full HD 1920x1080,Intel Core i5 6200U 2.3GHz,8GB,256GB SSD,Intel HD Graphics 520,NE6S4KY2,6DKCM17ETA
974,Asus,Gaming,17.3,Full HD 1920x1080,Intel Core i7 7700HQ 2.8GHz,16GB,256GB SSD +  1TB HDD,Nvidia GeForce GTX 1060,3EFZ2H7P,66RL79TPN1
975,HP,Notebook,15.6,IPS Panel Full HD 1920x1080,Intel Core i5 7200U 2.70GHz,8GB,128GB SSD +  1TB HDD,Nvidia GeForce 930MX,0DFWBHIV,XIN8S1QLG1
976,Lenovo,Notebook,14.0,1366x768,Intel Core i5 6200U 2.3GHz,4GB,508GB Hybrid,Intel HD Graphics 520,3HUEB7HO,3FW94GZ327
977,Asus,2 in 1 Convertible,15.6,4K Ultra HD / Touchscreen 3840x2160,Intel Core i7 7500U 2.7GHz,16GB,512GB SSD +  2TB HDD,Nvidia GeForce GTX 950M,7YVC5D08,WJT8QOKXFZ
978,HP,Notebook,15.6,1366x768,Intel Core i7 7500U 2.7GHz,6GB,1TB HDD,Intel HD Graphics 620,3ZWEJW0Y,Z8174HPTI4
979,Asus,Gaming,17.3,Full HD 1920x1080,Intel Core i7 7700HQ 2.8GHz,16GB,256GB SSD +  1TB HDD,Nvidia GeForce GTX 1050 Ti,QMNW7TYR,GA6852X9N6
980,Dell,2 in 1 Convertible,15.6,IPS Panel Full HD / Touchscreen 1920x1080,Intel Core i7 7500U 2.7GHz,12GB,512GB SSD,Intel HD Graphics 620,00GH6J1D,VU03UO4JEL
981,Toshiba,Notebook,13.3,Full HD 1920x1080,Intel Core i5 6200U 2.3GHz,4GB,128GB SSD,Intel HD Graphics 520,WFQSFXX6,WL91S85VHR
982,Lenovo,Notebook,15.6,Full HD 1920x1080,AMD A12-Series 9720P 3.6GHz,6GB,256GB SSD,AMD Radeon 530,V2HT5CHF,B19QSHHMKM
983,Fujitsu,Notebook,15.6,1366x768,Intel Core i5 6200U 2.3GHz,4GB,256GB SSD,Intel HD Graphics 520,R6TUA9C2,4O2JLHHSQ7
984,Toshiba,Notebook,14.0,1366x768,Intel Core i5 6200U 2.3GHz,4GB,500GB HDD,Intel HD Graphics 520,VTT1QLL1,ISMOY7XCQ4
985,Dell,Notebook,15.6,1366x768,Intel Core i5 7200U 2.5GHz,4GB,500GB HDD,AMD Radeon R5 M430,4VC9PIUD,NZ7E6SFRAU
986,HP,Notebook,15.6,Full HD 1920x1080,Intel Core i5 7200U 2.5GHz,8GB,1TB HDD,Intel HD Graphics 620,Q6VYPWIQ,ZAY8VNWHXU
987,Lenovo,Gaming,15.6,IPS Panel Full HD 1920x1080,Intel Core i7 7700HQ 2.8GHz,8GB,128GB SSD +  1TB HDD,Nvidia GeForce GTX 1060,CZ3NLA1J,I72UTW3CIS
988,Dell,Notebook,15.6,1366x768,Intel Core i7 7500U 2.7GHz,8GB,1TB HDD,AMD Radeon R7 M445,MYKW4NA2,TD0RWDZ4KB
989,Dell,Notebook,14.0,Full HD 1920x1080,Intel Core i5 7200U 2.5GHz,8GB,128GB SSD,Intel HD Graphics 620 ,PMH3Q8M5,6X9XBCVGB8
990,HP,Netbook,12.5,Full HD 1920x1080,Intel Core M 6Y75 1.2GHz,8GB,512GB SSD,Intel HD Graphics 515,WXITA70P,VNN42HIJNM
991,HP,Notebook,15.6,Full HD 1920x1080,Intel Core i3 6006U 2GHz,4GB,128GB SSD +  1TB HDD,AMD Radeon 520,DPYQEV7G,Q2VSVTHOXU
992,Lenovo,Notebook,15.6,1366x768,Intel Celeron Dual Core N3350 1.1GHz,4GB,128GB SSD,Intel HD Graphics 500,YQFBOWWV,EI82M7OP15
993,Lenovo,Notebook,15.6,Full HD 1920x1080,Intel Core i5 6200U 2.3GHz,8GB,256GB SSD,Intel HD Graphics 520,S7K3R9VN,MHG9RE39ZR
994,Dell,2 in 1 Convertible,13.3,Full HD / Touchscreen 1920x1080,Intel Core i5 7200U 2.5GHz,8GB,256GB SSD,Intel HD Graphics 620,416RP9KZ,39XKH3GQLA
995,Asus,Notebook,13.3,Quad HD+ 3200x1800,Intel Core i5 7200U 2.5GHz,8GB,256GB SSD,Intel HD Graphics 620,L9ZR1F02,6LJ362ENGX
996,HP,Ultrabook,13.3,IPS Panel Full HD / Touchscreen 1920x1080,Intel Core i7 7500U 2.7GHz,8GB,256GB SSD,Intel HD Graphics 620,XY2LFL8K,GYRSKZSBD2
997,Acer,Notebook,15.6,1366x768,Intel Pentium Quad Core N4200 1.1GHz,4GB,500GB HDD,Intel HD Graphics 505,GYZTV5F9,H4KP3LRE45
998,Asus,Gaming,15.6,Full HD 1920x1080,Intel Core i7 7700HQ 2.8GHz,16GB,256GB SSD +  1TB HDD,Nvidia GeForce GTX 1050 Ti,7SJSTHFD,LCY0E6UZFI
999,HP,Ultrabook,14.0,Full HD 1920x1080,Intel Core i7 7500U 2.7GHz,8GB,512GB SSD,Intel HD Graphics 620,NUSEI6US,J1CNSY6V21
1000,Acer,Gaming,15.6,IPS Panel Full HD 1920x1080,Intel Core i7 7700HQ 2.8GHz,8GB,128GB SSD +  1TB HDD,Nvidia GeForce GTX 1050,7VKORU4D,0YKM6W00YE
1001,HP,Notebook,13.3,IPS Panel Full HD 1920x1080,Intel Core i5 7200U 2.5GHz,8GB,256GB SSD,Intel HD Graphics 620,EFD581CT,R5JJBKDJHY
1002,Dell,Notebook,15.6,1366x768,Intel Core i3 7100U 2.4GHz,4GB,128GB SSD,Intel HD Graphics 620,YDUEH25E,TDQYS5A552
1003,HP,Notebook,14.0,1366x768,Intel Core i5 7200U 2.5GHz,4GB,500GB HDD,Intel HD Graphics 620,NTZPYAT3,PQXL6M7SH1
1004,Toshiba,Notebook,13.3,Full HD 1920x1080,Intel Core i5 6200U 2.3GHz,4GB,128GB SSD,Intel HD Graphics 520,BOJXBY4Y,1SGNCJT6JB
1005,HP,Notebook,14.0,1366x768,Intel Core i5 6300U 2.4GHz,4GB,256GB SSD,Intel HD Graphics 520,0MKSZ2CT,AZLYXW5EHA
1006,HP,Notebook,14.0,Full HD 1920x1080,Intel Core i5 7200U 2.5GHz,4GB,256GB SSD,Intel HD Graphics 620,EI4PJJQ4,6SGNOO6AGW
1007,HP,Ultrabook,14.0,Full HD 1920x1080,Intel Core i7 6600U 2.6GHz,8GB,256GB SSD,Intel HD Graphics 520,88Y970KP,12JHBKYOIG
1008,HP,Notebook,14.0,Full HD 1920x1080,Intel Core i5 7200U 2.5GHz,8GB,256GB SSD,Nvidia GeForce 930MX,XCT24E89,7WCOBNDUPO
1009,HP,Notebook,14.0,1366x768,Intel Core i3 7100U 2.4GHz,4GB,500GB HDD,Intel HD Graphics 620,6FY0HHI0,VOKFYC5B0B
1010,Dell,Gaming,15.6,Full HD 1920x1080,Intel Core i5 7300HQ 2.5GHz,8GB,1.0TB Hybrid,Nvidia GeForce GTX 1050,I2QOZ8AU,0IJ4QJ46A8
1011,HP,Ultrabook,12.5,Full HD 1920x1080,Intel Core i5 7200U 2.5GHz,4GB,500GB HDD,Intel HD Graphics 620,OWGC0Z3H,MYUXQI3QXU
1012,HP,Notebook,14.0,Full HD 1920x1080,Intel Core i5 7200U 2.5GHz,4GB,256GB SSD,Intel HD Graphics 620,I640JYC3,RBZS7CFE64
1013,HP,Ultrabook,14.0,Full HD 1920x1080,Intel Core i7 6500U 2.5GHz,8GB,256GB SSD,Intel HD Graphics 520,XABJHI28,IWXMV7AKP6
1014,HP,Notebook,13.3,1366x768,Intel Core i3 7100U 2.4GHz,4GB,500GB HDD,Intel HD Graphics 620,L6PNNG7J,ATLJJHWKL1
1015,Toshiba,Notebook,13.3,1366x768,Intel Core i5 6200U 2.3GHz,8GB,256GB SSD,Intel HD Graphics 520,YGNWOPAU,3PRU1RY0OG
1016,HP,Notebook,15.6,1366x768,Intel Core i3 7100U 2.4GHz,4GB,256GB SSD,Intel HD Graphics 620,MNDLROJZ,EQF89VFCRC
1017,Lenovo,Notebook,17.3,IPS Panel 4K Ultra HD 3840x2160,Intel Core i7 6820HQ 2.7GHz,16GB,512GB SSD,Nvidia Quadro 3000M,QN14MS1M,74860F92OC
1018,Toshiba,Notebook,14.0,IPS Panel Full HD 1920x1080,Intel Core i5 6200U 2.3GHz,8GB,256GB SSD,Intel HD Graphics 520,7LNGU3UH,224GZQQ29N
1019,HP,Notebook,14.0,Full HD 1920x1080,Intel Core i7 6500U 2.5GHz,8GB,256GB SSD,Intel HD Graphics 520,VAELGHF1,QH782YDUER
1020,Dell,2 in 1 Convertible,15.6,IPS Panel Full HD / Touchscreen 1920x1080,Intel Core i3 6100U 2.3GHz,4GB,1TB HDD,Intel HD Graphics 520,4DZC980N,8ML48VRCF2
1021,Toshiba,Ultrabook,13.3,Full HD 1920x1080,Intel Core i5 6200U 2.3GHz,8GB,256GB SSD,Intel HD Graphics 520,SJYD4ZHF,TOGSXISDVA
1022,HP,Notebook,13.3,IPS Panel Full HD 1920x1080,Intel Core i5 7200U 2.5GHz,8GB,256GB SSD,Intel HD Graphics 620,2I4V7TIK,64DXBANKAP
1023,HP,Notebook,14.0,Full HD 1920x1080,Intel Core i7 7500U 2.7GHz,8GB,256GB SSD,Nvidia GeForce 930MX,17JGH6YP,SVR7W66SI7
1024,Dell,Notebook,15.6,Full HD 1920x1080,Intel Core i5 6300U 2.4GHz,8GB,500GB HDD,Intel HD Graphics 520,Q81GPILD,MR14BDP0HU
1025,HP,Ultrabook,12.5,1366x768,Intel Core i5 7200U 2.5GHz,4GB,256GB SSD,Intel HD Graphics 620,8T4XOIXT,CVOE39QE8M
1026,HP,Notebook,14.0,1366x768,Intel Core i5 7200U 2.5GHz,4GB,500GB HDD,Intel HD Graphics 620,WPC43WRZ,NBVFCCHV2O
1027,HP,Notebook,14.0,1366x768,Intel Core i5 7200U 2.5GHz,4GB,500GB HDD,Intel HD Graphics 620,AI3VMZEX,MMAI3HRODM
1028,Dell,Ultrabook,13.3,Quad HD+ / Touchscreen 3200x1800,Intel Core i5 7200U 2.5GHz,8GB,256GB SSD,Intel HD Graphics 620,GX1EF6R7,1E4XW01YWR
1029,HP,Notebook,17.3,Full HD 1920x1080,Intel Core i5 7200U 2.5GHz,8GB,256GB SSD,Nvidia GeForce 930MX,VNMQ44QL,ZU9N2XH6U7
1030,HP,Notebook,14.0,1366x768,Intel Core i5 7200U 2.5GHz,4GB,256GB SSD,Intel HD Graphics 620,ZPTYNJNB,U3XYKDQM23
1031,Acer,Notebook,15.6,1366x768,AMD A9-Series 9420 3GHz,6GB,1TB HDD,AMD Radeon R5,JQBDGE89,LLEATKF0EZ
1032,MSI,Gaming,17.3,Full HD 1920x1080,Intel Core i7 7700HQ 2.8GHz,8GB,128GB SSD +  1TB HDD,Nvidia GeForce GTX 1050,C6NZMF3Z,EK8H4T16DD
1033,HP,Notebook,14.0,Full HD 1920x1080,Intel Core i5 6200U 2.3GHz,8GB,256GB SSD,Intel HD Graphics 520,H0MMB7AF,JYEMV1PZSZ
1034,HP,Notebook,15.6,Full HD 1920x1080,Intel Core i7 6500U 2.5GHz,8GB,256GB SSD,Intel HD Graphics 520,OU249510,QW0P9J4NQ0
1035,HP,Ultrabook,12.5,Full HD 1920x1080,Intel Core i7 6500U 2.5GHz,8GB,256GB SSD,Intel HD Graphics 520,4JPBUD8X,TCMCD99GCK
1036,HP,Notebook,15.6,1366x768,Intel Core i5 7200U 2.5GHz,4GB,500GB HDD,Intel HD Graphics 620,ZZTGXBVM,1BCOWB85MQ
1037,Toshiba,Ultrabook,14.0,IPS Panel Full HD 1920x1080,Intel Core i7 6600U 2.6GHz,8GB,256GB SSD,Intel HD Graphics 520,ND6LQD8E,ZW3ZQZ6NZY
1038,Dell,Notebook,15.6,Full HD 1920x1080,Intel Core i5 6300U 2.4GHz,8GB,256GB SSD,Intel HD Graphics 520,3YIGH6ZI,SJMB139J40
1039,HP,Notebook,14.0,Full HD 1920x1080,Intel Core i5 7200U 2.5GHz,8GB,256GB SSD,Intel HD Graphics 620,A4VCALPQ,YW094RA1M9
1040,Lenovo,2 in 1 Convertible,15.6,IPS Panel Full HD / Touchscreen 1920x1080,Intel Core i7 6500U 2.5GHz,4GB,256GB SSD,Intel HD Graphics 520,DW3SAEED,CRLQC7AR7Z
1041,Vero,Notebook,14.0,1366x768,Intel Atom X5-Z8350 1.44GHz,2GB,32GB Flash Storage,Intel HD Graphics 400,D8ULZB1K,4VZ62SRAGS
1042,Toshiba,Notebook,15.6,IPS Panel Full HD 1920x1080,Intel Core i7 6500U 2.5GHz,16GB,256GB SSD,Nvidia GeForce 930M,TTXRS4IB,27V0PI76WJ
1043,Lenovo,Notebook,15.6,Full HD 1920x1080,Intel Core i5 6200U 2.3GHz,8GB,256GB SSD,Intel HD Graphics 520,7KER98MY,NSPR9VJEBY
1044,HP,Notebook,14.0,Full HD 1920x1080,Intel Core i5 6200U 2.3GHz,4GB,500GB HDD,Intel HD Graphics 520,KBXH2U3E,PYO75PMVYJ
1045,HP,Notebook,15.6,Full HD 1920x1080,Intel Core i5 6300U 2.4GHz,8GB,256GB SSD +  500GB HDD,Intel HD Graphics 520,Z9F1SMVR,BX8S6GKPCL
1046,HP,Notebook,14.0,Full HD 1920x1080,Intel Core i5 6200U 2.3GHz,8GB,256GB SSD,Intel HD Graphics 520,PQH35KVB,LLVICWDIF1
1047,MSI,Gaming,17.3,IPS Panel Full HD 1920x1080,Intel Core i7 6820HK 2.7GHz,16GB,256GB SSD +  1TB HDD,Nvidia GeForce GTX 980M,WLA4PKDV,CH7FR509YI
1048,Lenovo,Gaming,17.3,IPS Panel Full HD 1920x1080,Intel Core i7 6700HQ 2.6GHz,16GB,128GB SSD +  1TB HDD,Nvidia GeForce GTX 980M,5E39R0SR,1PM622H3B1
1049,Asus,Netbook,11.6,1366x768,Intel Celeron Dual Core N3060 1.6GHz,4GB,16GB Flash Storage,Intel HD Graphics 400,5GMC6O7Q,G2IIY5JMR0
1050,Lenovo,Notebook,14.0,IPS Panel 2560x1440,Intel Core i7 6600U 2.6GHz,16GB,256GB SSD,Intel HD Graphics 520,IYGPPYDH,389AF699H8
1051,HP,Notebook,15.6,IPS Panel Full HD 1920x1080,Intel Core i7 7500U 2.7GHz,8GB,1TB HDD,Nvidia GeForce 940MX,4XC0QWUE,FWGZMP1VYT
1052,Dell,2 in 1 Convertible,15.6,IPS Panel Full HD / Touchscreen 1920x1080,Intel Core i5 7200U 2.7GHz,8GB,256GB SSD,Intel HD Graphics 620,8BO64FWW,OS963U2QF3
1053,HP,Notebook,15.6,1366x768,Intel Core i5 7200U 2.5GHz,4GB,256GB SSD,Intel HD Graphics 620,V0EA5EX6,VXOXVDLCS4
1054,Dell,Ultrabook,13.3,Quad HD+ / Touchscreen 3200x1800,Intel Core i7 7500U 2.7GHz,16GB,1TB SSD,Intel HD Graphics 620,0PC05TJX,OMCBCR2HH5
1055,HP,Notebook,15.6,1366x768,Intel Core i3 6100U 2.3GHz,4GB,500GB HDD,Intel HD Graphics 520,SVZWSLMU,QVRH1PGBHC
1056,HP,Notebook,15.6,1366x768,Intel Core i5 7200U 2.5GHz,4GB,500GB HDD,Intel HD Graphics 620,0CNOBKL8,WUWL0RJF53
1057,Acer,Notebook,15.6,1366x768,AMD A8-Series 7410 2.2GHz,8GB,1TB HDD,AMD Radeon R5,O0UVXK49,9Q15FPLVSI
1058,Dell,2 in 1 Convertible,13.3,IPS Panel Full HD / Touchscreen 1920x1080,Intel Core i7 7500U 2.7GHz,12GB,256GB SSD,Intel HD Graphics 620,HQ9TKFZN,3UDTW2C8LX
1059,MSI,Gaming,15.6,Full HD 1920x1080,Intel Core i7 6700HQ 2.6GHz,16GB,256GB SSD +  1TB HDD,Nvidia GeForce GTX 1060,SF8MVZHX,M25O5TJ4L2
1060,HP,Notebook,15.6,Full HD 1920x1080,Intel Core i7 7500U 2.7GHz,8GB,256GB SSD,Intel HD Graphics 620,K0HSGQTE,L321KNZG2L
1061,Asus,Gaming,17.3,IPS Panel Full HD 1920x1080,Intel Core i7 6700HQ 2.6GHz,16GB,1TB HDD,Nvidia GeForce GTX 965M,UN7QTGTK,16UNHFTPR9
1062,Dell,Notebook,15.6,Full HD 1920x1080,Intel Core i5 7200U 2.5GHz,4GB,1TB HDD,Intel HD Graphics,Q4NY9DEW,FVTYVVM6BI
1063,Dell,Notebook,15.6,Full HD 1920x1080,Intel Core i7 7500U 2.7GHz,16GB,2TB HDD,AMD Radeon R7 M445,7PIA9VCQ,ZAP59NOU48
1064,MSI,Gaming,15.6,Full HD 1920x1080,Intel Core i7 6700HQ 2.6GHz,16GB,256GB SSD +  1TB HDD,Nvidia GeForce GTX 1060,JBHHZ2CA,32M6XTA39T
1065,Dell,Ultrabook,13.3,Full HD 1920x1080,Intel Core i7 7500U 2.7GHz,8GB,256GB SSD,Intel HD Graphics 620,9BRECY4D,FF7DLZH09G
1066,Asus,Gaming,17.3,IPS Panel Full HD 1920x1080,Intel Core i7 6820HK 2.7GHz,64GB,1TB SSD,Nvidia GeForce GTX 980 ,GVLM25LH,EUS5YZS8TK
1067,Dell,2 in 1 Convertible,13.3,Full HD / Touchscreen 1920x1080,Intel Core i7 6500U 2.5GHz,8GB,256GB SSD,Intel HD Graphics 520,23EHD4VX,DN7570CZ2R
1068,Dell,Gaming,15.6,4K Ultra HD 3840x2160,Intel Core i7 6700HQ 2.6GHz,16GB,256GB SSD +  1TB HDD,Nvidia GeForce GTX 970M,FLCQNILO,2GQWF6STTB
1069,Apple,Ultrabook,12.0,IPS Panel Retina Display 2304x1440,Intel Core M 1.1GHz,8GB,256GB Flash Storage,Intel HD Graphics 515,WCC2C32E,HHONVDJCRK
1070,Dell,Notebook,15.6,1366x768,Intel Core i3 6100U 2.3GHz,4GB,500GB HDD,Intel HD Graphics 520,JB0HO1SU,9OEZRGKA2S
1071,HP,Notebook,15.6,1366x768,Intel Core i5 6200U 2.3GHz,4GB,500GB HDD,Intel HD Graphics 520,P0YHWX37,VEKSQMXN29
1072,HP,Ultrabook,12.5,Full HD 1920x1080,Intel Core i5 6200U 2.3GHz,8GB,256GB SSD,Intel HD Graphics 520,CA0G3PV8,84AYIBXGB8
1073,HP,Notebook,13.3,Full HD 1920x1080,Intel Core i7 7500U 2.7GHz,8GB,256GB SSD,Intel HD Graphics 620,SNK1UF01,SHJADN0U7O
1074,Lenovo,Ultrabook,12.5,IPS Panel Full HD / Touchscreen 1920x1080,Intel Core i7 6500U 2.5GHz,8GB,256GB SSD,Intel HD Graphics 520,H8V6RPGZ,2P61TBTPAI
1075,Lenovo,Notebook,17.3,1600x900,Intel Core i5 6200U 2.3GHz,8GB,1.0TB HDD,AMD Radeon R5 M330,ZTP14O2H,UDGIU1VJCJ
1076,Lenovo,Notebook,15.6,IPS Panel Full HD 1920x1080,Intel Core i5 6300HQ 2.3GHz,4GB,1TB HDD,Nvidia GeForce GTX 950M,MP1TLX7E,ROLR9XUZL2
1077,MSI,Gaming,17.3,Full HD 1920x1080,Intel Core i7 7700HQ 2.8GHz,16GB,256GB SSD +  1TB HDD,Nvidia GeForce GTX 1070,27F4IA3K,W6V0OSNW2A
1078,Lenovo,Notebook,15.6,1366x768,Intel Core i5 6200U 2.3GHz,4GB,500GB HDD,Intel HD Graphics 520,NRXN944J,J39ZEQJZKA
1079,HP,Notebook,15.6,Full HD 1920x1080,Intel Core i5 6200U 2.3GHz,4GB,500GB HDD,Intel HD Graphics 520,ETZ7GSL8,3VTL7WGIBO
1080,Lenovo,Ultrabook,12.5,IPS Panel Touchscreen 2560x1440,Intel Core M 6Y75 1.2GHz,8GB,512GB SSD,Intel HD Graphics 515,4ZX352QT,MSJZUOLDUL
1081,Lenovo,Gaming,17.3,IPS Panel Full HD 1920x1080,Intel Core i7 6820HK 2.7GHz,32GB,512GB SSD +  1.0TB Hybrid,Nvidia GeForce GTX 980M,H82RRD50,9K0XCYQYEV
1082,Lenovo,2 in 1 Convertible,10.1,IPS Panel Touchscreen 1920x1200,Intel Atom x5-Z8550 1.44GHz,4GB,64GB Flash Storage,Intel HD Graphics 400,DD3JMI4Q,Q9FMOF3BTN
1083,HP,Ultrabook,13.3,IPS Panel 4K Ultra HD 3840x2160,Intel Core i7 7500U 2.7GHz,16GB,512GB SSD,Intel HD Graphics 620,O1ARSGV6,MJK95I2MOK
1084,Dell,Notebook,15.6,Full HD 1920x1080,Intel Core i5 7200U 2.5GHz,8GB,256GB SSD,Intel HD Graphics 620,BTOWTPBE,DV3KLWBW73
1085,HP,Notebook,14.0,Full HD 1920x1080,Intel Core i5 6200U 2.3GHz,4GB,500GB HDD,Intel HD Graphics 520,XFKXCHFV,AQV480HKMX
1086,HP,Workstation,15.6,Full HD 1920x1080,Intel Core i7 6500U 2.5GHz,8GB,256GB SSD,AMD FirePro W4190M,T77LN61F,O5BWI5O3NL
1087,Lenovo,Notebook,14.0,Full HD 1920x1080,Intel Core i5 6200U 2.3GHz,8GB,180GB SSD,Intel HD Graphics 520,IG0Z5G71,H12R1YG6FO
1088,HP,Notebook,13.3,Quad HD+ 3200x1800,Intel Pentium Dual Core 4405Y 1.5GHz,4GB,32GB Flash Storage,Intel HD Graphics 515,9NYS0278,R00BESFMSP
1089,Acer,Notebook,15.6,1366x768,AMD A8-Series 7410 2.2GHz,4GB,500GB HDD,AMD Radeon R5,HUWOVWBA,OHMHFCIE2P
1090,Dell,Notebook,15.6,1366x768,Intel Pentium Quad Core N3700 1.6GHz,4GB,500GB HDD,Intel HD Graphics,83O0O388,AIBR177GJD
1091,HP,Notebook,15.6,1366x768,Intel Core i3 6006U 2GHz,4GB,1TB HDD,Intel HD Graphics 520,LJMVNFYD,YB2EVWPQ59
1092,Asus,Gaming,17.3,IPS Panel Full HD 1920x1080,Intel Core i7 7700HQ 2.8GHz,8GB,256GB SSD +  1TB HDD,Nvidia GeForce GTX 1060,1PC53Q2J,EVD19ZK8XN
1093,Dell,Ultrabook,13.3,IPS Panel Full HD 1920x1080,Intel Core i5 8250U 1.6GHz,4GB,256GB SSD,AMD Radeon 530,00UOOQHC,Y67VGRWJHE
1094,HP,Netbook,12.5,1366x768,Intel Core i5 6200U 2.3GHz,4GB,128GB SSD,Intel HD Graphics 520,SNHCRG5F,U6ROGEBIN8
1095,Acer,Notebook,15.6,Full HD 1920x1080,Intel Core i5 7200U 2.5GHz,8GB,256GB SSD +  1TB HDD,Nvidia GeForce GTX 950M,KV3PPVPY,YXP2G8HV7J
1096,Dell,Notebook,15.6,Full HD 1920x1080,Intel Core i5 7200U 2.5GHz,8GB,1TB HDD,AMD Radeon R7 M445,JXMRWHP5,UATELV87BH
1097,MSI,Gaming,17.3,Full HD 1920x1080,Intel Core i7 6700HQ 2.6GHz,8GB,256GB SSD,Nvidia GeForce GTX 965M,40ZZ020S,HFLY8JX0ID
1098,HP,Notebook,15.6,1366x768,Intel Pentium Quad Core N3710 1.6GHz,4GB,1TB HDD,Intel HD Graphics 405,QDUVGSGR,8F51I7S4VF
1099,Asus,Gaming,17.3,IPS Panel Full HD 1920x1080,Intel Core i7 6700HQ 2.6GHz,16GB,128GB SSD +  1TB HDD,Nvidia GeForce GTX 980M,3OTZNP6C,HEZMZSLNW7
1100,Dell,Ultrabook,12.5,1366x768,Intel Core i3 6100U 2.3GHz,4GB,500GB HDD,Intel HD Graphics 520,3KAED2LL,C3KC1E6WG7
1101,Dell,Ultrabook,12.5,1366x768,Intel Core i3 6100U 2.3GHz,4GB,128GB SSD,Intel HD Graphics 520,06CJ0RKM,ENW68YMH0W
1102,Acer,Notebook,15.6,1366x768,Intel Celeron Dual Core 3205U 1.5GHz,4GB,16GB SSD,Intel HD Graphics,JHAJYU9I,3JTZK55F7W
1103,HP,Workstation,17.3,IPS Panel Full HD 1920x1080,Intel Core i7 6700HQ 2.6GHz,8GB,1TB HDD,AMD FirePro W6150M,FKQMKZ7R,TOU52JWDWP
1104,Lenovo,Gaming,15.6,Full HD 1920x1080,Intel Core i7 7700HQ 2.8GHz,16GB,512GB SSD,Nvidia GeForce GTX 1050 Ti,IRVQF6AZ,CXCH1P4DGU
1105,Dell,Ultrabook,12.5,1366x768,Intel Core i5 6200U 2.3GHz,8GB,256GB SSD,Intel HD Graphics 520,JEOX29AN,UFTKCZG1T6
1106,MSI,Gaming,17.3,Full HD 1920x1080,Intel Core i7 6700HQ 2.6GHz,8GB,128GB SSD +  1TB HDD,Nvidia GeForce GTX 960M,JIDHODFN,68OW70GBGI
1107,Lenovo,2 in 1 Convertible,15.6,IPS Panel Full HD / Touchscreen 1920x1080,Intel Core i5 6200U 2.3GHz,4GB,256GB SSD,Intel HD Graphics 520,CF1U8NB3,E8KFG9G7EH
1108,HP,Notebook,15.6,Full HD 1920x1080,AMD A6-Series 9220 2.5GHz,4GB,1TB HDD,AMD Radeon R4,RH46KTRF,KAAB589LAN
1109,Asus,Gaming,15.6,IPS Panel Full HD 1920x1080,Intel Core i7 6700HQ 2.6GHz,16GB,128GB SSD +  1TB HDD,Nvidia GeForce GTX 960M,2X581R1A,OGNARIAZ7O
1110,HP,Notebook,13.3,Quad HD+ / Touchscreen 3200x1800,Intel Core M 6Y54 1.1GHz,8GB,256GB SSD,Intel HD Graphics 515,VJVI7E3L,YMHF8QIQL6
1111,Dell,Notebook,15.6,1366x768,Intel Core i5 6200U 2.3GHz,4GB,500GB HDD,AMD Radeon R5 M315,KM1ELZNA,TNSRI4Z8S3
1112,Lenovo,Notebook,15.6,1366x768,Intel Core i3 6006U 2.0GHz,4GB,128GB SSD,Intel HD Graphics 520,D1OPR78X,1HHPNGAOGY
1113,HP,Ultrabook,13.3,Full HD 1920x1080,Intel Core i7 6500U 2.5GHz,8GB,512GB SSD,Intel HD Graphics 520,4UC8NKP4,EDUDPYUX26
1114,Lenovo,2 in 1 Convertible,10.1,IPS Panel Touchscreen 1920x1200,Intel Atom x5-Z8550 1.44GHz,4GB,64GB Flash Storage,Intel HD Graphics 400,A79K8BDN,DADYRRTHNI
1115,Dell,Ultrabook,13.3,Full HD 1920x1080,Intel Core i7 7560U 2.4GHz,8GB,256GB SSD,Intel Iris Plus Graphics 640,7KH3ZI0Q,2SC9OO79XA
1116,Lenovo,Gaming,17.3,IPS Panel Full HD 1920x1080,Intel Core i7 6820HK 2.7GHz,16GB,256GB SSD +  1.0TB Hybrid,Nvidia GeForce GTX 980M,1YQBRBF3,UEHX811RA4
1117,Razer,Ultrabook,12.5,Touchscreen / 4K Ultra HD 3840x2160,Intel Core i7 6500U 2.5GHz,8GB,256GB SSD,Intel HD Graphics 520,PQU0P8EG,HEVL84X4PZ
1118,Toshiba,Ultrabook,13.3,Full HD 1920x1080,Intel Core i7 7500U 2.7GHz,16GB,512GB SSD,Intel HD Graphics 620,N2G71XID,NLNTDMCJ11
1119,Asus,Gaming,17.3,Full HD 1920x1080,Intel Core i7 6700HQ 2.6GHz,8GB,128GB SSD +  1TB HDD,Nvidia GeForce GTX 960M,0J8BOGRX,3UL9X4WUYI
1120,Vero,Notebook,13.3,Full HD 1920x1080,Intel Atom X5-Z8350 1.44GHz,4GB,32GB Flash Storage,Intel HD Graphics 400,07RD170X,D4FHRS1WPH
1121,HP,Notebook,13.3,Full HD 1920x1080,Intel Core i5 6200U 2.3GHz,8GB,256GB SSD,Intel HD Graphics 520,UYG3EG26,WGRQCN6DJD
1122,HP,Notebook,14.0,Full HD 1920x1080,Intel Core i5 6200U 2.3GHz,8GB,256GB SSD,Intel HD Graphics 520,C0Q5ITPE,O45P4PA3MI
1123,Dell,Notebook,15.6,1366x768,Intel Core i5 6200U 2.3GHz,4GB,500GB HDD,Intel HD Graphics 520,2OO0IS6Y,U8BPCI3QUA
1124,Asus,Notebook,15.6,1366x768,Intel Core i3 7100U 2.4GHz,4GB,1TB HDD,Intel HD Graphics 620,PQSF12QB,DAGFID3RRT
1125,Lenovo,2 in 1 Convertible,14.0,IPS Panel Full HD / Touchscreen 1920x1080,Intel Core i7 6500U 2.5GHz,8GB,256GB SSD,Intel HD Graphics 520,QTRFNZEU,YEXTIFDYFW
1126,Lenovo,2 in 1 Convertible,10.1,IPS Panel Touchscreen 1920x1200,Intel Atom x5-Z8550 1.44GHz,4GB,64GB Flash Storage,Intel HD Graphics 400,VWIPHP7U,O0FCWDR5GE
1127,HP,Ultrabook,12.5,1366x768,Intel Core i5 6300U 2.4GHz,8GB,256GB SSD,Intel HD Graphics 520,246B4MH7,D2NF6DEH3W
1128,Lenovo,Gaming,15.6,IPS Panel Full HD 1920x1080,Intel Core i5 7300HQ 2.5GHz,8GB,128GB SSD +  1TB HDD,Nvidia GeForce GTX 1060,H39G4HFD,SLZF8HZ6Q5
1129,HP,Gaming,17.3,IPS Panel Full HD 1920x1080,Intel Core i5 6300HQ 2.3GHz,8GB,128GB SSD +  1TB HDD,Nvidia GeForce GTX 1060,OX61V7G9,DKCNO59SSK
1130,HP,Notebook,15.6,1366x768,Intel Core i7 7500U 2.7GHz,8GB,2TB HDD,Intel HD Graphics 620,FCI0V3I4,H4T2WYQRJX
1131,Lenovo,2 in 1 Convertible,14.0,IPS Panel Full HD / Touchscreen 1920x1080,Intel Core i7 6600U 2.6GHz,8GB,512GB SSD,Nvidia Quadro M500M,HSOB3UX3,QPKXP80NON
1132,Asus,Notebook,14.0,1366x768,Intel Celeron Dual Core N3350 1.1GHz,4GB,32GB Flash Storage,Intel HD Graphics 500,BQC89UPC,DQE8OBOQAD
1133,HP,Ultrabook,15.6,Full HD 1920x1080,Intel Core i7 7500U 2.7GHz,8GB,256GB SSD,Intel HD Graphics 620,O1KM003R,4OR90M1CZF
1134,Acer,Notebook,15.6,Full HD 1920x1080,Intel Core i5 7200U 2.5GHz,4GB,1TB HDD,Nvidia GeForce 940MX,2CJ92CE1,DZL97HP5X6
1135,Lenovo,Notebook,15.6,Full HD 1920x1080,Intel Core i7 6500U 2.5GHz,16GB,1.0TB Hybrid,AMD Radeon R7 M360,EZTR9JP8,E053J0CB5C
1136,HP,Workstation,17.3,IPS Panel Full HD 1920x1080,Intel Core i7 6700HQ 2.6GHz,8GB,256GB SSD,Nvidia Quadro M3000M,NRMRXQ14,HEDRUPMXCC
1137,Dell,Notebook,15.6,1366x768,Intel Core i5 7200U 2.5GHz,8GB,1TB HDD,AMD Radeon R7 M445,10KBY3CK,401LNB2R65
1138,MSI,Gaming,17.3,Full HD 1920x1080,Intel Core i7 6820HQ 2.7GHz,16GB,256GB SSD +  1TB HDD,Nvidia GeForce GTX 980M,CTCI564O,E6W9TTLMHK
1139,HP,Ultrabook,15.6,Full HD 1920x1080,Intel Core i7 6500U 2.5GHz,8GB,256GB SSD,Intel HD Graphics 520,23QJZJIG,TE1JDB8NH0
1140,Lenovo,2 in 1 Convertible,14.0,IPS Panel Touchscreen 2560x1440,Intel Core i7 6600U 2.6GHz,16GB,512GB SSD,Intel HD Graphics 520,RQVKPLF9,8CA2O607FU
1141,MSI,Gaming,15.6,Full HD 1920x1080,Intel Core i7 7700HQ 2.8GHz,8GB,128GB SSD +  1TB HDD,Nvidia GeForce GTX 1050,RXR1SYGY,EW7D6V7E36
1142,HP,2 in 1 Convertible,13.3,Full HD / Touchscreen 1920x1080,Intel Core i5 6300U 2.4GHz,8GB,256GB SSD,Intel HD Graphics 520,6DFMN2RI,08R3Y3MDR8
1143,HP,Workstation,15.6,IPS Panel Full HD 1920x1080,Intel Core i7 6700HQ 2.6GHz,8GB,256GB SSD,Nvidia Quadro M1000M,2I067OKU,TFRXMUBZZA
1144,HP,2 in 1 Convertible,13.3,Touchscreen 2560x1440,Intel Core i7 6600U 2.6GHz,8GB,256GB SSD,Intel HD Graphics 520,M4N9QFAO,9M6FXEQ20Z
1145,HP,Workstation,15.6,Full HD 1920x1080,Intel Core i7 6700HQ 2.6GHz,8GB,256GB SSD,Nvidia Quadro M1000M,7VE7NXIE,DL6ADHVGC1
1146,HP,Ultrabook,12.5,Full HD 1920x1080,Intel Core i7 6500U 2.50GHz,8GB,256GB SSD,Intel HD Graphics 520,UDN2BT8A,554W1UVXZJ
1147,Dell,Notebook,15.6,Full HD 1920x1080,Intel Core i7 7500U 2.7GHz,8GB,256GB SSD,Nvidia GeForce 940MX,DU99CX5S,JUZ7IY9B39
1148,HP,Notebook,15.6,Full HD 1920x1080,Intel Core i5 6200U 2.3GHz,8GB,256GB SSD,Intel HD Graphics 520,QB9KEFQO,UFFEFUVQFX
1149,Lenovo,2 in 1 Convertible,14.0,IPS Panel Touchscreen 2560x1440,Intel Core i7 6500U 2.5GHz,8GB,256GB SSD,Intel HD Graphics 520,8DXCXMI7,7B7QBM7CO2
1150,Lenovo,Notebook,15.6,1366x768,Intel Core i3 6006U 2.0GHz,4GB,1TB HDD,Intel HD Graphics 520,RW3HJO7H,LSB23Q6709
1151,HP,Notebook,15.6,1366x768,AMD E-Series 7110 1.8GHz,4GB,500GB HDD,AMD Radeon R2 Graphics,IBCY6183,RZJ3CGEPFY
1152,Lenovo,Notebook,15.6,Full HD 1920x1080,Intel Core i5 6200U 2.3GHz,8GB,1TB HDD,AMD Radeon R5 M330,7XHGP585,6IK4SW610U
1153,Dell,Gaming,15.6,Full HD 1920x1080,Intel Core i7 7700HQ 2.8GHz,8GB,1TB HDD,Nvidia GeForce GTX 1050Ti,G7MLERDO,TIPQ0WC4A3
1154,Dell,Notebook,15.6,IPS Panel Touchscreen / 4K Ultra HD 3840x2160,Intel Core i5 6300HQ 2.3GHz,8GB,256GB SSD,Nvidia GeForce 960M,66H1TYNU,MLQMCPIYU7
1155,HP,Notebook,15.6,Full HD 1920x1080,AMD A6-Series A6-9220 2.5GHz,4GB,256GB SSD,AMD Radeon 520,V2DFB6DM,1CUCDLRRR4
1156,MSI,Gaming,17.3,Full HD 1920x1080,Intel Core i7 7700HQ 2.8GHz,16GB,256GB SSD +  1TB HDD,Nvidia GeForce GTX 1050 Ti,9Y55VSPR,NFM5ILETI1
1157,Lenovo,Ultrabook,14.0,Full HD 1920x1080,Intel Core i7 6600U 2.6GHz,12GB,512GB SSD,Intel HD Graphics 520,IB0DOD68,NGQYKQ0N1P
1158,Lenovo,Notebook,15.6,Full HD 1920x1080,Intel Core i5 6200U 2.3GHz,8GB,1.0TB Hybrid,AMD Radeon R5 M330,2QBP4OJY,MUEYPN3FFI
1159,HP,2 in 1 Convertible,13.3,Touchscreen 2560x1440,Intel Core i7 6600U 2.6GHz,8GB,512GB SSD,Intel HD Graphics 520,KCQRXUDN,LEX58JS272
1160,Lenovo,Ultrabook,14.0,Full HD 1920x1080,Intel Core i7 6600U 2.6GHz,8GB,256GB SSD,Intel HD Graphics 520,UD98E7JP,6E8B6GURB5
1161,MSI,Gaming,14.0,Full HD 1920x1080,Intel Core i7 6700HQ 2.6GHz,16GB,256GB SSD +  1TB HDD,Nvidia GeForce GTX 970M,5USNCYY2,N3II3PT4B4
1162,HP,Gaming,15.6,IPS Panel Full HD 1920x1080,Intel Core i7 7700HQ 2.8GHz,8GB,1TB HDD,Nvidia GeForce GTX 1050,AE6E24CY,3KI7IXYTUH
1163,Lenovo,Notebook,15.6,1366x768,Intel Core i3 6006U 2.0GHz,8GB,1TB HDD,Intel HD Graphics 520,2A7R42HN,405N7NIUS9
1164,HP,Notebook,15.6,1366x768,Intel Core i5 6200U 2.3GHz,4GB,500GB HDD,Intel HD Graphics 520,0CW1BOKT,Y7252C54YD
1165,Dell,Gaming,15.6,4K Ultra HD 3840x2160,Intel Core i7 7700HQ 2.8GHz,8GB,128GB SSD +  1TB HDD,Nvidia GeForce GTX 1050 Ti,05X4GMNO,JZQEH4MGIF
1166,Lenovo,Notebook,15.6,IPS Panel Full HD 1920x1080,Intel Core i5 7200U 2.5GHz,8GB,256GB SSD,Intel HD Graphics 620,WIG8SBUF,Y62TGJ01JH
1167,Lenovo,Notebook,15.6,Full HD 1920x1080,Intel Core i3 6006U 2GHz,4GB,1TB HDD,Nvidia GeForce 920MX ,D2QXHAMN,II4GXUXCJ7
1168,HP,Notebook,14.0,1366x768,Intel Celeron Dual Core N3060 1.6GHz,2GB,32GB Flash Storage,Intel HD Graphics 400,LXT09WU6,77O2OCSSMN
1169,MSI,Gaming,15.6,IPS Panel Full HD 1920x1080,Intel Core i7 7500U 2.7GHz,8GB,1TB HDD,Nvidia GeForce GTX 1050,2WKG1256,5Y06KZGDQ0
1170,HP,Notebook,15.6,Full HD 1920x1080,Intel Core i7 6500U 2.5GHz,8GB,256GB SSD,Intel HD Graphics 520,PX0WJBAZ,MDGPUJZLU5
1171,HP,Notebook,15.6,Full HD 1920x1080,Intel Core i7 8550U 1.8GHz,16GB,512GB SSD,Intel UHD Graphics 620,AMRCG8IC,1ATLAH7BRH
1172,Asus,Notebook,15.6,1366x768,Intel Celeron Dual Core N3050 1.6GHz,4GB,500GB HDD,Intel HD Graphics,4A8LCQYY,VBVNH56HZH
1173,Lenovo,Notebook,15.6,1366x768,Intel Core i5 6200U 2.3GHz,4GB,500GB HDD,Intel HD Graphics 520,UUBNH7J5,YNHX98KBYF
1174,Lenovo,Notebook,15.6,Full HD 1920x1080,Intel Core i7 7500U 2.7GHz,8GB,1TB HDD,Nvidia GeForce 940MX,R8QHC4T5,0VS5YN3PYD
1175,Asus,Notebook,14.0,Full HD 1920x1080,Intel Core i3 7100U 2.4GHz,4GB,256GB SSD,Intel HD Graphics 620,2XBMFRJ4,5UUYD5HQW2
1176,Lenovo,Notebook,15.6,Full HD 1920x1080,Intel Core i7 6500U 2.5GHz,4GB,1.0TB Hybrid,Intel HD Graphics 520,NRAAUQXE,HJQ01ZWCFA
1177,Lenovo,Gaming,15.6,IPS Panel Full HD 1920x1080,Intel Core i7 6700HQ 2.6GHz,16GB,512GB SSD,Nvidia GeForce GTX 960,FY2YHDLI,AEN3JHOG2B
1178,MSI,Gaming,15.6,Full HD 1920x1080,Intel Core i7 6700HQ 2.6GHz,16GB,128GB SSD +  1TB HDD,Nvidia GeForce GTX 970M,CYYKJ2ZO,WZVUYL8NAE
1179,HP,Notebook,15.6,1366x768,Intel Core i3 6100U 2.3GHz,4GB,500GB HDD,Intel HD Graphics 520,P52OPUW7,TSXBZO0WEB
1180,Lenovo,2 in 1 Convertible,14.0,IPS Panel Touchscreen 2560x1440,Intel Core i5 6200U 2.3GHz,8GB,256GB SSD,Intel HD Graphics 520,BQJKG24Z,D4NROLG5FA
1181,Lenovo,Ultrabook,15.6,Full HD 1920x1080,Intel Core i7 7500U 2.7GHz,6GB,256GB SSD,Nvidia GeForce 920M,TMEQKDM5,6KPOOL1G9H
1182,Dell,Notebook,15.6,Full HD 1920x1080,Intel Core i7 7500U 2.7GHz,8GB,256GB SSD,Nvidia GeForce GT 940MX,TWAFHVWE,7BG9Q46RGO
1183,Acer,Notebook,15.6,1366x768,Intel Celeron Dual Core N3350 2GHz,4GB,500GB HDD,Intel HD Graphics 500,KNFM4XBN,VGUTJRIMG0
1184,HP,Notebook,15.6,IPS Panel Full HD 1920x1080,Intel Core i7 6700HQ 2.6GHz,6GB,1TB HDD,Nvidia GeForce GTX 960M,8CBAA8OY,O34618L21V
1185,Asus,Gaming,15.6,IPS Panel Full HD 1920x1080,Intel Core i7 6700HQ 2.6GHz,8GB,256GB SSD +  1TB HDD,Nvidia GeForce GTX 960M,KOAFNSCF,8A9R73CUG4
1186,Dell,2 in 1 Convertible,15.6,Full HD / Touchscreen 1920x1080,Intel Core i7 7500U 2.7GHz,16GB,512GB SSD,Intel HD Graphics 620,JX9MA36H,7EB0YV3NMY
1187,Acer,Notebook,15.6,Full HD 1920x1080,Intel Core i5 7200U 2.5GHz,4GB,256GB SSD,Nvidia GeForce 940MX,4VPLG191,NHRYWFVEX4
1188,Dell,Ultrabook,13.3,Quad HD+ / Touchscreen 3200x1800,Intel Core i5 6300U 2.4GHz,8GB,256GB SSD,Intel HD Graphics 520,BY46VERG,84U1UJU17A
1189,Acer,Gaming,17.3,IPS Panel Full HD 1920x1080,Intel Core i7 7700HQ 2.8GHz,16GB,256GB SSD +  1TB HDD,Nvidia GeForce GTX 1070,YRLOHMNH,02YAFY88RC
1190,Lenovo,Gaming,15.6,IPS Panel Full HD 1920x1080,Intel Core i5 7300HQ 2.5GHz,8GB,1TB HDD,Nvidia GeForce GTX 1050,BJDBF2DT,4WYVC3UA6L
1191,Samsung,2 in 1 Convertible,12.3,IPS Panel Touchscreen 2400x1600,Samsung Cortex A72&A53 2.0GHz,4GB,32GB Flash Storage,ARM Mali T860 MP4,2I7DI79R,4MJCV535FW
1192,HP,Notebook,15.6,1366x768,Intel Core i5 7200U 2.5GHz,4GB,500GB HDD,Intel HD Graphics 620,E08WBQHA,D8JC99O6A4
1193,Apple,Ultrabook,12.0,IPS Panel Retina Display 2304x1440,Intel Core M 1.1GHz,8GB,256GB Flash Storage,Intel HD Graphics 5300,SSJG585E,UZRABRCCRN
1194,Dell,2 in 1 Convertible,13.3,IPS Panel Full HD / Touchscreen 1920x1080,Intel Core i5 7200U 2.5GHz,8GB,256GB SSD,Intel HD Graphics 620,KPB175TC,JVR9J3Q1XB
1195,HP,Notebook,15.6,IPS Panel Full HD 1920x1080,Intel Core i7 7700HQ 2.8GHz,12GB,128GB SSD +  1TB HDD,Nvidia GeForce GTX 1050,EML4II9G,ZP02FSF8IS
1196,Lenovo,Notebook,15.6,1366x768,Intel Core i3 6006U 2GHz,4GB,1TB HDD,AMD Radeon R5 M430,8KUWRP7O,MLCB17TIUW
1197,Asus,Gaming,17.3,IPS Panel Full HD 1920x1080,Intel Core i7 6700HQ 2.6GHz,16GB,512GB SSD +  1TB HDD,Nvidia GeForce GTX 980M,W4J40A4I,29CGO2H6GF
1198,Acer,Notebook,15.6,1366x768,Intel Celeron Dual Core N3350 2GHz,4GB,1TB HDD,Intel HD Graphics 500,34EP7YDV,KOS9G72JLW
1199,MSI,Gaming,17.3,Full HD 1920x1080,Intel Core i7 7700HQ 2.8GHz,16GB,256GB SSD +  1TB HDD,Nvidia GeForce GTX 1060,1UZ81306,I437OXNNDS
1200,Dell,Notebook,15.6,1366x768,Intel Core i3 6006U 2.0GHz,4GB,128GB SSD,AMD Radeon R7 M440,3SI3TURS,TPWHSBA2B2
1201,Lenovo,Notebook,15.6,1366x768,Intel Core i7 6500U 2.5GHz,8GB,500GB HDD,Nvidia GeForce 920MX,XSETKQAQ,9KP56L14H3
1202,Dell,2 in 1 Convertible,15.6,Full HD / Touchscreen 1920x1080,Intel Core i7 8550U 1.8GHz,16GB,512GB SSD,Intel UHD Graphics 620,NI0LKRGX,7DXL6FB5B5
1203,Dell,Ultrabook,13.3,Quad HD+ / Touchscreen 3200x1800,Intel Core i7 7500U 2.7GHz,16GB,512GB SSD,Intel HD Graphics 620,EO5QR39B,R55AHU1EMS
1204,Asus,Gaming,15.6,Full HD 1920x1080,Intel Core i7 6700HQ 2.6GHz,8GB,1TB HDD,Nvidia GeForce GTX 1060,Q0EBYV5G,NGN2EJRCYQ
1205,Dell,Notebook,15.6,Full HD 1920x1080,Intel Core i5 7200U 2.5GHz,8GB,256GB SSD,AMD Radeon R7 M445,5IBOAZWO,NVEFZP442R
1206,HP,Notebook,15.6,1366x768,Intel Core i5 7200U 2.5GHz,8GB,256GB SSD,Intel HD Graphics 620,W7KRX871,FS28LWBUC5
1207,Lenovo,Notebook,15.6,1366x768,AMD E-Series 9000 2.2GHz,4GB,500GB HDD,AMD Radeon R2 Graphics,0K128I9F,52AV3S44LU
1208,Acer,Notebook,17.3,1600x900,Intel Core i3 6006U 2.0GHz,8GB,1TB HDD,Nvidia GeForce 940MX,EETAE51Q,3SRXJ59LZG
1209,Asus,Gaming,15.6,Full HD 1920x1080,Intel Core i7 7700HQ 2.8GHz,16GB,256GB SSD +  1TB HDD,Nvidia GeForce GTX 1070,Y49XQBX3,6XCAVBADR1
1210,Apple,Ultrabook,12.0,IPS Panel Retina Display 2304x1440,Intel Core M 1.2GHz,8GB,512GB Flash Storage,Intel HD Graphics 515,8REIUOCT,SBVE7E5GQS
1211,Asus,Notebook,15.6,Full HD 1920x1080,Intel Core i7 7700HQ 2.8GHz,16GB,128GB SSD +  1TB HDD,Nvidia GeForce GTX 1060,O754GVM7,CVK3W8XRP1
1212,MSI,Gaming,17.3,IPS Panel Full HD 1920x1080,Intel Core i7 6700HQ 2.6GHz,16GB,256GB SSD +  1TB HDD,Nvidia GeForce GTX 1060,W0FRW65L,J4U4YIY58X
1213,Dell,2 in 1 Convertible,15.6,IPS Panel Full HD / Touchscreen 1920x1080,Intel Core i5 7200U 2.5GHz,8GB,256GB SSD,Intel HD Graphics 620,KKUR2XBW,6UG8K7V0UN
1214,Asus,Gaming,17.3,Full HD 1920x1080,Intel Core i7 7700HQ 2.8GHz,16GB,256GB SSD +  1TB HDD,Nvidia GeForce GTX 1060,8F7LSHPT,V75EMVOPI6
1215,Acer,Netbook,11.6,1366x768,Intel Celeron Dual Core 3205U 1.5GHz,2GB,32GB SSD,Intel HD Graphics,AXPGTFIF,45HVIICQAT
1216,Acer,Notebook,17.3,1600x900,Intel Core i3 6006U 2GHz,4GB,1TB HDD,Nvidia GeForce 940MX,CJ7FASBF,WVU2W5LDT0
1217,Lenovo,Notebook,17.3,1600x900,Intel Core i5 7200U 2.5GHz,8GB,1TB HDD,Intel HD Graphics 620,UH9QVZNU,3J6PX4OBS1
1218,Lenovo,Gaming,15.6,IPS Panel Full HD 1920x1080,Intel Core i7 6700HQ 2.6GHz,8GB,128GB SSD +  1TB HDD,Nvidia GeForce GTX 960<U+039C>,NKCLRGWF,IXRYOJ3Z2A
1219,Acer,2 in 1 Convertible,14.0,IPS Panel Full HD / Touchscreen 1920x1080,Intel Core i7 7Y75 1.3GHz,8GB,256GB SSD,Intel HD Graphics 615,UM9WF0JP,MBM0WOBHNT
1220,Lenovo,Notebook,15.6,IPS Panel Full HD 1920x1080,Intel Core i7 6600U 2.6GHz,8GB,256GB SSD,Intel HD Graphics 520,DUABHIOM,PJEKTY8P9B
1221,MSI,Gaming,15.6,Full HD 1920x1080,Intel Core i7 6700HQ 2.6GHz,8GB,128GB SSD +  1TB HDD,Nvidia GeForce GTX 1060,NGIZALUB,LSPUSKPX4E
1222,HP,Notebook,15.6,Full HD 1920x1080,AMD A12-Series 9720P 2.7GHz,6GB,1TB HDD,AMD Radeon 530,LC4QW78Y,OFUOH22JAF
1223,Dell,Ultrabook,12.5,Full HD / Touchscreen 1920x1080,Intel Core i5 6300U 2.4GHz,8GB,256GB SSD,Intel HD Graphics 520,FQ1NKHXL,PQEJ56H5U4
1224,Dell,2 in 1 Convertible,15.0,Full HD / Touchscreen 1920x1080,Intel Core i3 7100U 2.4GHz,4GB,500GB HDD,Intel HD Graphics 620,SJA8N4IN,ANLOSTC0FI
1225,Asus,Notebook,15.6,1366x768,Intel Pentium Quad Core N3710 1.6GHz,4GB,1TB HDD,Intel HD Graphics 405,8YWXIWY4,LBAL7O79E3
1226,Dell,Ultrabook,13.3,Quad HD+ / Touchscreen 3200x1800,Intel Core i7 7500U 2.7GHz,8GB,256GB SSD,Intel HD Graphics 620,QNYHIUUD,KJ89NMOWJJ
1227,Dell,Notebook,15.6,1366x768,Intel Core i5 7200U 2.5GHz,4GB,1TB HDD,Intel HD Graphics 520,Q3EM34WB,PSJDQJEHA3
1228,Lenovo,Gaming,15.6,IPS Panel Full HD / Touchscreen 1920x1080,Intel Core i7 6700HQ 2.6GHz,16GB,128GB SSD +  1TB HDD,Nvidia GeForce GTX 960M,CBABWLHE,RT9JR724O0
1229,MSI,Gaming,15.6,Full HD 1920x1080,Intel Core i7 7700HQ 2.8GHz,8GB,128GB SSD +  1TB HDD,Nvidia GeForce GTX 1050,EOT6JQU2,J680HVVFDB
1230,Lenovo,Netbook,12.5,IPS Panel Full HD / Touchscreen 1920x1080,Intel Core i7 6500U 2.50GHz,16GB,512GB SSD,Intel HD Graphics 520,JD0YDW67,WU2POTQ2RI
1231,Razer,Gaming,14.0,Full HD 1920x1080,Intel Core i7 7700HQ 2.8GHz,16GB,1TB SSD,Nvidia GeForce GTX 1060,31MRE01A,2URVDTA5NL
1232,Dell,Notebook,15.6,Touchscreen 1366x768,Intel Core i3 7100U 2.4GHz,8GB,1TB HDD,Intel HD Graphics 620,2OBLRFOH,FLAFGTWRY8
1233,MSI,Gaming,17.3,Full HD 1920x1080,Intel Core i7 7700HQ 2.8GHz,16GB,256GB SSD +  1TB HDD,Nvidia GeForce GTX 1060,9XNZIDA1,BEKWRVU695
1234,Apple,Ultrabook,11.6,1366x768,Intel Core i5 1.6GHz,4GB,256GB Flash Storage,Intel HD Graphics 6000,2EKKJRHO,23JA2SDFUF
1235,HP,Notebook,15.6,Full HD 1920x1080,Intel Core i3 6006U 2GHz,4GB,1TB HDD,Intel HD Graphics 520,ZCSW1J6V,9XUN94YNK9
1236,HP,Ultrabook,14.0,2560x1440,Intel Core i7 6500U 2.5GHz,8GB,256GB SSD,Intel HD Graphics 520,YXA1L61U,RMJ3JPSHQT
1237,Dell,Notebook,15.6,1366x768,Intel Core i5 6200U 2.3GHz,4GB,500GB HDD,Intel HD Graphics 520,OQQRE3ZC,B43AJ51AM6
1238,MSI,Gaming,15.6,Full HD 1920x1080,Intel Core i7 6700HQ 2.6GHz,8GB,128GB SSD +  1TB HDD,Nvidia GeForce GTX 960M,MUZMJVFA,JZBJ3MVHEO
1239,Lenovo,Notebook,13.3,IPS Panel Full HD 1920x1080,Intel Core i7 7500U 2.7GHz,16GB,512GB SSD,Intel HD Graphics 620,TZCDHP3B,SDLAJUV0TT
1240,Lenovo,Notebook,15.6,Full HD 1920x1080,AMD A12-Series 9720P 3.6GHz,6GB,256GB SSD,AMD Radeon 530,7JB7EOYF,Y7FT5DH0AM
1241,Asus,Ultrabook,13.3,Full HD 1920x1080,Intel Core i7 6500U 2.5GHz,8GB,256GB SSD,Intel HD Graphics 520,63BQTPZV,HFONLN1QXJ
1242,Acer,Notebook,15.6,1366x768,Intel Core i3 6006U 2.0GHz,4GB,500GB HDD,Intel HD Graphics 520,A99ECWR7,5QT6SKE0K8
1243,Dell,2 in 1 Convertible,17.3,Full HD / Touchscreen 1920x1080,Intel Core i7 7500U 2.7GHz,16GB,512GB SSD,Nvidia GeForce 940MX,725SNIWB,Y6KA03YG3A
1244,HP,Notebook,14.0,Full HD 1920x1080,Intel Core i5 6200U 2.3GHz,4GB,256GB SSD,Intel HD Graphics 520,HDZ7J4F8,O2QVRNWL8A
1245,Asus,Gaming,15.6,IPS Panel Full HD 1920x1080,Intel Core i7 7700HQ 2.8GHz,16GB,256GB SSD +  1TB HDD,Nvidia GeForce GTX 1050 Ti,7QRF6NGF,KOSET5X85U
1246,Dell,Notebook,14.0,1366x768,Intel Core i5 7200U 2.5GHz,4GB,500GB HDD,Intel HD Graphics 620,QWYYZ6LY,IGTC2XS6F9
1247,Asus,Gaming,15.6,IPS Panel Full HD 1920x1080,Intel Core i7 6700HQ 2.6GHz,16GB,256GB SSD +  1TB HDD,Nvidia GeForce GTX 1070,0UMCJ4G1,Z63VG311NW
1248,Lenovo,Notebook,15.6,IPS Panel Full HD 1920x1080,Intel Core i5 7200U 2.5GHz,8GB,256GB SSD,Intel HD Graphics 620,0OM8NBM1,88P40RX8B7
1249,Dell,2 in 1 Convertible,13.3,Quad HD+ / Touchscreen 3200x1800,Intel Core i5 7Y54 1.2GHz,8GB,256GB SSD,Intel HD Graphics 615,UQ2ZW7SW,LUAZU6I3LO
1250,Dell,Notebook,15.6,1366x768,Intel Pentium Quad Core N3710 1.6GHz,4GB,500GB HDD,Intel HD Graphics,FJ7N3UN3,S8FD23YM85
1251,HP,Notebook,15.6,1366x768,AMD A6-Series 9220 2.5GHz,4GB,500GB HDD,AMD Radeon R4 Graphics,2H1CI7M0,9MUCKK7L8N
1252,Lenovo,Notebook,15.6,Full HD 1920x1080,Intel Core i3 6100U 2.3GHz,6GB,128GB SSD,Nvidia GeForce 920MX,C4XVJ6OQ,EKBSEK1C8Z
1253,Lenovo,Notebook,14.0,IPS Panel Full HD 1920x1080,Intel Core i5 6200U 2.3GHz,8GB,256GB SSD,Intel HD Graphics 520,NTFZEYP7,ZARGPO3EUO
1254,Dell,Notebook,15.6,1366x768,Intel Pentium Quad Core N3700 1.6GHz,4GB,500GB HDD,Intel HD Graphics,VDV6Y7EX,XFPVIV585F
1255,Asus,Notebook,15.6,1366x768,Intel Celeron Dual Core N3350 1.1GHz,4GB,1TB HDD,Intel HD Graphics 500,UMYB6F4U,BQKU7VLQ70
1256,Asus,Gaming,17.3,IPS Panel Full HD 1920x1080,Intel Core i7 6700HQ 2.6GHz,16GB,128GB SSD +  1TB HDD,Nvidia GeForce GTX 970M,CHIOLISW,IQ6SCZPFC7
1257,Dell,Notebook,15.6,1366x768,Intel Core i3 6006U 2GHz,4GB,500GB HDD,Intel HD Graphics 520,XQRIOTS6,D90AUJ0AD9
1258,Lenovo,Notebook,15.6,Full HD 1920x1080,Intel Core i7 6500U 2.5GHz,8GB,1.0TB Hybrid,AMD Radeon R5 M330,A7EGRGXJ,YAN2Y8WEJ7
1259,MSI,Gaming,15.6,Full HD 1920x1080,Intel Core i7 6700HQ 2.6GHz,8GB,128GB SSD +  1TB HDD,Nvidia GeForce GTX 960M,MR14ER2C,3LHVU5Q7WM
1260,Lenovo,2 in 1 Convertible,14.0,Full HD / Touchscreen 1920x1080,Intel Core i5 6200U 2.3GHz,4GB,128GB SSD,Intel HD Graphics 520,9LTTPF0Y,5I1EGURCZM
1261,Asus,Ultrabook,13.3,IPS Panel Full HD 1920x1080,Intel Core M 6Y30 0.9GHz,8GB,512GB SSD,Intel HD Graphics 515,UEN50ZGB,AYBHMYJK4G
1262,Dell,Notebook,15.6,1366x768,Intel Core i3 7100U 2.4GHz,6GB,1TB HDD,Intel HD Graphics 620,B5R1DE95,AOAH9GQ5Y9
1263,Acer,Notebook,15.6,1366x768,Intel Celeron Dual Core N3060 1.6GHz,4GB,500GB HDD,Intel HD Graphics 400,KFSQC6L0,NTCRFJWXEP
1264,Dell,Notebook,15.6,1366x768,Intel Celeron Dual Core N3050 1.6GHz,2GB,500GB HDD,Intel HD Graphics,41QBOWJB,04JF0UTF20
1265,Lenovo,Notebook,15.6,IPS Panel Full HD 1920x1080,Intel Core i7 6700HQ 2.6GHz,8GB,1TB HDD,Nvidia GeForce GTX 960M,OC57Y2BJ,T2WNZV19CQ
1266,HP,Notebook,15.6,Full HD 1920x1080,AMD A9-Series 9410 2.9GHz,6GB,1.0TB Hybrid,AMD Radeon R7 M440,6WKEB31J,V68GS9ZVT1
1267,Dell,Notebook,15.6,1366x768,Intel Core i7 7500U 2.7GHz,8GB,1TB HDD,AMD Radeon R5 M430,FG2CQLBI,LN4KU3XGLS
1268,HP,Netbook,11.6,1366x768,Intel Celeron Dual Core N3060 1.6GHz,2GB,32GB Flash Storage,Intel HD Graphics 400,DADUFJ9H,UTB8DTHHR3
1269,Asus,Notebook,15.6,1366x768,Intel Core i7 6500U 2.5GHz,4GB,500GB HDD,Nvidia GeForce 920M,IWG91A6T,YKESDZ3N48
1270,Lenovo,2 in 1 Convertible,14.0,IPS Panel Full HD / Touchscreen 1920x1080,Intel Core i7 6500U 2.5GHz,4GB,128GB SSD,Intel HD Graphics 520,XMI4GHN1,4CLMAOUC6V
1271,Lenovo,2 in 1 Convertible,13.3,IPS Panel Quad HD+ / Touchscreen 3200x1800,Intel Core i7 6500U 2.5GHz,16GB,512GB SSD,Intel HD Graphics 520,EW8NC415,L5FGZION4G
1272,Lenovo,Notebook,14.0,1366x768,Intel Celeron Dual Core N3050 1.6GHz,2GB,64GB Flash Storage,Intel HD Graphics,3GZTZG6Z,XB90WYX73Z
1273,HP,Notebook,15.6,1366x768,Intel Core i7 6500U 2.5GHz,6GB,1TB HDD,AMD Radeon R5 M330,19NHW3BO,YCUZ708MVL
1274,Asus,Notebook,15.6,1366x768,Intel Celeron Dual Core N3050 1.6GHz,4GB,500GB HDD,Intel HD Graphics,46URHQ6T,1YL7WRMXFD
1275,Asus,Ultrabook,13.3,IPS Panel Full HD 1920x1080,Intel Core M 6Y30 0.9GHz,8GB,512GB SSD,Intel HD Graphics 515,IAK7RNNE,KG714Q3I68
1276,Dell,Notebook,15.6,1366x768,Intel Core i3 7100U 2.4GHz,6GB,1TB HDD,Intel HD Graphics 620,XORCZCVB,OF062ZI45W
1277,Acer,Notebook,15.6,1366x768,Intel Celeron Dual Core N3060 1.6GHz,4GB,500GB HDD,Intel HD Graphics 400,D7JUVMY8,OBIVSEA0QL
1278,Dell,Notebook,15.6,1366x768,Intel Celeron Dual Core N3050 1.6GHz,2GB,500GB HDD,Intel HD Graphics,ILNPQOSS,215XQC9SP6
1279,Lenovo,Notebook,15.6,IPS Panel Full HD 1920x1080,Intel Core i7 6700HQ 2.6GHz,8GB,1TB HDD,Nvidia GeForce GTX 960M,SK7EGOUQ,N4XMORJAVR
1280,HP,Notebook,15.6,Full HD 1920x1080,AMD A9-Series 9410 2.9GHz,6GB,1.0TB Hybrid,AMD Radeon R7 M440,XWMO3XTX,ZQ82R4W7AG
1281,Dell,Notebook,15.6,1366x768,Intel Core i7 7500U 2.7GHz,8GB,1TB HDD,AMD Radeon R5 M430,SFBJWTSX,O598BHGL8Z
1282,HP,Netbook,11.6,1366x768,Intel Celeron Dual Core N3060 1.6GHz,2GB,32GB Flash Storage,Intel HD Graphics 400,MR783LXE,T6JIZ3313V
1283,Asus,Notebook,15.6,1366x768,Intel Core i7 6500U 2.5GHz,4GB,500GB HDD,Nvidia GeForce 920M,VE4PPVR3,EP523P6WM6
1284,Lenovo,2 in 1 Convertible,14.0,IPS Panel Full HD / Touchscreen 1920x1080,Intel Core i7 6500U 2.5GHz,4GB,128GB SSD,Intel HD Graphics 520,AH4CI2S8,CIA4WLYB0V
1285,Lenovo,2 in 1 Convertible,13.3,IPS Panel Quad HD+ / Touchscreen 3200x1800,Intel Core i7 6500U 2.5GHz,16GB,512GB SSD,Intel HD Graphics 520,FV9IHQ66,EYMTVIQUAG
1286,Lenovo,Notebook,14.0,1366x768,Intel Celeron Dual Core N3050 1.6GHz,2GB,64GB Flash Storage,Intel HD Graphics,WCLDHR6W,DA1R3BKGZJ
1287,HP,Notebook,15.6,1366x768,Intel Core i7 6500U 2.5GHz,6GB,1TB HDD,AMD Radeon R5 M330,TPWLG40D,XG3K830O0M
1288,Asus,Notebook,15.6,1366x768,Intel Celeron Dual Core N3050 1.6GHz,4GB,500GB HDD,Intel HD Graphics,SEBPK07E,MY1G3WWAKO
1289,Asus,Ultrabook,13.3,IPS Panel Full HD 1920x1080,Intel Core M 6Y30 0.9GHz,8GB,512GB SSD,Intel HD Graphics 515,HIPD5JLO,QJZCQBJBER
1290,Dell,Notebook,15.6,1366x768,Intel Core i3 7100U 2.4GHz,6GB,1TB HDD,Intel HD Graphics 620,RF8P6PNC,9E73X0G264
1291,Acer,Notebook,15.6,1366x768,Intel Celeron Dual Core N3060 1.6GHz,4GB,500GB HDD,Intel HD Graphics 400,X2G34RRM,JGDG43KZW7
1292,Dell,Notebook,15.6,1366x768,Intel Celeron Dual Core N3050 1.6GHz,2GB,500GB HDD,Intel HD Graphics,3KJ4SMB4,I3JS5JV30O
1293,Lenovo,Notebook,15.6,IPS Panel Full HD 1920x1080,Intel Core i7 6700HQ 2.6GHz,8GB,1TB HDD,Nvidia GeForce GTX 960M,QOQEQ5JH,ZZD6A3G47X
1294,HP,Notebook,15.6,Full HD 1920x1080,AMD A9-Series 9410 2.9GHz,6GB,1.0TB Hybrid,AMD Radeon R7 M440,T1DUKP24,MZUBKLGLRM
1295,Dell,Notebook,15.6,1366x768,Intel Core i7 7500U 2.7GHz,8GB,1TB HDD,AMD Radeon R5 M430,C8QTXOJW,KQQC1YTD62
1296,HP,Netbook,11.6,1366x768,Intel Celeron Dual Core N3060 1.6GHz,2GB,32GB Flash Storage,Intel HD Graphics 400,8X7F1FBA,UZ51LLJEUY
1297,Asus,Notebook,15.6,1366x768,Intel Core i7 6500U 2.5GHz,4GB,500GB HDD,Nvidia GeForce 920M,S99GZI5I,678XXC7K11
1298,Lenovo,2 in 1 Convertible,14.0,IPS Panel Full HD / Touchscreen 1920x1080,Intel Core i7 6500U 2.5GHz,4GB,128GB SSD,Intel HD Graphics 520,MTQDN88W,RX934QI9XR
1299,Lenovo,2 in 1 Convertible,13.3,IPS Panel Quad HD+ / Touchscreen 3200x1800,Intel Core i7 6500U 2.5GHz,16GB,512GB SSD,Intel HD Graphics 520,ZK2Z3QCA,XDOXE9QOYL
1300,Lenovo,Notebook,14.0,1366x768,Intel Celeron Dual Core N3050 1.6GHz,2GB,64GB Flash Storage,Intel HD Graphics,6FKLZ4WQ,UUVPNQKY99
1301,HP,Notebook,15.6,1366x768,Intel Core i7 6500U 2.5GHz,6GB,1TB HDD,AMD Radeon R5 M330,AJZW763T,01AW5ASHID
1302,Asus,Notebook,15.6,1366x768,Intel Celeron Dual Core N3050 1.6GHz,4GB,500GB HDD,Intel HD Graphics,XN2NJGBY,SU968Q5KD9
