name,price,speed,modules,color,first_word_latency,cas_latency
Corsair Vengeance LPX 16 GB,38.99,"43,200","2,8",Black / Yellow,10,16
Corsair Vengeance 32 GB,113.99,"55,600","2,16",Black,12.857,36
G.Skill Trident Z5 RGB 32 GB,117.99,"56,000","2,16",Black,12,36
Corsair Vengeance 32 GB,114.99,"56,000","2,16",Black / Gray,10,30
Corsair Vengeance RGB Pro 32 GB,94.99,"43,600","2,16",Black,10,18
G.Skill Trident Z5 RGB 64 GB,217.99,"56,400","2,32",Black / Silver,10,32
Corsair Vengeance LPX 32 GB,69.98,"43,600","2,16",Black / Yellow,10,18
Corsair Vengeance RGB 32 GB,127.99,"56,000","2,16",White,12,36
TEAMGROUP T-Force Delta RGB 32 GB,106.99,"56,000","2,16",White,10,30
TEAMGROUP T-Force Delta RGB 32 GB,106.99,"56,000","2,16",Black,10,30
Corsair Vengeance RGB Pro 16 GB,55.99,"43,200","2,8",Black,10,16
Corsair Vengeance 16 GB,74.98,"55,200","2,8",Black,15.385,40
G.Skill Flare X5 32 GB,102.99,"56,000","2,16",Black,12,36
G.Skill Trident Z5 Neo RGB 32 GB,112.99,"56,000","2,16",Black,10,30
Silicon Power GAMING 16 GB,32.97,"43,200","2,8",Black / Gray,10,16
Corsair Vengeance 64 GB,159.99,"55,200","2,32",Black,15.385,40
G.Skill Ripjaws V 16 GB,3914.75,"44,800","2,8",Black,7.083,17
G.Skill Flare X5 32 GB,104.99,"56,000","2,16",Black,10,30
TEAMGROUP T-Create Expert 32 GB,97.99,"56,000","2,16",Black,10,30
G.Skill Ripjaws V 16 GB,37,"43,200","2,8",Black,10,16
TEAMGROUP T-Force Vulcan Z 16 GB,32.99,"43,200","2,8",Black,10,16
Corsair Vengeance RGB 32 GB,134.99,"56,000","2,16",Black,13.333,40
Corsair Vengeance RGB 32 GB,109.99,"56,000","2,16",Black,12,36
Corsair Vengeance LPX 16 GB,49.99,"43,600","2,8",Black,10,18
G.Skill Ripjaws V 32 GB,66.98,"43,200","2,16",Black,10,16
Corsair Dominator Titanium 64 GB,309.99,"56,600","2,32",White,9.697,32
G.Skill Flare X5 32 GB,96.99,"56,000","2,16",Black,10.667,32
Corsair Vengeance LPX 32 GB,66.98,"43,200","2,16",Black / Yellow,10,16
Corsair Vengeance 32 GB,94.99,"55,200","2,16",Black,15.385,40
G.Skill Ripjaws S5 32 GB,109.99,"56,000","2,16",Black,10,30
Corsair Vengeance RGB 64 GB,224.99,"56,000","2,32",Black,10,30
TEAMGROUP T-Force Vulcan Z 32 GB,57.99,"43,600","2,16",Black,10,18
Corsair Vengeance RGB Pro SL 32 GB,82.99,"43,600","2,16",White / Black,10,18
Kingston FURY Beast RGB 16 GB,,"56,000","2,8",Black,12,36
TEAMGROUP T-Force Vulcan Z 32 GB,52.75,"43,200","2,16",Gray,10,16
Silicon Power Value Gaming 32 GB,94.97,"56,000","2,16",Black,10,30
Silicon Power GAMING 32 GB,51.49,"43,200","2,16",Black,10,16
G.Skill Trident Z5 Neo 64 GB,209.99,"56,000","2,32",Black / Silver,10,30
Corsair Vengeance RGB 32 GB,124.99,"56,000","2,16",Gray,10,30
Kingston FURY Beast 16 GB,49.19,"43,200","2,8",Black,10,16
G.Skill Trident Z5 RGB 32 GB,132.99,"57,200","2,16",Black,9.444,34
Corsair Vengeance LPX 64 GB,129.99,"43,200","2,32",Black / Yellow,10,16
TEAMGROUP T-Force Delta RGB 32 GB,69.98,"43,600","2,16",White,10,18
Kingston FURY Beast 32 GB,119.99,"56,000","2,16",Black,12,36
Corsair Vengeance RGB Pro 16 GB,62.99,"43,200","2,8",White,10,16
G.Skill Trident Z5 RGB 32 GB,109.99,"56,400","2,16",Black,10,32
Corsair Dominator Titanium 64 GB,309.99,"56,600","2,32",Black,9.697,32
Corsair Vengeance RGB 128 GB,459.99,"55,600","4,32",Black,14.286,40
G.Skill Trident Z RGB 32 GB,84.99,"43,200","2,16",Black,10,16
G.Skill Trident Z5 RGB 32 GB,109.99,"56,400","2,16",White / Black,10,32
Corsair Vengeance 64 GB,219.99,"56,400","2,32",Black / Gray,10,32
Corsair Vengeance 32 GB,104.99,"56,000","2,16",Black,12,36
TEAMGROUP T-Force Delta RGB 16 GB,47.99,"43,600","2,8",Black,10,18
TEAMGROUP T-Force Vulcan 32 GB,102.99,"56,000","2,16",Black,10,30
G.Skill Ripjaws V 16 GB,43.99,"43,600","2,8",Black,8.889,16
G.Skill Trident Z5 RGB 48 GB,399.99,"58,400","2,24",Black,9.524,40
Corsair Vengeance RGB 32 GB,109.99,"55,200","2,16",White,15.385,40
TEAMGROUP T-Force Delta RGB 16 GB,47.99,"43,600","2,8",White,10,18
G.Skill Flare X5 64 GB,199.99,"56,000","2,32",Black,10,30
Corsair Vengeance RGB 64 GB,229.99,"56,000","2,32",White / Silver,10,30
Silicon Power SP016GBLFU320B22 16 GB,29.97,"43,200","2,8",,13.75,22
Kingston FURY Beast 16 GB,71.98,"56,000","2,8",Black,13.333,40
Silicon Power SP032GBLVU560FD2AD 32 GB,75.97,"55,600","2,16",Black,16.429,46
TEAMGROUP T-Create Classic 32 GB,83.99,"55,600","2,16",Black,16.429,46
G.Skill Ripjaws V 32 GB,79.98,"43,600","2,16",Black,8.889,16
Kingston FURY Beast RGB 32 GB,127.99,"56,000","2,16",Black,12,36
G.Skill Trident Z 32 GB,754.94,"56,000","2,16",White / Black,13.333,40
TEAMGROUP T-Create Expert 32 GB,97.99,"56,000","2,16",White,10,30
Corsair Vengeance 32 GB,114.99,"56,000","2,16",Black,12,36
Crucial Pro 32 GB,59.99,"43,200","2,16",Black,13.75,22
G.Skill Trident Z RGB 16 GB,55.98,"43,600","2,8",Black,10,18
Kingston FURY Beast 32 GB,74.98,"43,200","2,16",Black,10,16
TEAMGROUP T-Force Delta RGB 32 GB,69.98,"43,600","2,16",Black,10,18
Corsair Dominator Platinum RGB 32 GB,174.99,"56,200","2,16",White,11.613,36
Crucial CT2K8G48C40U5 16 GB,54.99,"54,800","2,8",Black,16.667,40
TEAMGROUP T-Create Expert 32 GB,94.99,"56,400","2,16",Black,10,32
G.Skill Ripjaws S5 32 GB,98.99,"56,000","2,16",Black,12,36
Crucial Pro Overclocking 32 GB,104.99,"56,000","2,16",Black,12,36
G.Skill Trident Z5 Neo RGB 64 GB,214.99,"56,000","2,32",Black / Silver,10,30
Crucial Pro 64 GB,159.19,"55,600","2,32",Black,16.429,46
Corsair Vengeance RGB 192 GB,659.99,"55,200","4,48",Black,14.615,38
Corsair Vengeance 32 GB,117.99,"56,400","2,16",Black,10,32
TEAMGROUP T-Force Vulcan 32 GB,91.99,"56,000","2,16",Black,12.667,38
ADATA XPG Lancer Blade 32 GB,112.99,"56,000","2,16",Black,10,30
Lexar THOR OC 32 GB,104.99,"56,000","2,16",Black / Gold,10.667,32
Silicon Power XPOWER Zenith Gaming 32 GB,86.99,"56,000","2,16",White,10,30
Patriot Viper Venom 16 GB,61.99,"55,200","2,8",Black / White,13.846,36
Corsair Vengeance 64 GB,217.99,"56,000","2,32",Black / Gray,10,30
TEAMGROUP Vulcan Z 16 GB,37.99,"43,600","2,8",Black,10,18
Corsair Vengeance RGB Pro 256 GB,1658.29,"43,000","8,32",Black,10.667,16
Corsair Vengeance RGB 32 GB,124.99,"56,400","2,16",Black / Gray,10,32
Corsair Vengeance 128 GB,429.99,"55,600","4,32",Black,14.286,40
Corsair Vengeance RGB Pro 32 GB,89.99,"43,200","2,16",Black,10,16
Corsair Vengeance LPX 32 GB,,"43,866","4,8",,9.312,18
Corsair Dominator Titanium 32 GB,167.99,"56,000","2,16",White,10,30
G.Skill Trident Z5 RGB 96 GB,399.99,"56,800","2,48",Black,10,34
Crucial CT25664AA667 2 GB,11,"2,667","1,2",Green,14.993,5
Silicon Power XPOWER Turbine 16 GB,32.97,"43,200","2,8",Blue,10,16
Corsair Vengeance LPX 8 GB,24.99,"42,400","1,8",Black / Yellow,13.333,16
Crucial Pro 32 GB,103.87,"55,600","2,16",Black,16.429,46
G.Skill Trident Z5 RGB 64 GB,217.99,"56,400","2,32",White / Black,10,32
Corsair Dominator Titanium 96 GB,429.99,"56,600","2,48",Black,9.697,32
TEAMGROUP Elite 16 GB,,"55,200","2,8",Black,16.154,42
Kingston FURY Beast 8 GB,23.98,"43,200","1,8",Black,10,16
Corsair Vengeance LPX 16 GB,44.99,"43,200","2,8",Black,10,16
G.Skill Trident Z Neo 32 GB,89.99,"43,600","2,16",Black / Silver,8.889,16
TEAMGROUP T-Force Delta RGB 32 GB,99.99,"56,400","2,16",Black,12.5,40
G.Skill Ripjaws S5 32 GB,109.99,"56,000","2,16",White,10,30
G.Skill Ripjaws S5 32 GB,105.99,"55,600","2,16",Black,10,28
TEAMGROUP T-Force Delta RGB 32 GB,104.99,"56,000","2,16",White,12.667,38
G.Skill Ripjaws S5 64 GB,197.99,"56,000","2,32",Black,10,30
Crucial CT16G48C40U5 16 GB,44,"54,800","1,16",Black,16.667,40
G.Skill Aegis 16 GB,42.68,"43,200","2,8",Red / Black,10,16
Lexar Ares RGB 32 GB,114.99,"56,400","2,16",Black / Silver,10,32
Corsair Vengeance 64 GB,247.99,"56,800","2,32",Black / Gray,9.412,32
TEAMGROUP T-Create Classic 32 GB,87.99,"56,000","2,16",Black,16,48
TEAMGROUP T-Force Delta RGB 32 GB,99.99,"56,400","2,16",White,12.5,40
G.Skill Trident Z RGB 64 GB,139.99,"43,600","2,32",Black,10,18
G.Skill Trident Z Neo 256 GB,584.99,"43,200","8,32",Black / Silver,10,16
Kingston HyperX Fury 16 GB,,"43,200","2,8",Black / Silver,10,16
Corsair Vengeance RGB Pro 32 GB,92.99,"43,200","2,16",White,10,16
Corsair Dominator Platinum RGB 32 GB,174.99,"56,200","2,16",Black,11.613,36
G.Skill Ripjaws V 64 GB,3772.97,"43,400","4,16",Black,9.412,16
Corsair Dominator Titanium 96 GB,429.99,"56,600","2,48",White,9.697,32
Corsair Vengeance LPX 16 GB,45.99,"43,200","2,8",White,10,16
G.Skill Trident Z5 Neo 32 GB,116.99,"56,000","2,16",Black,10,30
Corsair Vengeance 16 GB,77.98,"31,600","2,8",Black / Yellow,11.25,9
G.Skill Trident Z5 RGB 64 GB,259.99,"56,800","2,32",Black,10,34
Kingston FURY Beast 16 GB,75.99,"56,000","2,8",Black / Silver,12,36
Kingston FURY 128 GB,457.99,"55,600","4,32",White,14.286,40
Corsair Vengeance 96 GB,345.99,"56,400","2,48",Black,10,32
TEAMGROUP Elite 32 GB,52.99,"43,200","2,16",Black,13.75,22
Kingston FURY Beast 16 GB,79.45,"55,600","2,8",Black / Silver,12.857,36
Patriot Viper Venom 32 GB,103.99,"56,400","2,16",Black / White,10,32
Corsair Vengeance RGB 32 GB,112.99,"56,400","2,16",Black,11.25,36
Corsair Vengeance 32 GB,97.99,"54,800","2,16",Black,16.667,40
Corsair Vengeance RGB 32 GB,109.99,"55,200","2,16",Black,15.385,40
Silicon Power XPOWER Turbine 32 GB,51.49,"43,200","2,16",Blue,10,16
Corsair Vengeance RGB Pro 16 GB,52.99,"43,600","2,8",Black,10,18
G.Skill Ripjaws V 32 GB,67.99,"43,600","2,16",Black,10,18
G.Skill Ripjaws S5 32 GB,109.99,"56,400","2,16",Black,10,32
G.Skill Ripjaws S5 64 GB,194.99,"55,600","2,32",Black,10,28
TEAMGROUP T-Force Delta RGB 64 GB,184.99,"56,000","2,32",White / Silver,12.667,38
G.Skill Trident Z5 RGB 48 GB,399.99,"58,400","2,24",White,9.524,40
Corsair Dominator Titanium 64 GB,359.99,"56,400","4,16",White,10,32
ADATA XPG Lancer Blade RGB 32 GB,148.03,"56,400","2,16",Black,10,32
Corsair Vengeance RGB 64 GB,227.99,"56,400","2,32",Black / Gray,10,32
G.Skill Trident Z5 Neo RGB 32 GB,124.99,"56,000","2,16",Silver / Black,10,30
TEAMGROUP T-Force Vulcan Z 16 GB,34.99,"43,200","2,8",Gray,10,16
Crucial Classic 16 GB,55.99,"55,600","2,8",Black,16.429,46
G.Skill Ripjaws V 32 GB,74.99,"44,000","2,16",Black,9,18
Silicon Power SP016GLLTU160N22 16 GB,17.98,"31,600","2,8",Green,13.75,11
TEAMGROUP T-Create Expert 32 GB,94.99,"56,000","2,16",Black,12.667,38
Kingston HyperX Fury 8 GB,50.99,"42,666","1,8",Black,12.003,16
Corsair Vengeance 32 GB,124.99,"56,000","2,16",Black / Silver,10,30
Corsair Vengeance RGB 32 GB,135.99,"56,000","2,16",White / Silver,10,30
KingBank SharpBlade 32 GB,86.99,"56,000","2,16",Black,12,36
Patriot Viper Venom 32 GB,97.99,"56,000","2,16",Black / White,12,36
TEAMGROUP T-Force Delta RGB 32 GB,121.99,"57,200","2,16",White / Gray,9.444,34
Corsair Dominator Platinum RGB 64 GB,349.99,"56,600","4,16",Black,9.697,32
Corsair Vengeance 192 GB,629.99,"55,200","4,48",Black,14.615,38
Kingston FURY Beast 16 GB,64.39,"55,200","2,8",Black,15.385,40
Corsair Vengeance LPX 64 GB,142.99,"43,600","2,32",Black,10,18
Crucial CT8G48C40U5 8 GB,22.99,"54,800","1,8",Black,16.667,40
Silicon Power XPOWER Zenith Gaming 32 GB,86.99,"56,000","2,16",Black,10,30
G.Skill Aegis 32 GB,65.98,"43,200","2,16",Red / Black,10,16
TEAMGROUP Elite 32 GB,75.98,"54,800","2,16",Black,16.667,40
G.Skill Trident Z5 RGB 48 GB,249.99,"58,000","2,24",Black,10,40
TEAMGROUP T-Create Expert 64 GB,184.99,"56,000","2,32",Black,11.333,34
Corsair Vengeance RGB 32 GB,124.99,"56,000","2,16",Black / Gray,10,30
ADATA XPG Lancer Blade RGB 32 GB,109.99,"56,000","2,16",Black,10,30
Corsair Vengeance LPX 16 GB,44.98,"43,000","2,8",Black / Yellow,10,15
Kingston Server Premier 64 GB,176.49,"43,200","1,64",,13.75,22
Crucial CT8G4DFRA32A 8 GB,19.98,"43,200","1,8",Green,13.75,22
Corsair Dominator Titanium 32 GB,167.99,"56,000","2,16",Black,10,30
Kingston FURY Beast RGB 64 GB,224.99,"56,000","2,32",Black,12,36
Corsair Vengeance 64 GB,172.99,"55,600","2,32",Black,14.286,40
G.Skill Ripjaws V 16 GB,39.99,"43,600","2,8",Black,10,18
Corsair Vengeance RGB Pro 64 GB,189.99,"43,600","4,16",Black,10,18
Corsair Vengeance 32 GB,159.99,"57,200","2,16",Gray,9.444,34
TEAMGROUP T-Force Vulcan 32 GB,87.99,"55,200","2,16",Black,15.385,40
Klevv BOLT V 32 GB,98.99,"56,000","2,16",Black,10,30
Corsair Vengeance 32 GB,99.99,"55,600","2,16",Black / Gray,14.286,40
Kingston ValueRAM 4 GB,11.99,"42,666","1,4",Green / Black,14.254,19
TEAMGROUP T-Force Delta RGB 32 GB,102.99,"56,400","2,16",Black,10,32
Crucial Pro 96 GB,259.99,"55,600","2,48",Black,16.429,46
TEAMGROUP T-Force Delta RGB 16 GB,46.99,"43,200","2,8",White,10,16
G.Skill Trident Z RGB 16 GB,54.99,"43,200","2,8",Black,10,16
Corsair Dominator Platinum RGB 64 GB,299.99,"56,800","2,32",Black,11.765,40
G.Skill Ripjaws S5 64 GB,204.99,"56,400","2,32",Black,10,32
Corsair Vengeance RGB Pro 32 GB,117.99,"43,200","4,8",Black,10,16
Corsair Vengeance RGB 32 GB,104.95,"55,600","2,16",Black / Gray,14.286,40
G.Skill Trident Z RGB 32 GB,82.98,"43,600","2,16",Black,10,18
Corsair Vengeance 96 GB,339.99,"56,000","2,48",Black / Silver,10,30
Samsung Green 8 GB,14,"42,133","1,8",Green / Black,14.065,15
ADATA XPG SPECTRIX D50 16 GB,54.99,"43,200","2,8",White,10,16
TEAMGROUP T-Create Expert 32 GB,60.99,"43,600","2,16",Gray,10,18
Corsair Vengeance 32 GB,102.99,"55,200","2,16",White,15.385,40
TEAMGROUP T-Force Delta RGB 64 GB,184.99,"56,000","2,32",Black / Silver,12.667,38
Corsair Dominator Titanium 64 GB,289.99,"56,000","2,32",White,10,30
Corsair Vengeance RGB 32 GB,117.99,"56,000","2,16",White / Silver,12,36
Supermicro MEM-DR412L-SL02-LR26 128 GB,,"42,666","1,128",Green / Black,16.504,22
TEAMGROUP Elite 16 GB,31.99,"43,200","2,8",Black,13.75,22
Kingston FURY Beast 16 GB,49,"43,600","2,8",Black,9.444,17
Kingston FURY Beast 128 GB,445.9,"55,600","4,32",White,14.286,40
Samsung M378A1K43CB2-CRC 8 GB,15.5,"42,400","1,8",Green,14.167,17
G.Skill Trident Z5 RGB 32 GB,164.99,"57,600","2,16",Black,9.474,36
Kingston ValueRAM 4 GB,22.6,"43,200","1,4",Green,13.75,22
Corsair Vengeance RGB 32 GB,159.99,"57,200","2,16",Black,9.444,34
G.Skill Trident Z5 Neo RGB 32 GB,109.99,"56,400","2,16",,10,32
TEAMGROUP T-Force Delta RGB 32 GB,104.28,"56,000","2,16",Black,12.667,38
Corsair Vengeance 32 GB,114.99,"56,000","2,16",Black,12,36
Patriot Viper Elite 5 RGB 32 GB,99.99,"56,200","2,16",White,13.548,42
Crucial Pro 64 GB,116.99,"43,200","2,32",Black / Green,13.75,22
G.Skill Trident Z5 RGB 32 GB,189.99,"57,800","2,16",Black,9.231,36
G.Skill Trident Z RGB 128 GB,294.99,"43,600","4,32",Black,10,18
G.Skill Trident Z5 Neo RGB 64 GB,214.99,"56,000","2,32",Silver / Black,10,30
TEAMGROUP T-Create Expert 32 GB,94.99,"56,400","2,16",White,10,32
Corsair Vengeance RGB 96 GB,349.99,"56,000","2,48",Black / Silver,10,30
G.Skill Ripjaws V 32 GB,84.99,"44,400","2,16",Black,8.636,19
KingBank SharpBlade RGB 32 GB,97.99,"56,400","2,16",White,10,32
Patriot Viper Venom 32 GB,112.99,"57,000","2,16",Black / White,9.143,32
Corsair Vengeance LPX 16 GB,44.99,"42,666","2,8",White,12.003,16
Samsung M378A2K43CB1-CTD 16 GB,30,"42,666","1,16",Green / Black,14.254,19
Corsair Vengeance 16 GB,64.98,"55,200","1,16",Black,15.385,40
TEAMGROUP T-Create Expert 32 GB,52.99,"43,200","2,16",Gray,10,16
Crucial Ballistix 16 GB,,"43,200","2,8",Black,10,16
Corsair Dominator Titanium 96 GB,474.99,"56,000","4,24",Black,10,30
TEAMGROUP T-Force Delta RGB 32 GB,99.99,"55,600","2,16",White,11.429,32
Corsair Vengeance 64 GB,169.99,"55,200","2,32",White,15.385,40
TEAMGROUP T-Force Vulcan 32 GB,104.99,"56,400","2,16",Black / Silver,10,32
G.Skill Ripjaws X 16 GB,36.99,"31,600","2,8",Black / Red,12.5,10
Klevv BOLT X 16 GB,38.99,"43,600","2,8",Black,10,18
G.Skill Aegis 16 GB,35.99,"43,000","2,8",Black / Red,10.667,16
G.Skill Ripjaws S5 96 GB,329.99,"56,400","2,48",Black,10,32
Corsair Dominator Titanium 32 GB,199.99,"57,200","2,16",White,9.444,34
Kingston FURY Beast 32 GB,117.99,"55,600","2,16",Black,12.857,36
Corsair Vengeance LPX 16 GB,47.99,"43,600","2,8",Black / Yellow,10,18
Crucial CT64G4YFQ426S 64 GB,649.95,"42,666","1,64",Green / Black,14.254,19
Kingston FURY Beast RGB 16 GB,54.99,"43,200","2,8",Black,10,16
G.Skill Trident Z Royal 32 GB,105.99,"43,600","2,16",Silver,10.556,19
Patriot Viper Steel 32 GB,67.99,"43,200","2,16",Silver / Black,10,16
TEAMGROUP T-Create Classic 16 GB,32.49,"43,200","2,8",Silver,13.75,22
TEAMGROUP Elite 16 GB,49.99,"54,800","2,8",Black,16.667,40
Patriot Viper Steel 16 GB,43.99,"43,200","2,8",Silver / Black,10,16
G.Skill Trident Z Royal 256 GB,1499,"43,600","8,32",Gold,10,18
Patriot Viper 4 Blackout 64 GB,116.99,"43,600","2,32",Black,10,18
Patriot Viper Xtreme 5 32 GB,169.99,"58,200","2,16",Black,9.268,38
G.Skill Trident Z5 RGB 32 GB,112.99,"56,000","2,16",White / Black,10,30
G.Skill Ripjaws V 64 GB,128.99,"43,600","2,32",Black,10,18
TEAMGROUP Elite Plus 16 GB,52.99,"54,800","2,8",Black,16.667,40
Kingston FURY Beast 64 GB,219.99,"56,000","2,32",Black / Silver,12,36
Corsair Vengeance 64 GB,279.99,"56,600","4,16",Black / Gray,9.697,32
Corsair Vengeance LPX 32 GB,94.99,"43,600","2,16",Black / Yellow,8.889,16
Corsair Vengeance LPX 16 GB,39.99,"43,000","1,16",Black,10.667,16
Corsair Vengeance 32 GB,119.99,"56,000","2,16",Gray,12,36
G.Skill Trident Z5 RGB 32 GB,239.99,"58,000","2,16",Black,9.5,38
Corsair Dominator Platinum RGB 64 GB,224.99,"55,600","2,32",White,14.286,40
TEAMGROUP T-Force Vulcan 32 GB,92.99,"55,600","2,16",Black,11.429,32
TEAMGROUP T-Force Delta RGB 32 GB,99.99,"55,600","2,16",Black,11.429,32
Corsair Vengeance RGB Pro 64 GB,149.99,"43,200","2,32",Black,10,16
Kingston FURY Beast RGB 16 GB,81.99,"56,000","2,8",Black,13.333,40
Corsair Vengeance RGB 64 GB,207.99,"56,000","2,32",Black,13.333,40
Corsair Vengeance LPX 128 GB,264.99,"43,200","4,32",Black / Yellow,10,16
TEAMGROUP T-Force Delta RGB 32 GB,121.99,"57,200","2,16",Black / White,9.444,34
TEAMGROUP T-Force Delta RGB 16 GB,46.99,"43,200","2,8",Black,10,16
Kingston KVR1333D3N9HK2/8G 8 GB,49.99,"31,333","2,4",Green,13.503,9
Corsair Dominator Titanium 48 GB,279.99,"57,600","2,24",Black,9.474,36
Corsair Vengeance RGB 64 GB,279.99,"56,000","4,16",Black,12,36
TEAMGROUP Elite 16 GB,39.99,"54,800","1,16",Black,16.667,40
Corsair Vengeance LPX 16 GB,54.99,"43,600","2,8",Black / Yellow,8.889,16
G.Skill Trident Z Royal 128 GB,2265.13,"43,200","4,32",Gold,10,16
Corsair Vengeance LPX 32 GB,92.99,"43,600","4,8",Black / Yellow,10,18
Corsair Vengeance 96 GB,269.99,"55,200","2,48",Black,14.615,38
TEAMGROUP T-Create Expert 32 GB,119.99,"57,200","2,16",Black,9.444,34
G.Skill Trident Z RGB 256 GB,886.87,"43,600","8,32",,8.889,16
Kingston FURY Beast 32 GB,84.99,"43,600","2,16",Black,10,18
G.Skill Trident Z Neo 16 GB,66.98,"43,600","2,8",Black / Silver,8.889,16
Lexar THOR 32 GB,76.03,"43,200","2,16",Black,10,16
OLOy MD4U0836180BHKDA 16 GB,34.97,"43,600","2,8",Black,10,18
Corsair Dominator Titanium 48 GB,249.99,"57,200","2,24",White,10,36
Crucial CT16G4DFRA32A 16 GB,33.99,"43,200","1,16",Green,13.75,22
Corsair Dominator Titanium 64 GB,359.99,"56,400","4,16",Black,10,32
TEAMGROUP Elite 16 GB,29.99,"43,200","1,16",Black,13.75,22
Crucial CT2K16G48C40U5 32 GB,87.66,"54,800","2,16",Black,16.667,40
Corsair Dominator Titanium 64 GB,289.99,"56,000","2,32",Black,10,30
G.Skill Trident Z RGB 96 GB,339.99,"56,400","2,48",Black,10,32
TEAMGROUP T-Create Expert 32 GB,94.99,"56,000","2,16",White,12.667,38
Corsair Vengeance RGB 32 GB,127.99,"56,000","2,16",Black,12,36
OLOy OWL RGB 16 GB,42.99,"43,200","2,8",White,10,16
G.Skill Trident Z5 RGB 64 GB,214.99,"56,000","2,32",Black,10,30
Kingston FURY Beast 16 GB,44.85,"43,200","1,16",Black,10,16
Corsair Vengeance LPX 16 GB,41.99,"42,400","2,8",Black / Yellow,13.333,16
Corsair Vengeance RGB Pro 16 GB,63.99,"43,600","2,8",White,10,18
Patriot Signature Premium 16 GB,24.99,"42,666","1,16",Black,14.254,19
Kingston FURY 32 GB,146.3,"56,000","2,16",White,13.333,40
TEAMGROUP T-Force Vulcan Z 64 GB,114.99,"43,200","2,32",Gray,10,16
Mushkin Redline ST 64 GB,209.99,"56,400","2,32",Black,9.375,30
Corsair Vengeance RGB 32 GB,129.99,"56,400","2,16",White / Black,11.25,36
G.Skill Trident Z RGB 32 GB,109.99,"43,200","4,8",Black,10,16
Corsair Vengeance RGB RS 16 GB,59.99,"43,200","2,8",Black / Gray,10,16
Kingston FURY Beast 16 GB,58.99,"55,200","1,16",Black / Silver,15.385,40
TEAMGROUP T-Force Vulcan 32 GB,96.99,"55,600","2,16",Red,11.429,32
TEAMGROUP T-Force Delta RGB 32 GB,67.98,"43,200","2,16",Black,10,16
Lexar Ares RGB 32 GB,165.99,"56,400","2,16",White,10,32
Samsung M378B5173DB0-CK0 4 GB,12.83,"31,600","1,4",Green,13.75,11
OLOy MD4U1636181CHKDA 32 GB,71.99,"43,600","2,16",Black,10,18
Kingston FURY Beast RGB 128 GB,447.15,"55,200","4,32",Black,15.385,40
Corsair Vengeance 64 GB,229.99,"56,000","2,32",Black / Gray,10,30
TEAMGROUP Elite 64 GB,108.99,"43,200","2,32",Black,13.75,22
G.Skill Trident Z5 RGB 32 GB,116.99,"55,600","2,16",Black,10,28
G.Skill Trident Z5 RGB 32 GB,112.99,"56,000","2,16",Black,10,30
G.Skill Ripjaws S5 32 GB,107.99,"56,000","2,16",Black,10.667,32
G.Skill Ripjaws S5 32 GB,104.99,"56,000","2,16",Black,10,30
Corsair Vengeance 96 GB,279.99,"55,600","2,48",Black,14.286,40
TEAMGROUP T-Force Vulcan Z 16 GB,34.99,"43,200","2,8",Red,10,16
Corsair Vengeance RGB RT 32 GB,139.99,"44,600","2,16",Black,7.826,18
Corsair Vengeance RGB RT 256 GB,1511.31,"43,600","8,32",Black,10,18
TEAMGROUP T-Create Expert 64 GB,194.99,"56,400","2,32",Black,10.625,34
Corsair Vengeance RGB 64 GB,242.99,"56,600","2,32",Black / Gray,9.697,32
Corsair Vengeance LPX 16 GB,44.99,"43,200","2,8",White,10,16
Corsair Vengeance RGB RS 32 GB,89.99,"43,200","2,16",Black / Gray,10,16
Kingston KVR13N9S6/2 2 GB,19.97,"31,333","1,2",Black / Green,13.503,9
Patriot Viper 3 16 GB,29.98,"31,866","2,8",Black / Silver,10.718,10
G.Skill Trident Z5 RGB 96 GB,339.99,"56,400","2,48",White / Black,10,32
G.Skill Trident Z RGB 32 GB,84.99,"44,000","2,16",Black,9,18
Corsair Vengeance RGB 96 GB,367.99,"56,800","2,48",Black / Silver,11.765,40
Corsair Vengeance LPX 32 GB,69.98,"42,133","2,16",Black / Yellow,12.189,13
Patriot Signature Line 8 GB,28.98,"54,800","1,8",Black,16.667,40
Lexar THOR 16 GB,48.66,"43,200","2,8",Black,10,16
ADATA XPG Lancer Blade RGB 32 GB,119.99,"56,000","2,16",White,10,30
Kingston HyperX Fury 32 GB,,"43,200","2,16",Black,10,16
Corsair Vengeance 64 GB,242.99,"56,600","2,32",Black / Gray,9.697,32
Corsair Vengeance 32 GB,94.99,"55,200","1,32",Black,15.385,40
Corsair Dominator Titanium 32 GB,175.99,"56,600","2,16",White,9.697,32
Kingston KVR16N11/8 8 GB,16.88,"31,600","1,8",Green,13.75,11
Corsair Dominator Platinum RGB 32 GB,164.99,"56,000","2,16",Black,10,30
Corsair Vengeance RGB Pro 32 GB,124.99,"43,200","4,8",White,10,16
TEAMGROUP T-Create Expert 64 GB,184.99,"56,000","2,32",White,11.333,34
Corsair Vengeance RGB RT 32 GB,104.99,"43,600","2,16",Black,8.889,16
Kingston FURY Beast RGB 16 GB,87.99,"55,600","2,8",Black,14.286,40
Patriot Signature 8 GB,15.98,"31,600","1,8",Black / Green,13.75,11
Timetec PINNACLE Konduit 32 GB,62.99,"43,600","2,16",White,10,18
G.Skill Ripjaws S5 96 GB,389.99,"56,800","2,48",Black,10,34
Corsair Dominator Platinum RGB 64 GB,289.99,"55,600","4,16",Black,12.857,36
TEAMGROUP T-Create Expert 16 GB,34.99,"43,600","2,8",Gray,10,18
Corsair Vengeance 32 GB,113.99,"55,600","2,16",White,12.857,36
Corsair Vengeance RGB 48 GB,229.99,"57,600","2,24",Black,9.474,36
Corsair Vengeance RGB Pro SL 32 GB,99.99,"43,600","2,16",Black,10,18
Kingston FURY Beast 32 GB,115.03,"55,200","2,16",Black / Silver,15.385,40
G.Skill Ripjaws V 8 GB,69.98,"42,400","1,8",Red,12.5,15
OLOy OWL RGB 16 GB,42.99,"43,200","2,8",Black,10,16
Kingston FURY Beast RGB 32 GB,129.99,"43,200","2,16",Black,10,16
TEAMGROUP T-Create Expert 16 GB,32.99,"43,200","2,8",Gray,10,16
Kingston FURY Beast RGB 16 GB,89.08,"55,600","2,8",Black,12.857,36
Corsair Vengeance RGB Pro 64 GB,139.99,"43,600","2,32",Black,10,18
Corsair Vengeance 64 GB,167.99,"54,800","2,32",Black,16.667,40
G.Skill Ripjaws V 16 GB,37.99,"43,200","1,16",Black,10,16
Kingston FURY 128 GB,489,"55,200","4,32",White,15.385,40
Corsair Vengeance RGB 32 GB,124.99,"56,000","2,16",Black / Gray,12,36
Corsair Vengeance LPX 32 GB,73.98,"42,666","2,16",Black / Yellow,12.003,16
Patriot Viper Elite II 16 GB,,"44,000","2,8",Red / Black,10,20
Crucial Classic 8 GB,26.99,"55,600","1,8",Black,16.429,46
Silicon Power GAMING 16 GB,34.97,"43,600","2,8",Gray / Silver,10,18
TEAMGROUP T-Force Vulcan Z 32 GB,53.3,"43,200","2,16",Red,10,16
TEAMGROUP T-Force Vulcan 32 GB,94.99,"55,600","2,16",Black,12.857,36
G.Skill Trident Z5 RGB 32 GB,132.99,"57,200","2,16",Silver / Black,9.444,34
Corsair Vengeance RGB 32 GB,149.99,"56,400","2,16",White / Silver,10,32
G.Skill Trident Z5 RGB 64 GB,214.99,"56,000","2,32",White / Black,10,30
G.Skill Trident Z5 RGB 48 GB,279.99,"58,200","2,24",Black,9.756,40
Corsair Dominator Titanium 32 GB,199.99,"57,200","2,16",Black,9.444,34
G.Skill Ripjaws S5 64 GB,239.99,"56,800","2,32",Black,10,34
Corsair Vengeance RGB Pro 32 GB,82.99,"43,600","2,16",Black,10,18
G.Skill TridentZ RGB 32 GB,418,"44,800","2,16",Black,8.333,20
Kingston FURY Beast RGB 32 GB,132.15,"55,600","2,16",Black,12.857,36
Corsair Vengeance 64 GB,239.99,"55,600","4,16",Black,12.857,36
Kingston FURY Beast 16 GB,71,"54,800","2,8",Black,15.833,38
Corsair Vengeance RGB 64 GB,184.99,"55,200","2,32",Black / Gray,15.385,40
Corsair Vengeance 32 GB,114.99,"56,000","2,16",White / Gray,12,36
Corsair Vengeance LPX 32 GB,84.99,"43,600","2,16",Black / Yellow,10,18
G.Skill Ripjaws V 64 GB,201.22,"44,400","2,32",Black,8.636,19
Corsair Dominator Platinum RGB 32 GB,119.99,"43,200","2,16",Black,10,16
TEAMGROUP T-Create Expert 96 GB,355.99,"56,800","2,48",Black,10.588,36
Crucial CT2K8G4DFRA32A 16 GB,39.99,"43,200","2,8",Green,13.75,22
ADATA XPG GAMMIX D10 16 GB,,"43,200","1,16",Black,10,16
OLOy MD4U083216BJDA 16 GB,37.99,"43,200","2,8",Black,10,16
Corsair Dominator Titanium 32 GB,175.99,"56,600","2,16",Black,9.697,32
TEAMGROUP Elite 16 GB,45.99,"56,000","1,16",Black,16,48
G.Skill Trident Z RGB 32 GB,99.99,"44,400","2,16",Black,8.636,19
Corsair Vengeance LPX 32 GB,104.99,"44,000","2,16",Black / Yellow,9,18
Corsair Vengeance RGB 32 GB,109.99,"55,600","2,16",Black / Gray,14.286,40
Kingston FURY Renegade 16 GB,,"45,333","2,8",Black,7.5,20
Corsair Vengeance LPX 64 GB,147.99,"43,200","4,16",Black / Yellow,10,16
TEAMGROUP Elite Plus 64 GB,147.99,"54,800","2,32",Silver,16.667,40
Kingston HyperX Fury 16 GB,,"42,666","2,8",Black,12.003,16
Kingston HyperX Fury 16 GB,,"31,866","2,8",Black / Silver,10.718,10
Corsair Vengeance RGB 32 GB,135.99,"56,200","2,16",White,11.613,36
TEAMGROUP T-Force Vulcan 16 GB,67.99,"55,200","2,8",Black,15.385,40
G.Skill Ripjaws X 8 GB,30.47,"31,600","2,4",Black / Red,11.25,9
TEAMGROUP Elite 32 GB,80.98,"55,600","2,16",Black,16.429,46
Corsair Vengeance RGB 32 GB,134.99,"56,000","2,16",White,13.333,40
Silicon Power XPOWER Zenith Gaming 32 GB,54.97,"43,200","2,16",Black,10,16
Corsair Vengeance LPX 16 GB,44.99,"43,000","2,8",Black,10.667,16
Corsair Vengeance 64 GB,199.99,"56,000","2,32",Gray,13.333,40
PNY XLR8 16 GB,39.99,"43,200","2,8",Black / Red,10,16
Crucial CT4K32G4LFQ4213 128 GB,,"42,133","4,32",Black / Green,14.065,15
Corsair Dominator Titanium 32 GB,199.99,"57,000","2,16",White,9.714,34
Gigabyte AORUS RGB 32 GB,,"56,000","2,16",Black,13.333,40
TEAMGROUP T-Force Vulcan 16 GB,67.99,"55,200","2,8",Black,15.385,40
G.Skill Trident Z5 RGB 32 GB,124.99,"56,800","2,16",Black / Silver,10,34
Corsair Dominator Titanium 64 GB,289.99,"56,000","2,32",Black,10,30
Corsair Vengeance LPX 16 GB,44.99,"43,000","2,8",White,10.667,16
Kingston FURY Beast 16 GB,76.16,"55,200","2,8",Black / Silver,13.846,36
G.Skill Ripjaws S5 64 GB,236.62,"56,000","2,32",White,10,30
Crucial CT4G4DFS8266 4 GB,12.5,"42,666","1,4",Green / Black,14.254,19
Corsair Vengeance RGB Pro SL 64 GB,179.99,"43,600","4,16",White,10,18
Kingston FURY Renegade 32 GB,192.07,"43,600","2,16",Black,8.889,16
TEAMGROUP T-Create Classic 64 GB,174.99,"56,000","2,32",Black,16,48
Timetec PINNACLE Konduit 16 GB,45.55,"43,200","2,8",White,10,16
OLOy Blade RGB 64 GB,192.99,"56,400","2,32",Black,10,32
Patriot Signature Line 8 GB,17.98,"43,200","1,8",,13.75,22
Corsair Vengeance 32 GB,119.99,"56,400","2,16",Black,11.25,36
TEAMGROUP T-Force Delta RGB 48 GB,253.73,"58,200","2,24",Black,9.268,38
Kingston FURY Beast 32 GB,105.99,"54,800","2,16",Black / Silver,15.833,38
Corsair Dominator Platinum RGB 32 GB,214.99,"57,600","2,16",Black,9.474,36
G.Skill Trident Z Neo 64 GB,204.99,"43,600","4,16",Black / Silver,8.889,16
Kingston FURY Beast RGB 16 GB,55,"43,600","2,8",Black,9.444,17
Silicon Power XPOWER Zenith Gaming 64 GB,184.99,"56,000","2,32",White,10,30
Corsair Dominator Titanium 32 GB,169.99,"56,400","2,16",White,10,32
Patriot Viper Steel 8 GB,26.99,"43,200","2,4",Silver / Black,10,16
TEAMGROUP T-Force Vulcan Z 16 GB,37.99,"43,600","2,8",Red,10,18
Lexar Ares RGB 32 GB,,"56,000","2,16",Black,11.333,34
G.Skill Trident Z5 RGB 64 GB,207.99,"56,000","2,32",Black,12,36
Crucial Pro 48 GB,146.99,"56,000","2,24",Black,16,48
Corsair Vengeance RGB Pro SL 16 GB,59.99,"43,200","2,8",White / Black,10,16
Corsair Vengeance LPX 32 GB,,"43,200","2,16",Black / Yellow,10,16
KingBank SharpBlade 32 GB,98.99,"56,800","2,16",Black,10,34
G.Skill Aegis 32 GB,61.99,"43,000","2,16",Red / Black,10.667,16
Corsair Vengeance LPX 32 GB,89.99,"43,200","4,8",Black / Yellow,10,16
ADATA XPG SPECTRIX D60G 16 GB,,"43,200","2,8",,10,16
G.Skill Trident Z5 RGB 48 GB,249.99,"58,000","2,24",White / Black,10,40
Crucial Ballistix 16 GB,,"43,600","2,8",Black,8.889,16
Crucial Classic 16 GB,55.99,"55,200","2,8",Black,16.154,42
Patriot Viper Venom 16 GB,69.98,"55,600","2,8",Black / White,14.286,40
G.Skill Trident Z5 Neo 32 GB,114.99,"55,600","2,16",Black,10,28
TEAMGROUP T-Create Expert 48 GB,199.99,"57,200","2,24",Black,9.444,34
Kingston Server Premier 32 GB,83.99,"43,200","1,32",,13.75,22
Corsair Vengeance RGB 96 GB,359.99,"56,600","2,48",Black / Silver,9.697,32
TEAMGROUP T-Create Expert 96 GB,355.99,"56,800","2,48",White,10.588,36
TEAMGROUP T-Force Delta RGB 32 GB,69.98,"43,200","2,16",White,10,16
Corsair Vengeance 96 GB,389.99,"56,600","2,48",Black / Silver,9.697,32
G.Skill Ripjaws V 64 GB,138.99,"43,200","4,16",Black,10,16
G.Skill Trident Z5 RGB 32 GB,109.99,"56,400","2,16",Black,10,32
Kingston FURY Renegade 16 GB,104.77,"45,133","2,8",Black,7.793,20
Corsair Dominator Titanium First Edition 64 GB,359.99,"56,600","2,32",White,9.697,32
G.Skill Ripjaws S5 48 GB,169.99,"56,400","2,24",Black,10,32
G.Skill Ripjaws 4 8 GB,,"42,400","1,8",Black / Green,12.5,15
Corsair Vengeance LPX 16 GB,44.99,"42,666","2,8",Black / Yellow,12.003,16
Corsair Vengeance LPX 16 GB,54.98,"42,133","2,8",Black / Yellow,12.189,13
G.Skill Trident Z Royal 16 GB,77.98,"43,200","2,8",Silver,10,16
KingBank SharpBlade RGB 64 GB,182.99,"56,400","2,32",White,10,32
Kingston FURY Beast RGB 16 GB,79.98,"55,200","2,8",Black,15.385,40
TEAMGROUP Elite 16 GB,16.98,"31,600","2,8",Black,13.75,11
G.Skill Ripjaws S5 32 GB,119.99,"56,800","2,16",Black,10,34
Corsair Vengeance 32 GB,136.99,"56,600","2,16",Black,9.697,32
G.Skill Trident Z5 RGB 32 GB,109.99,"56,400","2,16",Silver / Black,10,32
TEAMGROUP T-Force Delta RGB 32 GB,99.99,"56,200","2,16",White,12.258,38
G.Skill Trident Z Royal 128 GB,829,"44,000","4,32",Silver,9,18
OLOy MD4U083016BGDA 16 GB,34.99,"43,000","2,8",Black,10.667,16
TEAMGROUP T-Force Vulcan 32 GB,102.99,"56,000","2,16",Red,10,30
Kingston Server Premier 64 GB,159.99,"43,200","1,64",,13.75,22
Corsair Dominator Platinum RGB 64 GB,264.99,"56,000","2,32",Black,10,30
Corsair Vengeance 32 GB,113.99,"56,000","2,16",Black,13.333,40
G.Skill Flare X5 32 GB,104.99,"55,600","2,16",Black,10.714,30
TEAMGROUP Elite 16 GB,42.99,"55,600","1,16",Black,16.429,46
Kingston HyperX Fury 8 GB,,"43,200","1,8",Black / Silver,11.25,18
Mushkin Redline Lumina White 64 GB,219.99,"56,400","2,32",White,9.375,30
TEAMGROUP T-Force Delta RGB 32 GB,104.99,"55,200","2,16",White,15.385,40
Corsair Vengeance RGB 96 GB,299.99,"56,000","4,24",Black,13.333,40
G.Skill Trident Z RGB 32 GB,79.98,"43,200","2,16",Black,10,16
TEAMGROUP T-Force Delta RGB 32 GB,114.99,"56,600","2,16",White,10.303,34
G.Skill Trident Z5 Neo 32 GB,115.99,"56,000","2,16",Black,10.667,32
G.Skill Ripjaws S5 64 GB,189.99,"55,600","2,32",White,10,28
Kingston FURY Beast 32 GB,113.88,"55,600","1,32",Black,14.286,40
Corsair Dominator Titanium 96 GB,419.99,"56,400","2,48",White,10,32
TEAMGROUP T-Force Vulcan 64 GB,179.99,"56,000","2,32",Black,12.667,38
G.Skill Ripjaws V 16 GB,41.99,"42,400","2,8",Black / Red,12.5,15
Corsair Dominator Titanium 96 GB,415,"56,400","2,48",Black,10,32
TEAMGROUP T-Force Delta RGB 32 GB,99.99,"55,600","2,16",White,12.857,36
Crucial Ballistix 32 GB,,"43,200","2,16",Black,10,16
Corsair Dominator Titanium 64 GB,339.99,"56,000","4,16",White,12,36
TEAMGROUP T-Force Vulcan 32 GB,94.88,"56,400","2,16",Black,12.5,40
Silicon Power XPOWER Zenith Gaming 64 GB,181.99,"56,000","2,32",Black,10,30
Corsair Vengeance RGB 64 GB,249.99,"55,600","4,16",Black,12.857,36
G.Skill Trident Z5 RGB 32 GB,117.99,"56,000","2,16",White / Black,12,36
Klevv BOLT X 32 GB,59.99,"43,200","2,16",Black,10,16
Kingston Fury Renegade RGB 32 GB,145.99,"56,400","2,16",Silver / Black,10,32
Netac Shadow II 32 GB,,"43,200","2,16",Black,10,16
Corsair Vengeance 64 GB,187.99,"55,600","2,32",Black / Gray,14.286,40
OLOy WarHawk RGB 16 GB,40.46,"43,200","2,8",Black / Gold,10,16
Corsair Vengeance RGB 64 GB,309.99,"56,600","4,16",Black / Gray,9.697,32
G.Skill Trident Z5 RGB 64 GB,217.99,"56,400","2,32",Silver / Black,10,32
Kingston Fury Renegade RGB 48 GB,231.26,"56,400","1,48",Silver / Black,10,32
Corsair Dominator Platinum RGB 32 GB,159.99,"55,600","2,16",Black,12.857,36
Corsair Dominator Platinum RGB 32 GB,144.99,"55,200","2,16",Black / Silver,15.385,40
Mushkin Enhanced Redline Stiletto 16 GB,42.99,"43,600","2,8",Black,10,18
PNY Performance 8 GB,18.98,"43,200","1,8",Black,13.75,22
Crucial CT8G4DFS824A 8 GB,19.98,"42,400","1,8",Green,14.167,17
ADATA XPG GAMMIX D30 16 GB,,"43,200","2,8",Silver / Black,10,16
G.Skill Trident Z5 Neo RGB 32 GB,124.99,"56,400","2,16",,10,32
Silicon Power XPOWER Zenith Gaming 16 GB,36.99,"43,200","2,8",Black / Silver,10,16
Corsair Vengeance RGB Pro SL 16 GB,59.99,"43,600","2,8",Black,10,18
Corsair Vengeance LPX 8 GB,24.99,"43,000","1,8",Black,10.667,16
TEAMGROUP T-Force Xtreem ARGB 32 GB,79.98,"43,600","2,16",White,10,18
TEAMGROUP Xtreem 48 GB,279.99,"58,200","2,24",Black,9.268,38
Corsair Vengeance RGB 64 GB,,"43,000","4,16",Black,10.667,16
Corsair Vengeance RGB 32 GB,129.99,"56,600","2,16",Black,11.515,38
Klevv CRAS XR5 RGB 32 GB,119.99,"57,200","2,16",White / Black,10,36
Silicon Power XPOWER Zenith RGB Gaming 32 GB,112.99,"56,000","2,16",Black,10,30
G.Skill Ripjaws V 64 GB,169.99,"44,000","2,32",Black,9,18
OLOy Blade RGB 32 GB,69.99,"43,600","2,16",Black,10,18
Corsair Vengeance 32 GB,124.99,"55,600","2,16",Gray,12.857,36
Kingston ValueRAM 8 GB,23.24,"42,666","1,8",Green / Black,14.254,19
G.Skill Trident Z5 Neo RGB 48 GB,172.99,"56,400","2,24",White / Black,10,32
Kingston FURY Beast 16 GB,75.63,"55,600","2,8",Black,14.286,40
TEAMGROUP T-Force Delta RGB 64 GB,134.99,"43,600","2,32",White,10,18
G.Skill Trident Z RGB 32 GB,99.99,"43,600","2,16",Black,8.889,16
Corsair Dominator Titanium 64 GB,309.99,"56,400","2,32",White,10,32
Silicon Power XPOWER Zenith Gaming 32 GB,86.99,"56,000","2,16",Black,10,30
G.Skill Aegis 8 GB,22.54,"43,000","1,8",Black / Red,10.667,16
Patriot Viper Steel 8 GB,18.98,"43,200","1,8",Silver / Black,10,16
ADATA XPG SPECTRIX D50 16 GB,54.99,"43,200","2,8",Black,10,16
G.Skill Trident Z5 RGB 32 GB,189.99,"57,800","2,16",Silver / Black,9.231,36
Corsair Vengeance LPX 16 GB,45.99,"42,400","1,16",Black,11.667,14
Kingston FURY Beast 8 GB,43.08,"56,000","1,8",Black,13.333,40
Corsair Vengeance 32 GB,134.99,"56,400","2,16",White / Gray,10,32
Crucial Ballistix Sport 1 GB,9,"31,600","1,1",Black / Silver,12.5,10
Corsair Vengeance LPX 16 GB,45.99,"43,200","2,8",Black,10,16
Corsair Vengeance 96 GB,302.93,"56,000","4,24",Black,10,30
Lexar THOR 16 GB,,"43,600","2,8",White,10,18
G.Skill Ripjaws V 128 GB,249.99,"42,666","4,32",Black,13.503,18
Corsair Vengeance LPX 8 GB,34.99,"42,666","2,4",Black / Yellow,12.003,16
Corsair Dominator Titanium 48 GB,249.99,"57,200","2,24",Black,10,36
TEAMGROUP T-Force Vulcan Z 32 GB,57.99,"43,600","2,16",Red,10,18
Mushkin Enhanced Redline 64 GB,179.99,"55,600","2,32",Black,10,28
Corsair Vengeance 32 GB,127.99,"56,600","2,16",Black / Silver,11.515,38
Corsair Vengeance RGB Pro 32 GB,113.98,"43,200","2,16",Black,10,16
Corsair Vengeance 32 GB,109.99,"55,200","2,16",Gray,15.385,40
TEAMGROUP T-Create Expert 32 GB,119.99,"57,200","2,16",White,9.444,34
TEAMGROUP T-Create Classic 32 GB,59.99,"43,200","2,16",Silver,13.75,22
Corsair Vengeance 96 GB,378.93,"56,800","2,48",Black,11.765,40
G.Skill Ripjaws S5 32 GB,106.99,"56,000","2,16",White,10,30
Corsair Vengeance LPX 128 GB,267.99,"43,600","4,32",Black / Yellow,10,18
ADATA XPG LANCER RGB 16 GB,67.25,"55,200","1,16",Black,14.615,38
Corsair Vengeance LPX 32 GB,68.99,"43,600","2,16",Black,10,18
Corsair Vengeance 32 GB,107.99,"55,600","2,16",Black / Gray,14.286,40
Corsair Vengeance RGB 64 GB,229.99,"56,000","2,32",Black,10,30
G.Skill Trident Z RGB 64 GB,179.99,"44,000","2,32",Black,9,18
Patriot Viper Elite 5 RGB 16 GB,53.99,"55,600","1,16",White,13.571,38
Kingston FURY Beast RGB 16 GB,85.49,"55,200","2,8",Black,13.846,36
TEAMGROUP Elite Plus 16 GB,45.99,"55,600","1,16",Black,14.286,40
Kingston ValueRAM 4 GB,35.49,"2,800","2,2",Green,15,6
Kingston FURY Beast 64 GB,154.99,"43,200","2,32",Black / Silver,10,16
G.Skill Ripjaws V 16 GB,47.99,"44,000","2,8",Black,9,18
TEAMGROUP T-Create Expert 32 GB,94.99,"56,400","2,16",Black,12.5,40
Mushkin Redline Lumina 64 GB,214.99,"56,400","2,32",Black,9.375,30
Silicon Power XPOWER Zenith RGB Gaming 32 GB,,"56,000","2,16",White,10,30
G.Skill Trident Z Neo 32 GB,89.99,"44,000","2,16",Black / Silver,9,18
G.Skill Trident Z Royal 32 GB,104.99,"44,000","2,16",Silver,9,18
G.Skill Trident Z5 Neo RGB 32 GB,116.99,"55,600","2,16",Black,10,28
PNY XLR8 Gaming EPIC-X RGB 16 GB,47.99,"43,200","2,8",Black,10,16
Patriot Viper Elite II 16 GB,32.99,"42,666","1,16",Red / Black,12.003,16
Patriot Signature 8 GB,27.02,"31,333","1,8",Green,13.503,9
Kingston FURY Beast 32 GB,71.98,"43,200","1,32",Black,10,16
Kingston Fury Renegade RGB 32 GB,137.99,"56,000","2,16",Silver / Black,10.667,32
Timetec 75TT133U2R8-8G 8 GB,12.99,"31,333","1,8",Green / Black,13.503,9
Corsair Vengeance 32 GB,119.99,"56,000","2,16",Black,12,36
TEAMGROUP T-Create Expert 64 GB,119.99,"43,200","2,32",Gray,10,16
Corsair Dominator Titanium 64 GB,309.99,"56,400","2,32",Black,10,32
Kingston HyperX Fury RGB 16 GB,,"43,200","2,8",Black,10,16
Patriot Viper Steel 32 GB,69.98,"43,600","2,16",Silver / Black,10,18
TEAMGROUP Elite 32 GB,120.39,"55,200","2,16",Black,16.154,42
Crucial Classic 8 GB,26.99,"55,200","1,8",Black,16.154,42
Kingston FURY Beast 32 GB,69.99,"43,200","2,16",Black,10,16
TEAMGROUP T-Force Vulcan Z 64 GB,117.99,"43,600","2,32",Gray,10,18
TEAMGROUP T-Force Delta RGB 32 GB,99.99,"55,600","2,16",Black,12.857,36
Samsung M393A8G40MB2-CVF 64 GB,127,"42,933","1,64",Green / Black,14.32,21
Corsair Vengeance LPX 256 GB,649.99,"43,200","8,32",Black / Yellow,10,16
Corsair Dominator Platinum RGB 32 GB,149.99,"55,600","2,16",White,12.857,36
OLOy Blade RGB 32 GB,209.99,"58,000","2,16",Black,9,36
TEAMGROUP T-Force Delta RGB 32 GB,193.14,"58,000","2,16",Black / Silver,9.5,38
Corsair Vengeance RGB 64 GB,184.99,"55,200","2,32",White / Gray,15.385,40
Patriot Viper Elite II 8 GB,25.83,"42,666","1,8",Red / Black,12.003,16
Lexar Ares RGB 32 GB,99.99,"55,600","2,16",Black,11.429,32
Corsair CMV4GX4M1A2133C15 4 GB,16.53,"42,133","1,4",Black,14.065,15
Patriot Viper Venom 64 GB,204.99,"56,400","2,32",Black / White,10,32
Samsung M386A4G40DM0-CPB 32 GB,42.22,"42,133","1,32",Black / Green,14.065,15
Corsair Vengeance LPX 8 GB,24.99,"43,200","1,8",Black,10,16
Corsair Dominator Platinum RGB 32 GB,179.99,"43,600","4,8",White,10,18
Kingston Kingston Fury Red 16GB (2x8GB) DDR4 PC4-21300C16 2666MHz Dual Channel Kit (HX426C16FR2K2/16) 16 GB,,"42,666","2,8",Red,12.003,16
G.Skill Ripjaws S5 48 GB,149.99,"56,400","2,24",Black,11.25,36
Lexar Hades OC 32 GB,64.98,"43,600","2,16",Gray / Black,10,18
Patriot Viper Elite II 32 GB,77.98,"44,000","2,16",Red / Black,10,20
Corsair Vengeance LPX 32 GB,73.99,"42,400","2,16",Black / Yellow,11.667,14
G.Skill Aegis 8 GB,22.73,"43,200","1,8",Red / Black,10,16
TEAMGROUP T-Force Delta RGB 48 GB,199.99,"57,200","2,24",White,9.444,34
PNY XLR8 32 GB,62.99,"43,600","2,16",Black,10,18
Gigabyte AORUS RGB 16 GB,62.99,"43,733","2,8",Gray,9.644,18
Crucial Ballistix 16 GB,,"43,200","2,8",White,10,16
Crucial CT2K16G56C46U5 32 GB,94.4,"55,600","2,16",Black,16.429,46
Corsair Dominator Platinum RGB 64 GB,294.99,"56,600","2,32",Black,9.697,32
G.Skill Trident Z5 Neo RGB 48 GB,174.99,"56,400","2,24",Black,10,32
Corsair Vengeance LPX 4 GB,21.87,"42,400","1,4",Black / Yellow,13.333,16
Kingston FURY Beast 16 GB,68.59,"56,000","1,16",Black,12,36
Patriot Signature Line 16 GB,27.99,"42,666","1,16",Black,14.254,19
Corsair CMV8GX4M1A2133C15 8 GB,19.98,"42,133","1,8",Black,14.065,15
Crucial Ballistix MAX 16 GB,995,"45,100","2,8",Black,7.451,19
Patriot Signature Line 16 GB,43.98,"54,800","1,16",Black,16.667,40
G.Skill Ripjaws S5 32 GB,107.99,"55,600","2,16",White,10,28
Crucial CT16G56C46U5 16 GB,55.9,"55,600","1,16",Black,16.429,46
Kingston HyperX Fury 16 GB,,"31,600","2,8",Blue / Silver,12.5,10
Thermaltake TOUGHRAM XG RGB D5 32 GB,174.98,"56,000","2,16",White / Silver,12,36
Mushkin Redline Lumina 32 GB,124.99,"56,400","2,16",Black,9.375,30
TEAMGROUP T-Force Delta RGB 32 GB,169.99,"57,800","2,16",White / Silver,9.744,38
Kingston FURY Beast 64 GB,215.99,"55,600","2,32",Black,14.286,40
Corsair Vengeance 64 GB,259.99,"56,000","4,16",Black,12,36
G.Skill TridentZ RGB 64 GB,,"44,600","2,32",Black,8.696,20
Corsair Vengeance RGB 64 GB,239.99,"56,000","2,32",White / Black,13.333,40
Kingston FURY Renegade 32 GB,131.11,"56,000","2,16",Silver / Black,10.667,32
Patriot Viper Steel 16 GB,38.99,"43,600","2,8",Gray,10,18
Crucial CT2K32G48C40U5 64 GB,170.3,"54,800","2,32",Black,16.667,40
Corsair Dominator Titanium 32 GB,167.99,"57,000","2,16",Black,9.714,34
Corsair Vengeance 8 GB,57.54,"31,600","2,4",Black / Silver,11.25,9
TEAMGROUP Elite 8 GB,23.36,"43,200","1,8",Black,13.75,22
Corsair Vengeance RGB Pro SL 32 GB,129.99,"43,600","4,8",White,10,18
Corsair Dominator Platinum RGB 64 GB,219.99,"55,200","2,32",White,15.385,40
TEAMGROUP T-Force Delta RGB 32 GB,169.99,"57,800","2,16",Black / Silver,9.744,38
ADATA XPG SPECTRIX D41 16 GB,,"43,200","2,8",Black,10,16
Corsair Vengeance RGB 64 GB,233.65,"56,000","2,32",Black,13.333,40
G.Skill Trident Z5 RGB 48 GB,214.99,"57,200","2,24",Black,10,36
Kingston FURY Renegade 64 GB,239.99,"56,000","2,32",White / Silver,10.667,32
Corsair Vengeance RGB Pro 128 GB,334.99,"43,600","4,32",Black,10,18
Patriot Viper Steel RGB 32 GB,67.98,"43,600","1,32",Black,11.111,20
Patriot Viper Xtreme 5 32 GB,137.99,"57,600","2,16",Black,9.474,36
Corsair Vengeance RGB 96 GB,289.99,"55,600","2,48",Black,14.286,40
G.Skill Trident Z Royal 128 GB,1137.38,"43,600","8,16",Silver,7.778,14
G.Skill Trident Z5 RGB 32 GB,112.99,"56,000","2,16",Black,10,30
Crucial CT32G48C40U5 32 GB,89.08,"54,800","1,32",Black,16.667,40
Corsair Vengeance RGB Pro SL 32 GB,92.99,"43,200","2,16",White / Black,10,16
Thermaltake TOUGHRAM XG RGB 64 GB,549.99,"44,000","2,32",Black / Silver,9.5,19
Silicon Power XPOWER Zenith RGB Gaming 64 GB,184.99,"56,000","2,32",Black,10,30
Corsair Dominator Titanium 32 GB,169.99,"56,400","2,16",Black,10,32
OLOy Blade RGB 32 GB,98.99,"56,000","2,16",Black,12,36
ADATA XPG LANCER RGB 32 GB,,"57,200","2,16",Black,9.444,34
ADATA XPG LANCER RGB 32 GB,99.99,"55,200","2,16",Black,14.615,38
Corsair Vengeance RGB 32 GB,127.99,"57,000","2,16",Black / Gray,10.286,36
Corsair Vengeance RGB Pro SL 16 GB,59.99,"43,600","2,8",White / Black,10,18
Corsair Dominator Platinum RGB 32 GB,254.99,"56,600","2,16",Black,9.697,32
G.Skill Aegis 16 GB,37.99,"43,200","1,16",Red / Black,10,16
Patriot Viper Venom 32 GB,113.99,"57,200","2,16",Black / White,9.444,34
G.Skill Value 8 GB,22.62,"42,400","2,4",Black,14.167,17
Kingston FURY Beast 32 GB,125.9,"56,000","1,32",Black / Silver,12,36
ADATA XPG SPECTRIX D50 32 GB,89.99,"43,200","2,16",White,10,16
Kingston FURY Beast RGB 16 GB,85.26,"54,800","2,8",Black,15.833,38
TEAMGROUP Elite 8 GB,19.98,"42,666","1,8",Black,14.254,19
Patriot Viper 4 Blackout 64 GB,117.99,"43,200","2,32",Black,10,16
Kingston FURY Beast 32 GB,121.95,"55,200","2,16",Black,13.846,36
Kingston FURY Beast RGB 32 GB,106.75,"43,600","2,16",Black,10,18
Corsair Vengeance LPX 256 GB,689.99,"43,600","8,32",Black / Yellow,10,18
G.Skill Trident Z RGB 32 GB,152.99,"43,200","2,16",Black,8.75,14
Silicon Power XPOWER Zenith RGB Gaming 32 GB,65.98,"43,200","2,16",Black,10,16
Corsair Vengeance RGB 64 GB,294.99,"56,400","4,16",Black / Gray,10,32
ADATA XPG Lancer Blade 32 GB,105.97,"56,000","2,16",White,10,30
G.Skill Trident Z5 RGB 48 GB,279.99,"58,200","2,24",White / Black,9.756,40
G.Skill Trident Z5 Neo RGB 64 GB,214.99,"56,000","2,32",Black / Silver,10.667,32
TEAMGROUP T-Force Delta RGB 32 GB,111.44,"56,800","2,16",Black / Silver,10,34
Corsair Vengeance LPX 16 GB,39.98,"43,200","2,8",Red,10,16
Crucial CT2K32G4LFQ4213 64 GB,,"42,133","2,32",Black / Green,14.065,15
G.Skill Trident Z5 Neo RGB 32 GB,117.99,"56,000","2,16",Black,10.667,32
Corsair Vengeance RGB 32 GB,149.99,"56,600","2,16",Black,9.697,32
PNY XLR8 Gaming EPIC-X RGB 16 GB,46.99,"43,600","2,8",Black,10,18
ADATA XPG GAMMIX D10 8 GB,34.04,"43,200","1,8",Black,10,16
Samsung M393A2G40EB1-CRC 16 GB,20.93,"42,400","1,16",Black / Green,14.167,17
TEAMGROUP T-Force Delta RGB 32 GB,104.99,"55,200","2,16",Black,15.385,40
Corsair Vengeance LPX 32 GB,79.98,"43,000","2,16",Black,10.667,16
Klevv CRAS X RGB 16 GB,48.99,"43,600","2,8",Black,10,18
Kingston FURY Renegade 48 GB,185.72,"56,000","1,48",Silver / Black,10.667,32
G.Skill Trident Z RGB 96 GB,339.99,"56,400","2,48",Silver / Black,10,32
Corsair Vengeance RGB 32 GB,129.99,"55,600","2,16",Black,12.857,36
Kingston FURY Renegade 32 GB,129.99,"56,000","2,16",White / Silver,10.667,32
V-Color TRA564G60D436O 512 GB,3359.99,"56,000","8,64",Black,12,36
ADATA XPG Z1 16 GB,,"43,200","2,8",Red,10,16
G.Skill Flare X5 64 GB,189.99,"55,600","2,32",Black / White,12.857,36
TEAMGROUP T-Force Vulcan 16 GB,,"55,600","2,8",Black,14.286,40
Silicon Power XPOWER Turbine RGB 32 GB,68.99,"43,200","2,16",Silver / Black,10,16
Crucial CT2K16G4DFRA32A 32 GB,69.69,"43,200","2,16",Green / Black,13.75,22
Corsair Dominator Titanium 32 GB,167.99,"56,000","2,16",Black,10,30
G.Skill F5-5600J2834F32GX2-TZ5RK 64 GB,209.99,"55,600","2,32",Black,10,28
Lexar THOR 32 GB,,"43,600","2,16",White,10,18
Kingston FURY Beast RGB 32 GB,111.08,"43,600","2,16",Black,10,18
G.Skill Trident Z5 RGB 64 GB,204.99,"56,000","2,32",White / Black,12,36
TEAMGROUP T-Create Expert 64 GB,194.99,"56,400","2,32",White,10.625,34
Corsair Vengeance RGB 96 GB,379.99,"56,000","4,24",Black,10,30
Corsair Dominator Titanium 48 GB,239.99,"57,000","2,24",White,10.286,36
G.Skill Ripjaws V 64 GB,127.99,"43,200","2,32",Black,10,16
TEAMGROUP T-Force Delta RGB 32 GB,124.99,"57,000","2,16",Black / Silver,9.714,34
Corsair Vengeance RGB Pro 16 GB,49.99,"43,600","1,16",Black,10,18
Patriot Viper Steel 16 GB,32.99,"43,200","1,16",Silver / Black,10,16
Corsair Vengeance LPX 8 GB,24.99,"42,666","1,8",Black / Yellow,12.003,16
Patriot Viper Venom 64 GB,164.99,"55,600","2,32",Black / White,12.857,36
Corsair Vengeance RGB Pro 32 GB,124.99,"43,600","4,8",Black,10,18
Corsair ValueSelect 16 GB,39.99,"42,133","1,16",Black,14.065,15
Mushkin Redline 32 GB,261.99,"43,600","2,16",White,8.889,16
Acer Predator Vesta II RGB 32 GB,280.99,"56,000","2,16",Black,10,30
G.Skill Aegis 32 GB,72.98,"43,200","4,8",Red / Black,10,16
Kingston KSM48R40BD4TMM-64HMR 64 GB,247.19,"54,800","1,64",Green,16.667,40
Corsair Dominator Platinum RGB 64 GB,224.99,"43,600","2,32",Black,10,18
Corsair Vengeance 32 GB,124.99,"56,200","2,16",Black / Silver,10.323,32
G.Skill Trident Z5 32 GB,117.99,"56,400","2,16",Black,10,32
Kingston FURY Beast 8 GB,39.99,"55,600","1,8",Black,14.286,40
ADATA XPG GAMMIX D20 16 GB,69.08,"43,200","2,8",Black / Silver,10,16
Silicon Power SP064GBLVU560FD2AD 64 GB,149.99,"55,600","2,32",Black,16.429,46
Corsair Vengeance LPX 16 GB,37.99,"42,666","1,16",Black / Yellow,12.003,16
TEAMGROUP Elite 16 GB,35.99,"42,666","2,8",Black,14.254,19
Kingston HyperX Fury 16 GB,,"42,400","2,8",Black / White,12.5,15
ADATA XPG LANCER RGB 64 GB,393.01,"56,400","2,32",White,10,32
SK Hynix HMA81GU6MFR8N-UH 8 GB,,"42,400","1,8",Green / Black,14.167,17
G.Skill Trident Z5 32 GB,112.99,"56,000","2,16",Black,12,36
Crucial CT4G4DFS8213 4 GB,12,"42,133","1,4",Black / Green,14.065,15
ADATA XPG LANCER 16 GB,,"55,200","2,8",Black,14.615,38
Kingston HyperX Fury 8 GB,,"31,600","2,4",Blue / Silver,12.5,10
Corsair Vengeance RGB 48 GB,160,"56,000","2,24",Black / Silver,12,36
Patriot Signature Line 16 GB,60.99,"54,800","2,8",Black,16.667,40
Corsair Dominator Platinum RGB 64 GB,219.99,"55,200","2,32",Black,15.385,40
Corsair Vengeance RGB Pro 256 GB,1030.21,"43,200","8,32",White,10,16
Kingston FURY Beast RGB 16 GB,69.99,"56,000","1,16",Black,12,36
Patriot Viper Elite II 16 GB,34.99,"43,200","1,16",Red / Black,11.25,18
G.Skill Trident Z RGB 16 GB,63.99,"44,000","2,8",Black,9,18
Corsair Dominator Platinum RGB 32 GB,189.99,"57,200","2,16",Black,9.444,34
G.Skill Trident Z5 RGB 64 GB,214.99,"56,000","2,32",Black,10,30
G.Skill Trident Z5 Neo RGB 32 GB,117.99,"56,000","2,16",Black,12,36
V-Color XSky RGB 32 GB,109.99,"56,000","2,16",Black,12,36
Kingston Server Premier 32 GB,90,"42,666","1,32",,14.254,19
G.Skill Ripjaws S5 32 GB,102.99,"55,200","2,16",Black,13.846,36
Patriot Viper Xtreme 5 48 GB,244.99,"58,200","2,24",Black,9.268,38
Corsair Vengeance 32 GB,107.99,"55,600","2,16",White / Gray,14.286,40
G.Skill Trident Z Neo 128 GB,,"43,600","4,32",Black / Silver,8.889,16
Kingston FURY Beast RGB 32 GB,130.94,"55,200","2,16",Black,15.385,40
G.Skill Trident Z RGB 16 GB,62.99,"43,600","2,8",Black,8.889,16
G.Skill Flare X5 64 GB,179.99,"55,200","2,32",Black / White,13.846,36
Corsair Vengeance 64 GB,259.99,"56,200","4,16",Black / Gray,10.323,32
Kingston FURY Beast RGB 16 GB,68.7,"43,600","2,8",Black,9.444,17
G.Skill Trident Z RGB 64 GB,238.76,"44,400","2,32",,8.636,19
Crucial CT102464BD160B 8 GB,14.99,"31,600","1,8",Black / Green,13.75,11
Silicon Power XPOWER Zenith Gaming 64 GB,181.99,"56,000","2,32",Black,10,30
Corsair Dominator Titanium 48 GB,229.99,"56,000","2,24",Black,10,30
TEAMGROUP T-Force Vulcan 64 GB,179.99,"56,000","2,32",Red,12.667,38
Corsair Dominator Platinum RGB 32 GB,144.99,"55,200","2,16",White,15.385,40
Kingston FURY 16 GB,71.29,"55,200","1,16",White,15.385,40
Corsair Vengeance RGB RS 32 GB,92.99,"43,600","2,16",Black / Gray,10,18
Corsair Vengeance RGB 32 GB,124.99,"56,200","2,16",Black,11.613,36
OLOy ND4U1632161DJ0DA 32 GB,61.99,"43,200","2,16",Black,10,16
TEAMGROUP Elite 32 GB,55.99,"43,200","1,32",Black,13.75,22
TEAMGROUP T-Force Vulcan Z 16 GB,34.99,"43,200","2,8",Red,10,16
G.Skill Ripjaws V 32 GB,97.99,"43,600","4,8",Black,8.889,16
Silicon Power XPOWER Zenith RGB Gaming 32 GB,98.97,"56,000","2,16",White,10,30
G.Skill Ripjaws V 64 GB,142.99,"43,600","4,16",Black,10,18
Corsair Vengeance RGB 32 GB,159.99,"57,000","2,16",Black / Silver,11.429,40
Patriot Viper Elite 5 RGB 16 GB,55.99,"56,000","1,16",White,14,42
Corsair Dominator Platinum 32 GB,,"43,466","2,16",Black / Silver,9.233,16
Corsair Vengeance RGB Pro SL 32 GB,81.99,"43,200","2,16",Black,10,16
Corsair Vengeance LPX 32 GB,,"43,200","2,16",White,10,16
Corsair Vengeance RGB Pro 16 GB,69.98,"43,000","2,8",Black,10.667,16
G.Skill Trident Z Neo 64 GB,189.99,"43,600","2,32",Black / Silver,8.889,16
TEAMGROUP T-Force Delta RGB 32 GB,99.99,"56,200","2,16",Black,12.258,38
Kingston Server Premier 16 GB,45.99,"43,200","1,16",,13.75,22
G.Skill Ripjaws V 16 GB,39.99,"43,200","2,8",Red,10,16
Patriot Viper 4 Blackout 8 GB,24.99,"43,200","2,4",Black,11.875,19
Kingston FURY Beast 32 GB,125.45,"56,000","2,16",Black,13.333,40
ADATA XPG LANCER 32 GB,98,"55,200","2,16",Black,14.615,38
Patriot Viper Elite II 16 GB,32.99,"44,000","1,16",Red / Black,10,20
TEAMGROUP T-Force Xtreem ARGB 16 GB,65.98,"43,600","2,8",White,10,18
Corsair Vengeance LPX 8 GB,29.99,"42,400","2,4",Black / Yellow,13.333,16
G.Skill Ripjaws V 128 GB,259.99,"43,200","4,32",Black,10,16
ADATA Premier 16 GB,52.12,"54,800","1,16",Black,16.667,40
G.Skill Trident Z5 RGB 64 GB,209.99,"55,600","2,32",White / Black,10,28
Corsair Vengeance LP 32 GB,,"31,600","4,8",Black / Yellow,11.25,9
Patriot Viper Elite 5 RGB 48 GB,131.74,"56,000","2,24",White,14,42
Mushkin Redline Lumina White 32 GB,124.99,"56,400","2,16",White,9.375,30
G.Skill Value 4 GB,12.88,"31,600","1,4",Green,13.75,11
Corsair Dominator Platinum RGB 64 GB,249.99,"56,000","2,32",Black,13.333,40
Timetec PINNACLE Konduit 16 GB,33.99,"43,600","1,16",White,10,18
Patriot Viper Steel 64 GB,132.99,"43,600","2,32",Silver / Black,10,18
TEAMGROUP T-Force Delta RGB 64 GB,134.99,"43,200","2,32",White,10,16
Lexar Ares RGB 32 GB,74.98,"43,600","2,16",Black,10,18
GeIL Dragon RAM 16 GB,,"43,200","2,8",White / Gold,9.375,15
G.Skill Trident Z5 RGB 64 GB,214.99,"56,000","2,32",White / Black,10,30
Patriot Viper 3 16 GB,29.48,"31,600","2,8",Black / Silver,11.25,9
G.Skill Ripjaws V 32 GB,66.98,"43,200","1,32",Black,10,16
G.Skill Trident Z Neo 32 GB,115.99,"43,600","4,8",Silver / Black,10,18
Corsair Vengeance 32 GB,142.99,"57,000","2,16",Black / Silver,11.429,40
Patriot Viper 4 Blackout 8 GB,,"43,000","2,4",Black,10.667,16
TEAMGROUP T-Force DELTAα RGB 16 GB,,"55,200","2,8",White,14.615,38
G.Skill Ripjaws V 128 GB,259.99,"43,600","4,32",Black,10,18
G.Skill Trident Z Neo 32 GB,84.99,"43,600","2,16",Black / Silver,10,18
Klevv CRAS X RGB 32 GB,68.98,"43,200","2,16",Black,10,16
Kingston Fury Beast RGB Special Edition 32 GB,107.99,"43,600","2,16",White,10,18
Corsair Vengeance RGB Pro SL 32 GB,124.99,"44,000","2,16",Black,9,18
TEAMGROUP T-Create Expert 32 GB,94.99,"56,400","2,16",White,12.5,40
TEAMGROUP T-Force Vulcan 32 GB,91.99,"56,000","2,16",Red,12.667,38
Corsair Vengeance RGB 32 GB,205.21,"55,600","2,16",White,12.857,36
TEAMGROUP Elite Plus 32 GB,76.98,"54,800","1,32",Silver,16.667,40
Corsair Dominator Titanium 64 GB,339.99,"56,000","4,16",Black,12,36
ADATA XPG SPECTRIX D50 16 GB,58.11,"43,600","2,8",Black,10,18
Corsair Vengeance LPX 8 GB,34.98,"43,200","1,8",Black / Yellow,10,16
Corsair Vengeance RGB 48 GB,192.99,"56,000","2,24",Black / Silver,10,30
Silicon Power XPOWER Zenith Gaming 64 GB,181.99,"56,000","2,32",White,10,30
G.Skill Ripjaws V 32 GB,74.98,"43,600","2,16",White / Black,10,18
Patriot Signature Premium 16 GB,34.99,"42,666","2,8",Black,14.254,19
Kingston HyperX Fury 16 GB,,"42,133","2,8",Black / White,13.127,14
Lexar Ares RGB 32 GB,129.99,"57,200","2,16",Black / Silver,9.444,34
Corsair Dominator Platinum RGB 32 GB,159.99,"56,000","2,16",Black,12,36
TEAMGROUP Elite 32 GB,56.99,"42,666","2,16",Black,14.254,19
TEAMGROUP Elite 16 GB,29.99,"42,666","1,16",Black,14.254,19
TEAMGROUP T-Force Vulcan Z 8 GB,26.11,"43,200","1,8",Black,10,16
TEAMGROUP T-Force Vulcan Z 64 GB,,"43,200","2,32",Gray,10,16
Corsair Dominator Titanium First Edition 48 GB,289.99,"57,200","2,24",White,10,36
Corsair Vengeance LPX 8 GB,24.99,"43,600","1,8",Black,10,18
Corsair Vengeance 48 GB,149.99,"55,200","2,24",Black,14.615,38
G.Skill Trident Z Royal 128 GB,879,"43,600","4,32",Gold,8.889,16
Crucial Ballistix 16 GB,,"43,000","2,8",Red,10,15
Timetec FBA_75TT160UL1R8-4G 16 GB,19.98,"31,600","2,8",Black,13.75,11
Kingston FURY Beast 64 GB,192.99,"55,200","2,32",Black,15.385,40
Corsair Vengeance RGB 64 GB,184.99,"55,200","2,32",Gray,15.385,40
G.Skill TridentZ RGB 16 GB,189,"44,000","2,8",Black,8.5,17
Corsair Dominator Platinum RGB 64 GB,284.99,"56,400","2,32",Black,10,32
Corsair Dominator Titanium First Edition 64 GB,324.99,"56,000","2,32",Gray,10,30
Corsair Vengeance RGB 96 GB,362.99,"56,400","2,48",Black / Silver,10,32
G.Skill Trident Z5 RGB 32 GB,164.99,"57,600","2,16",Silver / Black,9.474,36
Patriot Viper Elite II 8 GB,17.98,"43,200","1,8",Red / Black,11.25,18
Corsair Vengeance LPX 16 GB,49.98,"43,200","1,16",Black / Yellow,10,16
G.Skill Ripjaws V 64 GB,3766.56,"42,800","4,16",Black,10,14
Corsair Dominator Platinum RGB 16 GB,88.49,"43,600","2,8",Black,10,18
TEAMGROUP T-Create Classic 64 GB,164.99,"55,600","2,32",Black,16.429,46
Kingston ValueRAM 1 GB,15,"2,667","1,1",Green,14.993,5
Klevv CRAS V RGB 32 GB,,"56,000","2,16",Black,10,30
G.Skill Trident Z5 RGB 32 GB,117.99,"56,000","2,16",White / Black,12,36
Patriot Viper Venom 32 GB,114.99,"57,400","2,16",Black / White,9.73,36
TEAMGROUP T-Force Vulcan Z 32 GB,,"43,200","2,16",Black,10,16
TEAMGROUP T-Create Expert 48 GB,189.99,"57,200","2,24",White,9.444,34
TEAMGROUP T-Force Vulcan alpha 32 GB,137.82,"56,000","2,16",Black / Silver,12.667,38
G.Skill Trident Z5 RGB 32 GB,127.99,"56,600","2,16",Black,10.303,34
Corsair Vengeance RGB Pro 32 GB,,"43,200","2,16",White,10,16
Crucial CT8G4DFS8266 8 GB,18.89,"42,666","1,8",Green / Black,14.254,19
Corsair Vengeance RGB Pro 8 GB,39.98,"43,200","1,8",Black,10,16
Patriot Viper Elite II 64 GB,114.99,"43,600","2,32",Red / Black,11.111,20
ADATA XPG GAMMIX D20 32 GB,119.74,"43,200","2,16",Black / Silver,10,16
Corsair Vengeance LPX 16 GB,44.99,"43,600","1,16",Black,10,18
Corsair Dominator Platinum RGB 64 GB,264.99,"56,000","2,32",Black,10,30
Patriot Viper Venom RGB 32 GB,114.99,"56,000","2,16",Black / White,12,36
Kingston HyperX Fury 16 GB,,"42,666","1,16",Black,12.003,16
Silicon Power XPOWER Turbine RGB 16 GB,45.99,"43,200","2,8",Silver / Black,10,16
Patriot Viper Elite 5 RGB 32 GB,129.99,"57,000","2,16",White,10.857,38
Kingston KTH-PL426LQ/64G 64 GB,632,"42,666","1,64",Green / Black,14.254,19
G.Skill Ripjaws V 32 GB,67.98,"43,600","2,16",Red / Black,10.556,19
G.Skill Trident Z Royal 64 GB,166.99,"43,600","2,32",Silver,10,18
G.Skill Trident Z5 Neo RGB 96 GB,299.99,"55,600","2,48",Black,14.286,40
Corsair Vengeance RGB 64 GB,219.99,"55,600","2,32",Black / Gray,12.857,36
G.Skill TridentZ RGB 256 GB,901.58,"43,200","8,32",Black,8.75,14
Corsair Vengeance LPX 64 GB,165,"43,600","4,16",Black,10,18
G.Skill Ripjaws S5 64 GB,197.99,"56,000","2,32",Black,12,36
OLOy Blade RGB 32 GB,105,"56,400","2,16",Black,11.25,36
Corsair Vengeance 32 GB,139.99,"56,800","2,16",Black,11.765,40
Patriot Viper 3 8 GB,17.98,"31,600","2,4",Black / Silver,11.25,9
Crucial Ballistix Sport LT 16 GB,,"43,200","2,8",Silver / Black,10,16
Mushkin Enhanced Redline Stiletto 32 GB,82.99,"43,600","2,16",Black,8.889,16
Klevv BOLT X 32 GB,62.99,"43,600","2,16",Black,10,18
TEAMGROUP T-Force Delta RGB 64 GB,134.99,"43,600","2,32",Black,10,18
Corsair Dominator Titanium First Edition 32 GB,234.99,"57,200","2,16",White,9.444,34
G.Skill Trident Z5 RGB 48 GB,204.99,"57,200","2,24",White / Black,10,36
Corsair Vengeance 64 GB,224.99,"56,000","2,32",Gray,13.333,40
Corsair Vengeance RGB 96 GB,279.99,"55,200","2,48",Black,14.615,38
TEAMGROUP T-Force Vulcan Z 16 GB,51.19,"43,600","1,16",Gray / Black,10,18
G.Skill Trident Z Neo 64 GB,146.99,"43,600","2,32",Silver / Black,10,18
Mushkin Redline ST 32 GB,104.99,"56,000","2,16",Black,10,30
Corsair Dominator Platinum RGB 32 GB,171.76,"56,400","2,16",Black,10,32
Patriot Viper 4 Blackout 16 GB,44.99,"43,200","2,8",Black,10,16
Kingston FURY Beast 16 GB,57.99,"54,800","1,16",Black / Silver,15.833,38
G.Skill Trident Z5 64 GB,206.99,"56,000","2,32",Black,10.667,32
PROXMEM SPEAR 32 GB,,"55,600","2,16",Black / Silver,12.857,36
TEAMGROUP T-Force Delta RGB 32 GB,159.99,"57,600","2,16",Black / Silver,9.474,36
TEAMGROUP T-Force Delta RGB 48 GB,199.99,"57,200","2,24",Black,9.444,34
ADATA XPG LANCER RGB 64 GB,,"56,400","2,32",Black,10,32
TEAMGROUP T-Force Vulcan TUF Gaming Alliance 16 GB,,"43,200","2,8",Gold / Black,10,16
G.Skill Trident Z5 64 GB,240.9,"56,000","2,32",Black,10,30
Corsair Vengeance 64 GB,224.99,"56,000","2,32",White / Gray,13.333,40
G.Skill Ripjaws S5 64 GB,199.99,"55,600","2,32",Black,12.857,36
Corsair Vengeance RGB 32 GB,149.99,"56,800","2,16",Black,11.765,40
G.Skill Ripjaws 4 16 GB,,"43,000","2,8",Blue,10,15
G.Skill Ripjaws Z 32 GB,75.05,"31,600","4,8",Black / Red,12.5,10
Corsair Vengeance RGB 32 GB,114.99,"55,600","2,16",White / Gray,14.286,40
ADATA XPG GAMMIX D10 16 GB,,"43,200","2,8",Black / White,10,16
TEAMGROUP T-Force Delta RGB 32 GB,114.99,"56,800","2,16",White / Black,10,34
G.Skill Trident Z RGB 16 GB,55.99,"43,000","2,8",Black,10.667,16
Klevv CRAS X RGB 16 GB,46.99,"43,200","2,8",Black,10,16
Klevv CRAS X RGB 32 GB,70.98,"43,600","2,16",Black,10,18
Corsair Vengeance RGB Pro SL 16 GB,51.99,"43,200","2,8",Black,10,16
Corsair Dominator Platinum RGB 32 GB,169.99,"56,000","2,16",White,12,36
Patriot Viper Elite II 32 GB,59.99,"43,200","1,32",Red / Black,11.25,18
Patriot Viper Steel 8 GB,19.98,"43,000","1,8",Silver / Black,10.667,16
Crucial CT2K8G4DFS8266 16 GB,53.99,"42,666","2,8",Green,14.254,19
Kingston FURY Beast 16 GB,50.37,"42,666","2,8",Black,12.003,16
G.Skill Flare X5 32 GB,101.99,"55,200","2,16",Black / White,13.846,36
Crucial CT32G4DFD832A 32 GB,65.98,"43,200","1,32",Green / Black,13.75,22
G.Skill Ripjaws S5 96 GB,389.99,"56,800","2,48",Black,10,34
G.Skill Trident Z5 RGB 32 GB,239.99,"58,000","2,16",Silver / Black,9.5,38
Kingston FURY Beast RGB 64 GB,219.99,"55,600","2,32",Black,14.286,40
Crucial CT8G4DFRA266 8 GB,16.98,"42,666","1,8",Green,14.254,19
Crucial Ballistix 32 GB,,"43,600","2,16",Black,8.889,16
TEAMGROUP T-Force Zeus 32 GB,55.99,"43,200","2,16",Red / Silver,10,16
Kingston FURY Renegade 64 GB,239.99,"56,000","2,32",Silver / Black,10.667,32
G.Skill Ripjaws V 8 GB,33.99,"43,200","2,4",Black,10,16
Crucial CT102472BA186D 8 GB,21.99,"31,866","1,8",Green / Black,13.934,13
G.Skill Ripjaws V 64 GB,2601.42,"43,000","4,16",Red,9.333,14
TEAMGROUP T-Force Xtreem ARGB 32 GB,169.99,"43,600","2,16",White,7.778,14
Kingston FURY Beast 64 GB,159.99,"43,600","2,32",Black / Silver,10,18
G.Skill Aegis 16 GB,32.99,"42,133","1,16",Black / Red,14.065,15
Kingston FURY Renegade 96 GB,320.98,"56,000","2,48",Silver / Black,10.667,32
Corsair Vengeance RGB 32 GB,134.07,"56,000","2,16",Black / Gray,12,36
G.Skill Trident Z5 RGB 32 GB,127.99,"56,600","2,16",White / Black,10.303,34
G.Skill Trident Z RGB 64 GB,554.16,"43,600","4,16",Black,7.778,14
Corsair Dominator Platinum RGB 64 GB,254.99,"43,600","4,16",White,10,18
Corsair Vengeance 32 GB,104.99,"55,600","1,32",Black / Gray,14.286,40
Patriot Viper Venom 32 GB,102.99,"56,200","2,16",Black / White,12.903,40
Corsair Vengeance RGB RS 16 GB,62.99,"43,600","2,8",Black / Gray,10,18
Patriot Signature Premium 8 GB,18.98,"42,666","1,8",Black,14.254,19
Kingston FURY Beast RGB 8 GB,38.09,"43,200","1,8",Black / Silver,10,16
Kingston Fury Renegade RGB 96 GB,389.99,"56,400","2,48",Silver / Black,10,32
G.Skill Ripjaws V 32 GB,139.99,"44,600","2,16",Black,8.261,19
G.Skill Trident Z5 RGB 48 GB,184.99,"56,400","2,24",Black,10,32
Kingston Fury Renegade RGB 64 GB,249.99,"56,400","2,32",Silver / Black,10,32
Corsair Vengeance LPX 32 GB,74.98,"43,000","1,32",Black / Yellow,10.667,16
Patriot Viper Elite 5 RGB 32 GB,89.99,"55,600","1,32",White,13.571,38
Gigabyte AORUS 32 GB,,"55,200","2,16",Black,15.385,40
OCZ Fatal1ty Edition 4 GB,119.96,"2,800","2,2",Black,12.5,5
ADATA XPG LANCER RGB 32 GB,,"56,000","2,16",White,10,30
Corsair Vengeance RGB Pro SL 32 GB,92.99,"43,200","4,8",White / Black,10,16
G.Skill Ripjaws V 128 GB,521,"44,000","4,32",Black,9,18
TEAMGROUP T-Force Delta RGB 32 GB,209.99,"58,000","2,16",White / Silver,9.5,38
GeIL Orion AMD Edition 16 GB,,"43,200","2,8",Gray,10,16
Corsair Vengeance 64 GB,289.99,"56,400","4,16",Black / Gray,10,32
Corsair Vengeance 32 GB,156.44,"57,000","2,16",Gray,9.714,34
Patriot Viper Steel RGB 16 GB,48.99,"43,600","2,8",Black,11.111,20
GOODRAM IRDM PRO 8 GB,80.86,"43,600","1,8",Black,10,18
ADATA XPG GAMMIX D10 16 GB,,"43,000","2,8",Black / White,10.667,16
PNY XLR8 Gaming MAKO 32 GB,199.99,"55,600","2,16",Black / Silver,12.857,36
Klevv CRAS V RGB 32 GB,,"56,400","2,16",Black,10,32
Corsair Vengeance LPX 64 GB,219.99,"44,000","4,16",Black,9,18
Kingston Fury Renegade RGB 16 GB,72.99,"56,000","1,16",Silver / Black,10.667,32
Patriot Viper Xtreme 5 RGB 48 GB,249.99,"58,000","2,24",Black,9.5,38
Kingston FURY Beast 64 GB,217.99,"56,000","2,32",Black,13.333,40
Corsair Dominator Platinum RGB 32 GB,164.99,"56,000","2,16",Black,10,30
G.Skill Flare X5 96 GB,284.99,"55,600","2,48",Black,14.286,40
Kingston FURY Beast RGB 32 GB,140.94,"56,000","2,16",Black,13.333,40
TEAMGROUP T-Force Delta RGB 32 GB,159.99,"57,600","2,16",White / Silver,9.474,36
Corsair Vengeance LPX 16 GB,79.99,"44,000","2,8",Black / Yellow,9.5,19
Corsair Vengeance RGB 64 GB,249.99,"55,600","4,16",Black / Gray,12.857,36
TEAMGROUP T-Force Dark Za 16 GB,,"43,600","2,8",Black / Silver,10,18
Corsair Vengeance 32 GB,114.99,"56,200","2,16",Black,11.613,36
PNY XLR8 Gaming EPIC-X RGB 32 GB,71.98,"43,200","2,16",Black,10,16
Kingston FURY Beast 8 GB,40.01,"54,800","1,8",Black,15.833,38
Corsair Vengeance 64 GB,239.99,"55,600","4,16",Gray,12.857,36
PNY XLR8 Gaming MAKO 16 GB,,"56,000","1,16",Black / Silver,12,36
OLOy WarHawk RGB 16 GB,,"43,600","2,8",Black / White,10,18
G.Skill Trident Z5 RGB 32 GB,117.99,"56,000","2,16",Silver / Black,12,36
Corsair Dominator Titanium 48 GB,229.99,"56,000","2,24",White,10,30
G.Skill Trident Z5 RGB 48 GB,162.99,"56,400","2,24",Black,11.25,36
Corsair Vengeance 48 GB,189.99,"57,000","2,24",Black,11.429,40
Patriot Viper Steel RGB 32 GB,83.99,"43,600","2,16",Black,11.111,20
GeIL Polaris RGB 32 GB,,"56,400","2,16",Red,11.875,38
G.Skill Aegis 32 GB,62.99,"42,666","2,16",Black / Red,14.254,19
Kingston FURY Renegade 32 GB,238.26,"57,200","2,16",White / Silver,10.556,38
Kingston FURY Beast 32 GB,122.98,"55,600","2,16",Black,14.286,40
Kingston HyperX Predator 16 GB,,"43,200","2,8",Black / Silver,10,16
Crucial Ballistix 8 GB,,"43,600","1,8",Black,8.889,16
G.Skill Trident Z 16 GB,49.99,"43,200","2,8",Black / White,10,16
G.Skill Trident Z5 RGB 32 GB,117.99,"55,600","2,16",White / Black,10,28
Corsair Dominator Platinum RGB 32 GB,117.99,"43,600","2,16",Black,10,18
Acer Predator Pallas II 32 GB,,"56,000","2,16",Black,10,30
Corsair Dominator Platinum RGB 16 GB,89.99,"43,600","2,8",White,10,18
Kingston FURY Beast RGB 8 GB,38.99,"55,200","1,8",Black,15.385,40
G.Skill Ripjaws V 32 GB,166.93,"43,200","2,16",Black,8.75,14
TEAMGROUP T-Force DELTAα RGB 32 GB,104.99,"56,000","2,16",White,12.667,38
G.Skill Trident Z5 RGB 32 GB,,"56,400","2,16",White / Black,10,32
Mushkin Enhanced Redline 64 GB,167.99,"55,600","2,32",Black,12.857,36
Patriot Viper Elite II 16 GB,31.99,"43,600","1,16",Red / Black,11.111,20
Kingston HyperX Fury 8 GB,,"42,666","2,4",Black / White,11.253,15
Crucial CT51264BA160B 4 GB,10.4,"31,600","1,4",Green,13.75,11
Patriot Viper Venom 32 GB,107.99,"56,800","2,16",Black / White,10,34
G.Skill Ripjaws S5 48 GB,174.99,"56,800","2,24",Black,10,34
Patriot Viper Steel 64 GB,127.99,"43,200","2,32",Gray,10,16
Kingston FURY Beast 32 GB,98.55,"43,200","4,8",Black,10,16
Kingston FURY 64 GB,259.99,"55,600","4,16",White,14.286,40
Corsair Vengeance RGB Pro 32 GB,90.98,"42,666","2,16",White,12.003,16
G.Skill Trident Z Royal 16 GB,91.8,"43,600","2,8",Silver,10,18
Lexar THOR 8 GB,,"43,200","1,8",Black,10,16
Thermaltake TOUGHRAM RGB 16 GB,110.42,"43,600","2,8",Black / Silver,10,18
G.Skill Ripjaws V 16 GB,,"43,200","2,8",Black,8.75,14
Corsair Vengeance RGB Pro 16 GB,64.98,"43,600","2,8",White,10,18
ADATA XPG LANCER RGB 16 GB,,"56,000","1,16",Black,10,30
Crucial Ballistix 16 GB,,"43,600","2,8",Black,8.889,16
GeIL Orion AMD Edition 16 GB,39.99,"43,600","2,8",Red,10,18
TEAMGROUP T-Create Expert 64 GB,124.99,"43,600","2,32",Gray,10,18
Corsair Vengeance RGB 32 GB,109.99,"55,200","2,16",Black,15.385,40
G.Skill Trident Z5 RGB 48 GB,229.99,"57,600","2,24",White / Black,10,38
Samsung M471B5273DH0-CK0 4 GB,9.34,"31,600","1,4",Green,13.75,11
GOODRAM IRDM PRO 16 GB,80.66,"43,600","2,8",Black,10,18
Corsair Vengeance LPX 16 GB,,"43,600","2,8",Black / Yellow,10,18
G.Skill Trident Z Royal 32 GB,104.99,"43,200","2,16",Silver,10,16
Kingston FURY Renegade 32 GB,139.99,"56,400","2,16",Silver / Black,10,32
Kingston FURY Renegade 32 GB,249.99,"58,000","2,16",Silver / White,9.5,38
G.Skill Trident Z5 RGB 32 GB,113.99,"55,200","2,16",Black,13.846,36
Corsair Vengeance LPX 32 GB,94.99,"43,600","4,8",Black / Yellow,8.889,16
Patriot Viper Venom 32 GB,104.99,"55,600","2,16",Black / White,12.857,36
Silicon Power XPOWER Zenith RGB Gaming 16 GB,45.97,"43,200","2,8",Black,10,16
ADATA XPG LANCER RGB 32 GB,,"55,200","2,16",White,14.615,38
TEAMGROUP T-Force Delta TUF Gaming Alliance 16 GB,49.99,"43,200","2,8",Black / Gold,10,16
Mushkin Redline Lumina 64 GB,189.47,"43,600","2,32",Black,8.889,16
Corsair Vengeance LPX 32 GB,94.99,"43,200","4,8",Black / Yellow,10,16
Patriot Viper 4 Blackout 32 GB,64.98,"43,200","2,16",Black,10,16
Corsair Vengeance RGB Pro 32 GB,139.99,"43,600","4,8",White,10,18
Corsair Vengeance RGB RT 32 GB,124.99,"44,000","2,16",Black,9,18
G.Skill Flare X 16 GB,,"43,200","2,8",Black,8.75,14
G.Skill Ripjaws V 16 GB,41.83,"42,133","2,8",Black / Red,14.065,15
Kingston ValueRAM 64 GB,,"42,133","4,16",Black / Green,14.065,15
Kingston HyperX Fury 16 GB,,"43,466","2,8",White,10.964,19
G.Skill Ripjaws S5 64 GB,199.99,"56,000","2,32",Black,10.667,32
Kingston FURY Beast RGB 32 GB,131.47,"54,800","2,16",Black,15.833,38
Patriot Viper 4 Blackout 32 GB,69.98,"43,600","2,16",Black,10,18
Patriot Viper Steel RGB 32 GB,76.98,"43,200","2,16",Black,11.25,18
Kingston FURY Renegade 32 GB,134.99,"56,400","1,32",Silver / Black,10,32
Crucial CT4G4DFS824A 4 GB,15,"42,400","1,4",Black / Green,14.167,17
Kingston FURY Renegade 48 GB,226.16,"56,400","1,48",Silver / Black,10,32
SK Hynix HMT41GU6MFR8C-PB 8 GB,,"31,600","1,8",Blue,13.75,11
ADATA XPG GAMMIX D45 16 GB,,"43,600","2,8",White,10,18
G.Skill Trident Z5 32 GB,116.99,"56,000","2,16",Black,10,30
Mushkin Redline ST 32 GB,,"56,800","2,16",Black,9.412,32
Corsair Vengeance LPX 8 GB,24.99,"42,400","1,8",Red,13.333,16
Crucial CT2K16G4RFD4213 32 GB,64.98,"42,133","2,16",Green,14.065,15
Corsair Vengeance RGB 32 GB,157.99,"57,000","2,16",Black,10.286,36
Crucial CT2K4G4DFS824A 8 GB,25.99,"42,400","2,4",Green,14.167,17
Kingston FURY Renegade 16 GB,70.98,"43,600","2,8",Black / Silver,8.889,16
Timetec PINNACLE Konduit 16 GB,47.55,"43,600","2,8",White,10,18
G.Skill Trident Z 32 GB,,"56,000","2,16",Black,13.333,40
Kingston FURY Beast 8 GB,29.31,"43,600","1,8",Black,9.444,17
Corsair Vengeance RGB 48 GB,209.99,"57,200","2,24",Black,10,36
Patriot Viper Elite 5 RGB 32 GB,99.99,"56,000","1,32",White,14,42
GOODRAM IRDM PRO 32 GB,128.21,"43,600","2,16",Black,10,18
Crucial CT8G4DFD8213 8 GB,21,"42,133","1,8",Black / Green,14.065,15
G.Skill Trident Z RGB 16 GB,133.37,"44,400","2,8",Black,7.273,16
G.Skill Trident Z5 RGB 96 GB,299.99,"55,600","2,48",Black,14.286,40
Corsair Vengeance RGB 48 GB,164.99,"56,000","2,24",Black / Silver,12,36
ADATA XPG Z1 16 GB,,"43,000","2,8",Red / Black,10.667,16
Patriot Viper Xtreme 5 48 GB,179.99,"57,600","2,24",Black,9.474,36
Mushkin Redline Lumina 64 GB,194.99,"56,400","2,32",Black,10,32
Kingston KSM48E40BD8KM-32HM 32 GB,124.99,"54,800","1,32",Green,16.667,40
G.Skill Trident Z5 RGB 32 GB,124.99,"56,800","2,16",Silver / Black,10,34
Crucial Pro 48 GB,169.99,"55,600","2,24",Black,16.429,46
Corsair Dominator Titanium First Edition 32 GB,234.99,"57,200","2,16",Black,9.444,34
G.Skill Ripjaws X 16 GB,44.99,"31,600","2,8",Black / Blue,11.25,9
Kingston FURY Beast 64 GB,194.99,"54,800","2,32",Black,15.833,38
G.Skill Ripjaws S5 64 GB,255.36,"55,200","2,32",Black,13.846,36
Kingston FURY Beast RGB 64 GB,224.99,"56,000","2,32",Black,13.333,40
Kingston FURY Beast RGB 32 GB,130.87,"56,000","1,32",Black,12,36
Corsair Dominator Platinum RGB 32 GB,,"44,000","2,16",White,9.5,19
Kingston ValueRAM 1 GB,11.95,"2,667","1,1",Green,14.993,5
ADATA AD4U266638G19-S 8 GB,,"42,666","1,8",Green / Black,14.254,19
G.Skill Ripjaws V 32 GB,67.98,"42,400","2,16",Red,12.5,15
Corsair Vengeance LPX 64 GB,129.99,"42,666","2,32",Black / Yellow,12.003,16
Corsair Vengeance RGB Pro 128 GB,324.99,"43,200","4,32",Black,10,16
Corsair Vengeance RGB 64 GB,209.99,"55,600","2,32",White / Gray,14.286,40
G.Skill Trident Z5 RGB 48 GB,249.99,"58,000","2,24",Silver / Black,10,40
G.Skill Ares 16 GB,1368.64,"32,133","2,8",Black / Red,10.314,11
Crucial CT64G4LFQ424A 64 GB,179,"42,400","1,64",Black / Green,14.167,17
SK Hynix HMAA2GU6CJR8N-XN 16 GB,,"43,200","1,16",Green,13.75,22
G.Skill Ripjaws S5 32 GB,104.99,"55,600","2,16",White,10.714,30
TEAMGROUP T-Force Xtreem ARGB 64 GB,139.99,"43,600","2,32",White,10,18
Kingston FURY Beast 16 GB,65.98,"56,000","1,16",Black / Silver,13.333,40
Patriot Signature Line 4 GB,11.99,"42,400","1,4",Black / Green,13.333,16
Patriot Signature Line 16 GB,31.99,"43,200","1,16",,13.75,22
Patriot Viper Venom RGB 32 GB,102.99,"55,600","2,16",Black / White,12.857,36
Crucial CT2K16G52C42U5 32 GB,109.85,"55,200","2,16",Black,16.154,42
Corsair Vengeance 96 GB,319.99,"55,600","4,24",Black / Silver,14.286,40
G.Skill Ripjaws X 16 GB,57.4,"31,600","4,4",Black / Red,11.25,9
TEAMGROUP Xtreem 48 GB,249.99,"58,000","2,24",Black,9.5,38
Kingston FURY Beast RGB 32 GB,133.35,"55,200","2,16",Black,13.846,36
Mushkin Enhanced Redline 96 GB,249.99,"55,600","2,48",Black,16.429,46
Corsair Vengeance 64 GB,179.99,"54,400","2,32",Black / Gray,16.364,36
Corsair Dominator Platinum RGB 128 GB,663.92,"43,200","4,32",Black,10,16
TEAMGROUP Elite Plus 16 GB,,"55,200","2,8",Black,16.154,42
TEAMGROUP T-Force Xtreem ARGB 32 GB,114.05,"44,000","2,16",White,9,18
Corsair Vengeance RGB Pro 16 GB,69.98,"42,666","2,8",White,12.003,16
Patriot Viper Elite II 8 GB,24.99,"44,000","1,8",Red / Black,10,20
Silicon Power XPOWER Zenith RGB Gaming 64 GB,184.99,"56,000","2,32",White,10,30
G.Skill Trident Z5 RGB 32 GB,119.99,"56,000","2,16",Black,10.667,32
Kingston FURY Renegade 16 GB,80.75,"56,000","1,16",White / Silver,10.667,32
G.Skill Ripjaws S5 32 GB,102.99,"55,200","2,16",White,13.846,36
ADATA XPG GAMMIX D10 32 GB,104.81,"43,200","2,16",Black / Silver,10,16
Corsair Vengeance RGB RT 16 GB,72.98,"43,600","2,8",Black,8.889,16
G.Skill Ripjaws V 8 GB,28.99,"42,400","2,4",Black / Red,12.5,15
Gloway LYSB01EHFW722-ELECTRNCS 8 GB,,"42,400","1,8",Black / White,13.333,16
ADATA Premier 8 GB,,"42,400","1,8",Green,14.167,17
Corsair Vengeance 64 GB,,"55,600","2,32",Black,12.857,36
G.Skill Flare X5 32 GB,105.99,"55,600","2,16",Black,12.857,36
Patriot Viper Venom 64 GB,194.99,"56,000","2,32",Black / White,12,36
G.Skill Aegis 16 GB,33.99,"42,666","1,16",Black / Red,14.254,19
Kingston Fury Renegade RGB 32 GB,270.98,"58,000","2,16",Silver / White,9.5,38
Samsung M393A4K40BB1-CRC 32 GB,46.37,"42,400","1,32",Green,14.167,17
Corsair Vengeance 32 GB,,"32,133","4,8",Black / Silver,9.376,10
Kingston HyperX Fury 8 GB,,"42,133","2,4",Black / White,13.127,14
Acer Predator Hermes RGB 32 GB,,"58,200","2,16",White,8.78,36
Crucial CT2K16G56C46S5 32 GB,94.99,"55,600","2,16",Black,16.429,46
Kingston Fury Renegade RGB 32 GB,135.75,"43,600","2,16",Black / Silver,8.889,16
Corsair Vengeance LPX 64 GB,144.99,"42,400","4,16",Black / Yellow,11.667,14
TEAMGROUP Xtreem ARGB 48 GB,259.99,"58,000","2,24",Black,9.5,38
Klevv BOLT V 32 GB,99.99,"56,400","2,16",Black,10,32
TEAMGROUP T-Force Delta RGB 16 GB,53.85,"43,200","2,8",White,10,16
Corsair Vengeance RGB 64 GB,229.99,"56,200","2,32",Black / Silver,10.323,32
Corsair Vengeance RGB 32 GB,135.99,"56,200","2,16",Black,11.613,36
Crucial CT2K8G4DFS824A 16 GB,40,"42,400","2,8",Green / Black,14.167,17
Kingston HyperX Fury 8 GB,,"31,600","1,8",Blue / Silver,12.5,10
Kingston HyperX Fury 4 GB,37.99,"42,666","1,4",Black / Silver,12.003,16
G.Skill Trident Z RGB 16 GB,54.99,"43,600","2,8",Black,10,18
G.Skill Ripjaws S5 32 GB,105.99,"56,000","2,16",White,10.667,32
OLOy MD4U083016BJDA 16 GB,36.99,"43,000","2,8",Black,10.667,16
Kingston Fury Beast RGB Special Edition 16 GB,65.62,"43,200","2,8",White,10,16
Kingston ValueRAM 16 GB,39.48,"43,200","1,16",,13.75,22
Kingston FURY Renegade Pro 256 GB,2002.94,"56,800","8,32",Black,10,34
TEAMGROUP T-Force Vulcan 32 GB,,"56,000","2,16",Black,9.333,28
Corsair Vengeance RGB Pro SL 16 GB,74.98,"43,600","2,8",Black,8.889,16
ADATA XPG LANCER RGB 32 GB,,"55,600","2,16",Black,12.857,36
G.Skill Ripjaws V 64 GB,,"44,600","2,32",Black,8.696,20
Silicon Power XPOWER Zenith RGB Gaming 32 GB,,"56,000","2,16",Black,10,30
Patriot Signature Line 16 GB,34.99,"43,200","2,8",,11.875,19
TEAMGROUP T-Force Vulcan Z 32 GB,57.99,"43,600","2,16",Red / Black,10,18
Mushkin Redline 16 GB,42.67,"43,200","2,8",White,10,16
TEAMGROUP T-Force Vulcan alpha 32 GB,,"55,600","2,16",Red,14.286,40
Corsair Vengeance RGB Pro SL 64 GB,149.99,"43,600","2,32",Black,10,18
Corsair Vengeance RGB Pro 16 GB,99.99,"44,000","2,8",Black,9,18
Kingston FURY Beast RGB 32 GB,132.99,"55,600","2,16",Black,14.286,40
Crucial CT2KIT51264BD160B 8 GB,19.89,"31,600","2,4",Green,13.75,11
ADATA XPG LANCER RGB 32 GB,,"56,000","2,16",White,13.333,40
Corsair Vengeance LPX 16 GB,74.98,"42,666","4,4",Black / Yellow,11.253,15
TEAMGROUP T-Force Vulcan Z 8 GB,25.45,"43,200","1,8",Red,10,16
G.Skill Trident Z5 RGB 64 GB,204.99,"55,600","2,32",Black,10.714,30
Corsair Vengeance RGB RS 64 GB,154.99,"43,600","2,32",Black,10,18
G.Skill Trident Z5 RGB 64 GB,209.99,"56,000","2,32",Black,10.667,32
Patriot Signature Line 32 GB,79.98,"54,800","2,16",Black,16.667,40
Corsair Vengeance 64 GB,219.9,"56,200","2,32",Black / Gray,10.323,32
Corsair Vengeance LPX 16 GB,38.98,"43,200","2,8",Red,10,16
Corsair Vengeance 32 GB,124.99,"56,200","2,16",Black,11.613,36
Patriot Signature Premium 8 GB,16.98,"42,400","1,8",Black,14.167,17
G.Skill NT 4 GB,,"42,133","1,4",Black,14.065,15
Kingston FURY 16 GB,,"42,400","2,8",Black / Silver,12.5,15
ADATA XPG SPECTRIX D60G 32 GB,,"43,200","2,16",Silver / Black,10,16
Corsair Vengeance 64 GB,164.99,"54,800","2,32",Black / White,16.667,40
Patriot Viper Elite II 16 GB,,"43,200","2,8",Red / Black,11.25,18
Kingston KVR21R15D4K4/64 64 GB,129.46,"42,133","4,16",Black / Green,14.065,15
Lexar Ares RGB 16 GB,57,"43,600","2,8",Black,10,18
G.Skill Ripjaws V 16 GB,74.99,"44,400","2,8",Black,8.182,18
V-Color Prism Pro 16 GB,45.99,"43,600","2,8",Black,10,18
Wintec Value 8 GB,,"2,800","2,4",Green,15,6
Kingston HyperX Fury 8 GB,,"42,400","1,8",Black / White,12.5,15
TEAMGROUP T-Force Dark Za 32 GB,,"43,600","2,16",Black / Silver,10,18
G.Skill Trident Z 32 GB,117.99,"56,400","2,16",White / Black,10,32
Patriot Viper Elite II 64 GB,114.98,"42,666","2,32",Red / Black,13.503,18
Corsair Dominator Platinum RGB 32 GB,179.99,"43,600","4,8",Black,10,18
Crucial Pro Overclocking 16 GB,78.23,"56,000","1,16",Black,12,36
Patriot Viper 4 16 GB,,"43,200","2,8",Red / Black,10,16
Corsair Vengeance RGB 32 GB,136.99,"56,400","2,16",Black,11.875,38
Patriot Viper Elite II 32 GB,61.99,"43,600","1,32",Red / Black,11.111,20
TEAMGROUP Elite Plus 64 GB,147.99,"54,800","2,32",Black,16.667,40
Kingston FURY 64 GB,269.56,"55,200","4,16",White,15.385,40
G.Skill Ripjaws S5 32 GB,103.99,"55,600","2,16",Black,12.857,36
Kingston KVR1333D3S9/1G 1 GB,,"31,333","1,1",Green,13.503,9
Corsair Dominator Platinum RGB 64 GB,239.99,"55,600","2,32",Black,14.286,40
Patriot Viper Steel RGB 8 GB,21.99,"43,200","1,8",Black,11.25,18
ADATA XPG GAMMIX D10 16 GB,114.37,"43,200","2,8",Black,10,16
TEAMGROUP T-Force Zeus 64 GB,109.99,"43,200","2,32",Red,12.5,20
G.Skill Ripjaws V 16 GB,37.99,"42,400","2,8",Red,14.167,17
Kingston HyperX Fury 16 GB,,"31,866","2,8",Red / Silver,10.718,10
Kingston HyperX Fury RGB 16 GB,,"43,600","2,8",Black / Silver,9.444,17
G.Skill TridentZ RGB 32 GB,365.22,"44,000","2,16",Black,8,16
Corsair Vengeance RGB Pro SL 32 GB,81.99,"43,200","2,16",Black,10,16
G.Skill Trident Z RGB 64 GB,142.99,"43,200","2,32",Black,10,16
Corsair Vengeance LPX 32 GB,89.99,"42,666","4,8",Black / Yellow,12.003,16
TEAMGROUP T-Force Xtreem ARGB 32 GB,84.99,"43,600","2,16",Black / Blue,10,18
Patriot Viper Steel RGB 16 GB,37.99,"43,600","1,16",Black,11.111,20
Patriot Viper Steel RGB 64 GB,132.99,"43,600","2,32",Black,11.111,20
Kingston HyperX Fury 64 GB,399,"43,600","2,32",Black / Silver,10,18
Kingston Server Premier 32 GB,299,"42,933","1,32",,14.32,21
SK Hynix HMT351U7BFR8A-H9 4 GB,,"31,333","1,4",Blue / Black,13.503,9
ADATA XPG Z1 16 GB,,"43,000","2,8",Silver / Black,10.667,16
Silicon Power XPOWER Zenith Gaming 32 GB,,"43,600","2,16",Black,10,18
G.Skill Trident Z Neo 16 GB,59.99,"43,600","2,8",Black / Silver,10,18
G.Skill Ripjaws V 16 GB,43.99,"42,666","2,8",Black / Red,11.253,15
G.Skill Trident Z Neo 16 GB,699.99,"43,800","2,8",Black / Silver,7.368,14
Corsair Vengeance RGB Pro SL 32 GB,114.99,"43,200","4,8",Black,10,16
Corsair Vengeance RGB 64 GB,214.99,"55,600","2,32",White / Black,12.857,36
Corsair Vengeance RGB Pro 16 GB,59.99,"42,666","2,8",Black,12.003,16
Kingston FURY Beast 8 GB,40.29,"55,200","1,8",Black,15.385,40
TEAMGROUP T-Force Delta RGB Valkyrie Edition 32 GB,99.99,"55,600","2,16",Black / Silver,14.286,40
Kingston FURY Beast 16 GB,,"43,200","2,8",Black / Silver,10,16
V-Color TRA548G68D834O 384 GB,3519.99,"56,800","8,48",Black,10,34
Crucial Ballistix 64 GB,,"43,600","2,32",Black,8.889,16
G.Skill Flare X5 16 GB,,"55,600","1,16",Black,12.857,36
TEAMGROUP Elite 32 GB,56.99,"43,200","2,16",Black,13.75,22
Corsair Vengeance RGB 32 GB,129.99,"55,600","2,16",Black / Gray,12.857,36
Mushkin Redline Lumina 16 GB,67.36,"43,600","2,8",White,7.778,14
G.Skill Trident Z Neo 32 GB,89.99,"43,200","2,16",Silver / Black,10,16
Corsair Vengeance RGB Pro 32 GB,91.99,"42,933","2,16",Black,10.91,16
Corsair Vengeance RGB Pro SL 32 GB,99.99,"43,600","2,16",Black,10,18
Patriot Viper Venom 64 GB,159.99,"55,200","2,32",Black / White,15.385,40
G.Skill TridentZ RGB 32 GB,,"44,600","2,16",Black,8.261,19
Corsair Vengeance 64 GB,212.48,"55,600","2,32",Black / Gray,12.857,36
ADATA XPG LANCER RGB 32 GB,,"56,400","2,16",White,10,32
Patriot Viper Steel 32 GB,62.99,"43,600","1,32",Gray,10,18
Corsair Vengeance LPX 16 GB,44.99,"42,666","2,8",Black,12.003,16
Corsair ValueSelect 8 GB,24.99,"42,666","1,8",Black / Yellow,13.503,18
Kingston FURY Beast 16 GB,60.99,"55,600","1,16",Black,14.286,40
Kingston FURY Beast RGB 16 GB,73.04,"55,600","1,16",Black,12.857,36
Corsair Vengeance RGB 64 GB,294.99,"56,200","4,16",Black / Gray,10.323,32
Timetec PINNACLE Konduit 8 GB,22.99,"43,600","1,8",White,10,18
G.Skill Trident Z5 RGB 48 GB,184.99,"56,800","2,24",Black,10,34
Patriot Viper Elite II 32 GB,61.99,"43,200","2,16",Red / Black,11.25,18
Patriot Viper Elite 5 RGB 64 GB,199.99,"56,200","2,32",White,13.548,42
G.Skill Flare X 16 GB,42.99,"43,200","2,8",Black,10,16
G.Skill Aegis 8 GB,20.91,"42,133","1,8",Black / Red,14.065,15
G.Skill Trident Z 32 GB,114.99,"56,000","2,16",Black,10,30
Kingston FURY Renegade Pro 128 GB,645,"55,600","4,32",Black,10,28
G.Skill Ripjaws X 16 GB,58.79,"32,400","2,8",Black / Blue,9.167,11
G.Skill Ripjaws V 16 GB,42.99,"43,200","2,8",Black,10,16
TEAMGROUP T-Force DELTAα RGB 32 GB,104.99,"56,000","2,16",Black,12.667,38
G.Skill Trident Z5 RGB 32 GB,113.99,"55,600","2,16",Black,12.857,36
Mushkin Redline 32 GB,218.99,"43,200","2,16",White,8.75,14
Patriot Viper Steel 16 GB,34.99,"43,600","1,16",Gray,10,18
Kingston FURY Beast 8 GB,27.83,"42,666","1,8",Black,12.003,16
Corsair Vengeance RGB RS 8 GB,29.99,"43,200","1,8",Black / Gray,10,16
Kingston Server Premier 64 GB,199,"43,200","1,64",,13.75,22
Corsair Vengeance RGB Pro SL 256 GB,1272.56,"43,200","8,32",Black,10,16
Crucial CT2K16G48C40S5 32 GB,84.99,"54,800","2,16",Black,16.667,40
G.Skill Trident Z RGB 16 GB,89.99,"43,200","2,8",Black,8.75,14
Corsair Vengeance RGB Pro 32 GB,85,"42,666","2,16",Black,12.003,16
Corsair Dominator Platinum RGB 64 GB,315,"56,200","4,16",Black,10.323,32
G.Skill Aegis 16 GB,38.27,"42,400","2,8",Black / Red,14.167,17
Kingston HyperX Fury 8 GB,,"31,866","2,4",Black / Silver,10.718,10
Corsair CORSAIR Vengeance LPX 16GB (2 x 8GB) 288-Pin DDR4 SDRAM DDR4 3000 (PC4 24000) Desktop Memory Model CMK16GX4M2C3000C16W 16 GB,,"43,000","2,8",White / Black,10.667,16
TEAMGROUP T-Force Vulcan 32 GB,,"55,200","2,16",Red,15.385,40
PROXMEM UNDERWORLD TUF 32 GB,,"56,400","2,16",Black / Gray,10,32
Corsair Dominator Titanium 48 GB,239.99,"57,000","2,24",Black,10.286,36
Thermaltake TOUGHRAM RGB 16 GB,134.98,"43,600","2,8",White / Silver,10,18
G.Skill Ripjaws S5 96 GB,284.99,"55,600","2,48",Black,14.286,40
Crucial Ballistix Sport 16 GB,100,"31,600","2,8",Black / Silver,11.25,9
Crucial Ballistix Sport LT 16 GB,,"42,666","2,8",Red,12.003,16
Silicon Power SU016GLSTU160N22AH 16 GB,16.98,"31,600","2,8",Green,13.75,11
Patriot Viper Elite 5 RGB 96 GB,423.66,"56,000","2,48",White,14,42
Patriot Viper Steel 16 GB,,"44,400","2,8",Silver / Black,8.636,19
Crucial CT16G52C42U5 16 GB,57.99,"55,200","1,16",Black,16.154,42
Kingston ValueRAM 8 GB,27.21,"43,200","1,8",,13.75,22
Kingston KVR21L15Q4/32 32 GB,149.96,"42,133","1,32",Black / Green,14.065,15
G.Skill Flare X 32 GB,79.92,"43,200","2,16",Black,10,16
G.Skill Ripjaws V 16 GB,,"45,333","2,8",Black,8.251,22
Corsair Vengeance RGB Pro 16 GB,51,"43,200","2,8",Black,10,16
Patriot Viper Steel RGB 16 GB,37.99,"43,200","1,16",Black,11.25,18
G.Skill Ripjaws V 64 GB,929.45,"43,200","4,16",Black,8.75,14
Kingston HyperX Fury RGB 32 GB,,"43,200","2,16",Black,10,16
Kingston FURY Renegade 16 GB,,"45,000","2,8",Black,7.6,19
AMD R7 Performance 8 GB,,"42,400","1,8",Black / Red,12.5,15
G.Skill Trident Z RGB 32 GB,,"44,000","2,16",Black,7,14
Corsair Dominator Platinum RGB 64 GB,359.99,"56,400","4,16",Black,10,32
Corsair Vengeance RGB Pro 16 GB,64.98,"43,000","2,8",White,10,15
Kingston ValueRAM 8 GB,25.38,"42,666","1,8",Green,14.254,19
Kingston ValueRAM 8 GB,37.95,"54,800","1,8",Green,16.667,40
Kingston KSM48R40BD8KMM-32HMR 32 GB,148.78,"54,800","1,32",Green,16.667,40
Patriot Signature Line 8 GB,17.48,"42,666","1,8",Green,14.254,19
Silicon Power XPOWER Zenith Gaming 32 GB,86.99,"56,000","2,16",White,10,30
Corsair Vengeance 64 GB,181.04,"55,200","2,32",Gray,15.385,40
Corsair Vengeance LPX 64 GB,154.99,"42,666","4,16",Black / Yellow,12.003,16
G.Skill Ripjaws S5 32 GB,107.99,"56,000","2,16",White,10.667,32
Corsair Vengeance RGB 64 GB,209.99,"55,600","2,32",Black / Gray,14.286,40
Corsair Dominator Platinum RGB 64 GB,249.99,"43,600","4,16",Black,10,18
Kingston Fury Renegade RGB 32 GB,264.99,"58,000","2,16",Silver / Black,9.5,38
Samsung M393A2G40DB0-CPB 16 GB,51.49,"42,133","1,16",Black / Green,14.065,15
Corsair Dominator Platinum 8 GB,,"33,200","2,4",Black / Silver,8.125,13
Crucial Ballistix RGB 16 GB,,"43,600","2,8",White,8.889,16
Neo Forza FAYE 16 GB,,"43,200","2,8",Silver / Black,10,16
Corsair Vengeance 64 GB,259.32,"56,000","4,16",Black / Silver,12,36
Corsair Vengeance RGB RT 32 GB,99.99,"43,600","2,16",White / Black,10,18
Corsair Vengeance LPX 32 GB,73.98,"42,400","2,16",Black / Yellow,13.333,16
TEAMGROUP Elite 32 GB,75.99,"54,800","1,32",Black,16.667,40
Patriot Viper Steel RGB 8 GB,21.99,"43,600","1,8",Black,11.111,20
G.Skill NS 4 GB,40,"31,600","1,4",Black,13.75,11
G.Skill TridentZ RGB 32 GB,,"43,600","2,16",Black,7.778,14
TEAMGROUP T-Force Delta RGB 16 GB,52.54,"43,200","2,8",Black,10,16
Crucial CT32G52C42U5 32 GB,89.99,"55,200","1,32",Black,16.154,42
Kingston FURY Beast 64 GB,172.75,"43,200","4,16",Black,10,16
Kingston FURY Beast 128 GB,311.75,"43,200","4,32",Black,10,16
Corsair Vengeance RGB Pro 64 GB,194.99,"43,200","4,16",Black,10,16
Kingston FURY Beast RGB 64 GB,159.99,"43,600","2,32",Black,10,18
G.Skill Trident Z RGB 128 GB,,"44,000","4,32",Black,9,18
Crucial CT2KIT102472BD160B 16 GB,99.45,"31,600","2,8",Black / Green,13.75,11
Kingston HyperX Fury 16 GB,,"31,866","2,8",White / Silver,10.718,10
Apacer ZADAK Twist 16 GB,,"43,000","2,8",Black / Silver,10.667,16
TEAMGROUP Elite Plus 16 GB,,"43,200","2,8",Black / Gold,13.75,22
Corsair Dominator Platinum RGB 32 GB,157.99,"56,000","2,16",,12,36
G.Skill Trident Z Neo 64 GB,149.99,"43,200","2,32",Black / Silver,10,16
Kingston FURY Renegade 16 GB,75.98,"56,400","1,16",Silver / White,10,32
G.Skill Trident Z5 RGB 64 GB,198.99,"55,600","2,32",Black,12.857,36
Patriot Viper Elite II 8 GB,19.98,"43,600","1,8",Red / Black,11.111,20
Crucial Ballistix 16 GB,,"43,200","2,8",Black,10,16
G.Skill Trident Z Royal 256 GB,659.99,"43,600","8,32",Silver,10,18
Kingston ValueRAM 16 GB,60.2,"54,800","1,16",Green,16.667,40
Corsair Vengeance Pro 16 GB,,"31,600","2,8",Black / Red,11.25,9
Corsair Vengeance LPX 128 GB,,"43,800","8,16",Black / Yellow,10,19
G.Skill Trident Z5 64 GB,209.99,"56,000","2,32",Black / Silver,10.667,32
Kingston Server Premier 32 GB,119.99,"55,600","1,32",Green / Black,16.429,46
Patriot Viper Steel RGB 32 GB,60.99,"43,200","1,32",Black,11.25,18
Kingston FURY Beast RGB 64 GB,209.99,"55,200","2,32",Black,15.385,40
TEAMGROUP Elite Plus 16 GB,45.99,"55,600","1,16",Silver,14.286,40
Corsair Vengeance RGB RS 16 GB,49.99,"43,600","1,16",Black,10,18
Corsair Vengeance LPX 16 GB,41.99,"42,400","2,8",Black / Yellow,11.667,14
PNY Performance 16 GB,37.98,"43,200","1,16",Black,13.75,22
TEAMGROUP T-Force Vulcan Z 16 GB,40.76,"43,200","1,16",Gray,10,16
Kingston FURY Beast RGB 8 GB,43.71,"54,800","1,8",Black,15.833,38
Samsung M393A1G40DB0-CPB 8 GB,19.57,"42,133","1,8",Black / Green,14.065,15
GeIL Dragon RAM 32 GB,,"43,000","2,16",White / Gold,10,15
Crucial Ballistix Sport LT 16 GB,,"42,400","2,8",Gray,13.333,16
G.Skill Ripjaws V 16 GB,,"43,200","2,8",Black,10,16
G.Skill Trident Z5 Neo 32 GB,109.99,"55,600","2,16",Black,10.714,30
Patriot Signature 16 GB,26.99,"31,600","2,8",Black,13.75,11
Kingston FURY 32 GB,138.51,"55,600","2,16",White,14.286,40
G.Skill Trident Z Royal 32 GB,185.33,"43,200","4,8",Silver,10,16
ADATA XPG LANCER RGB 64 GB,,"56,000","2,32",Black,10,30
Kingston FURY Beast 16 GB,66.31,"55,600","1,16",Black,12.857,36
Kingston FURY 16 GB,68.85,"55,600","1,16",White,14.286,40
Kingston Fury Renegade RGB 96 GB,334.99,"56,000","2,48",Silver / Black,10.667,32
G.Skill Aegis 16 GB,37.9,"42,133","2,8",Black / Red,14.065,15
Crucial CT16G4DFD824A 16 GB,34.99,"42,400","1,16",Green / Black,14.167,17
Corsair Vengeance LPX 16 GB,49.99,"42,933","2,8",Black / Yellow,10.91,16
G.Skill Trident Z RGB 128 GB,989,"43,200","8,16",,9.375,15
Kingston HyperX Fury 8 GB,,"31,600","2,4",Red / Silver,12.5,10
Crucial CT4G4RFS8266 4 GB,25.4,"42,666","1,4",Green / Black,14.254,19
ADATA XPG SPECTRIX D50 32 GB,,"43,200","2,16",Black,10,16
G.Skill Trident Z RGB 8 GB,,"43,200","1,8",Black,10,16
G.Skill Ripjaws S5 32 GB,114.99,"56,600","2,16",Black,10.303,34
G.Skill Ripjaws S5 48 GB,139.99,"55,600","2,24",Black,14.286,40
Corsair Vengeance RGB Pro 16 GB,74.98,"43,600","2,8",Black,8.889,16
Kingston FURY Renegade 64 GB,296.69,"56,400","2,32",Silver / Black,10,32
PNY XLR8 16 GB,37.99,"43,600","2,8",Black,10,18
Corsair Vengeance RGB Pro SL 32 GB,129.99,"43,600","4,8",Black,10,18
G.Skill Aegis 16 GB,33.99,"43,000","1,16",Red / Black,10.667,16
Kingston FURY Beast 32 GB,87.3,"42,666","2,16",Black,12.003,16
Crucial CT2KIT25664AA800 4 GB,31.49,"2,800","2,2",Green,15,6
Crucial Ballistix Sport LT 8 GB,159,"42,400","1,8",Silver,13.333,16
TEAMGROUP T-Force Delta RGB 16 GB,,"43,000","2,8",Black,10.667,16
Apacer Panther-Golden 8 GB,,"42,666","1,8",Black / Gold,12.003,16
Kingston HyperX Fury 16 GB,,"43,200","1,16",Black,10,16
G.Skill Trident Z Neo 32 GB,479.82,"43,600","2,16",Black / Silver,7.778,14
Mushkin Redline Lumina White 32 GB,107.99,"56,400","2,16",White,10,32
TEAMGROUP T-Force Vulcan Z 64 GB,117.99,"43,600","2,32",Red,10,18
TEAMGROUP Xtreem 32 GB,179.99,"57,600","2,16",Black,9.474,36
Patriot Viper 4 Blackout 16 GB,39.99,"43,600","2,8",Black,10,18
Kingston Fury Beast RGB Special Edition 32 GB,101.25,"43,200","2,16",White,10,16
G.Skill Trident Z 16 GB,56.86,"43,200","2,8",Red / Silver,10,16
Kingston FURY Beast 16 GB,66.54,"55,200","1,16",Black,13.846,36
G.Skill Value 8 GB,21.12,"42,666","1,8",Black,14.254,19
G.Skill Ripjaws V 64 GB,3351.65,"43,200","4,16",Red,9.375,15
TEAMGROUP T-Force Delta TUF Gaming Alliance RGB 32 GB,,"43,200","2,16",Black / Gold,10,16
Crucial Ballistix MAX 32 GB,,"44,400","2,16",Black,8.636,19
Kingston FURY Impact 32 GB,117.98,"55,600","2,16",Black,14.286,40
Corsair Dominator Platinum RGB 32 GB,159.99,"56,000","2,16",Black,12,36
Kingston Fury Renegade RGB 16 GB,62.99,"43,600","2,8",Black,8.889,16
Patriot Viper Elite II 16 GB,33.99,"42,666","2,8",Red / Black,12.003,16
Kingston FURY Beast RGB 64 GB,204.99,"54,800","2,32",Black,15.833,38
TEAMGROUP T-Force Delta RGB 64 GB,164.99,"55,200","2,32",White / Silver,15.385,40
Kingston FURY Beast 32 GB,109.59,"55,200","1,32",Black,15.385,40
G.Skill Trident Z Neo 256 GB,589.99,"43,600","8,32",Silver / Black,10,18
G.Skill Trident Z5 RGB 32 GB,,"56,000","2,16",Black,13.333,40
Corsair ValueSelect 4 GB,17.73,"42,400","1,4",Black,13.333,16
Corsair Dominator Platinum 16 GB,,"42,400","2,8",Black / Silver,8.333,10
ADATA XPG GAMMIX D30 16 GB,,"43,000","2,8",Silver / Red,10.667,16
Patriot Viper Steel 16 GB,137.26,"44,000","2,8",Gray / Black,8,16
Corsair Vengeance 32 GB,91.99,"54,800","2,16",Black / White,16.667,40
G.Skill Ripjaws V 64 GB,,"43,600","4,16",Black,8.889,16
Kingston Fury Renegade RGB 64 GB,259.99,"56,400","2,32",Silver / White,10,32
Crucial CT32G56C46U5 32 GB,108.99,"55,600","1,32",Black,16.429,46
Patriot Signature Line 32 GB,55.99,"43,200","1,32",,13.75,22
Corsair Vengeance LPX 32 GB,109.99,"43,000","2,16",Black / Yellow,10,15
Kingston KVR1333D3N9/4G 4 GB,21.22,"31,333","1,4",Green,13.503,9
Samsung MV-3V4G3D/US 8 GB,,"31,600","2,4",Black,13.75,11
Corsair Vengeance LED 16 GB,,"43,200","2,8",Black / White,10,16
ADATA XPG SPECTRIX D41 8 GB,,"43,000","1,8",Black / White,10.667,16
G.Skill Flare X5 48 GB,154.99,"56,000","2,24",Black,13.333,40
Patriot Viper Venom 32 GB,99.99,"56,600","2,16",Black / White,10.303,34
G.Skill Trident Z Royal Elite 32 GB,282.25,"44,800","2,16",Silver,8.333,20
Corsair Dominator Platinum RGB 16 GB,79.98,"44,000","2,8",White,9.5,19
Mushkin Redline Lumina White 64 GB,200.98,"56,400","2,32",White,10,32
TEAMGROUP Elite Plus 32 GB,76.98,"54,800","1,32",Black,16.667,40
Samsung M393A1G40EB1-CPB 8 GB,14.99,"42,133","1,8",Green / Black,14.065,15
G.Skill Trident Z RGB 256 GB,569.99,"43,200","8,32",Black,10,16
Corsair Vengeance RGB RS 8 GB,34.99,"43,600","1,8",Black,10,18
Patriot Signature 8 GB,16.98,"31,600","1,8",Blue / Silver,13.75,11
Kingston ValueRAM 8 GB,24.35,"42,400","1,8",Green,14.167,17
Kingston ValueRAM 8 GB,18.69,"43,200","1,8",,13.75,22
ADATA XPG CASTER RGB 32 GB,438.93,"56,400","2,16",Black / Silver,12.5,40
Addlink Spider X4 32 GB,86.44,"43,200","2,16",Black,10,16
Corsair Vengeance 16 GB,279.99,"31,600","4,4",Black / Blue,11.25,9
Kingston HyperX Predator RGB 16 GB,,"43,200","2,8",Black / Silver,10,16
G.Skill Trident Z5 Neo 32 GB,112.99,"56,000","2,16",Black,12,36
TEAMGROUP T-Force Xtreem ARGB 16 GB,54.99,"43,600","2,8",Black,10,18
ADATA XPG LANCER RGB 32 GB,128.77,"56,000","2,16",Black,13.333,40
G.Skill FORTIS 64 GB,137.11,"42,400","4,16",Black / Red,12.5,15
Corsair Vengeance RGB Pro 16 GB,64.98,"43,600","2,8",Black,10,18
G.Skill Trident X 32 GB,169.96,"32,400","4,8",Black / Red,8.333,10
Corsair Vengeance RGB Pro 32 GB,94.99,"43,000","2,16",Black,10.667,16
Patriot Viper Steel 16 GB,43.99,"43,600","2,8",Silver / Black,9.444,17
G.Skill Trident Z Royal 32 GB,141.07,"43,600","2,16",Gold,8.889,16
TEAMGROUP T-Force Vulcan Z 16 GB,37.99,"43,600","2,8",Red / Black,10,18
Corsair Vengeance RGB Pro 8 GB,34.99,"43,200","1,8",Black,10,16
G.Skill Trident Z RGB 16 GB,116.78,"44,266","2,8",Multicolor,8.908,19
Kingston FURY Beast RGB 8 GB,48.38,"55,600","1,8",Black,14.286,40
Kingston ValueRAM 16 GB,43.3,"42,666","1,16",Green,14.254,19
Corsair Vengeance RGB 48 GB,159.99,"55,200","2,24",Black,14.615,38
Corsair Vengeance LPX 4 GB,19.98,"42,400","1,4",Black / Yellow,12.5,15
ADATA XPG Lancer Blade RGB 32 GB,139.99,"56,400","2,16",White,10,32
Corsair Vengeance 8 GB,84.75,"31,600","2,4",Black / Blue,11.25,9
Kingston KVR1333D3N9K4/16G 16 GB,,"31,333","4,4",Green,13.503,9
Corsair CORSAIR Vengeance LPX 64GB (4 x 16GB) 288-Pin DDR4 SDRAM DDR4 4000 (PC4 32000) Intel XMP 2.0 Desktop Memory Model CMK64GX4M4X4000C18 64 GB,,"44,000","4,16",Black / Yellow,9,18
G.Skill Trident Z 32 GB,109.99,"56,000","2,16",White / Black,10,30
Mushkin Redline Lumina 32 GB,109.99,"56,400","2,16",Black,10,32
TEAMGROUP Elite Plus 16 GB,59.99,"56,000","1,16",Black,13.333,40
Corsair Vengeance RGB 48 GB,195.99,"57,000","2,24",Black,11.429,40
Kingston FURY Renegade 16 GB,109.99,"56,400","1,16",Silver / Black,10,32
G.Skill Ripjaws V 8 GB,20.99,"42,666","1,8",Red / Black,14.254,19
Kingston FURY Beast 16 GB,47.82,"43,200","1,16",Black,10,16
Corsair CORSAIR Vengeance LED 16GB (2 x 8GB) 288-Pin DDR4 SDRAM DDR4 3000 (PC4 24000) Desktop Memory Model CMU16GX4M2C3000C16R 16 GB,,"43,000","2,8",Black,10.667,16
TEAMGROUP T-Force Vulcan Z 16 GB,,"43,000","2,8",Silver / Black,10.667,16
Silicon Power SP032GBSVU480F22 32 GB,89.99,"54,800","2,16",Black,16.667,40
Kingston FURY Beast 64 GB,233.4,"55,600","2,32",Black,12.857,36
Kingston FURY Beast RGB 32 GB,126.99,"56,000","1,32",Black,13.333,40
G.Skill Trident Z5 RGB 32 GB,,"56,000","2,16",Black,13.333,40
G.Skill Aegis 16 GB,,"42,666","2,8",Red / Black,14.254,19
G.Skill Trident Z Neo 32 GB,,"43,600","2,16",Black / Silver,8.889,16
Corsair Vengeance RGB 48 GB,169.99,"55,600","2,24",Black,14.286,40
Corsair Vengeance RGB RS 64 GB,154.99,"43,200","2,32",Black / Gray,10,16
Timetec PINNACLE Konduit 32 GB,66.55,"43,200","2,16",White,10,16
Mushkin Silverline 2 GB,15.45,"2,800","1,2",Gray / Silver,12.5,5
Corsair Vengeance RGB Pro 64 GB,,"43,200","4,16",White,10,16
Corsair Vengeance RGB Pro 256 GB,714.99,"43,200","8,32",Black,10,16
Kingston Fury Beast RGB Special Edition 8 GB,33.98,"43,200","1,8",White,10,16
Kingston HyperX Fury 32 GB,,"43,600","2,16",Black,10,18
Corsair Vengeance LPX 128 GB,909.99,"42,666","8,16",Black / Yellow,11.253,15
Corsair Vengeance RGB Pro 16 GB,,"43,600","2,8",Black,8.889,16
GeIL EVO POTENZA 16 GB,,"43,000","2,8",Red / Black,10.667,16
TEAMGROUP T-Force Vulcan TUF Gaming Alliance 32 GB,,"43,600","2,16",Black / Gold,10.556,19
ADATA XPG Lancer Blade RGB 16 GB,,"56,000","1,16",Black,10,30
Acer Predator Hermes RGB 64 GB,,"56,400","2,32",White,10,32
Mushkin Redline Lumina 32 GB,79.98,"44,000","2,16",Black,9,18
GOODRAM IRDM 32 GB,,"56,000","2,16",Black,10,30
Corsair Vengeance 48 GB,159.99,"55,600","2,24",Black,14.286,40
Crucial CT32G4RFD432A 32 GB,77.5,"43,200","1,32",Green / Black,13.75,22
Corsair Vengeance 64 GB,204.99,"55,600","2,32",White / Gray,14.286,40
Kingston FURY Renegade 32 GB,176.15,"56,400","2,16",White / Silver,10,32
Kingston FURY Renegade 96 GB,379.99,"56,400","2,48",Silver / Black,10,32
Corsair Dominator Platinum RGB 16 GB,79.98,"43,200","2,8",Black,10,16
Kingston FURY Beast 16 GB,45.99,"43,600","1,16",Black,10,18
Corsair ValueSelect 16 GB,49.98,"42,666","1,16",Black,13.503,18
Kingston FURY 64 GB,253.22,"55,600","2,32",White,14.286,40
G.Skill Aegis 4 GB,15.29,"42,400","1,4",Black / Red,12.5,15
Kingston KVR16N11S8/4 4 GB,14.98,"31,600","1,4",Green,13.75,11
Kingston Server Premier 32 GB,179.75,"43,200","1,32",,13.75,22
Thermaltake TOUGHRAM XG RGB 64 GB,549.99,"44,000","2,32",White / Silver,9.5,19
Thermaltake TOUGHRAM XG RGB D5 32 GB,,"56,000","2,16",Black / Silver,12,36
ADATA XPG SPECTRIX D60G 16 GB,,"43,600","2,8",Silver / Black,9.444,17
TEAMGROUP Team T-Force Night Hawk RGB 16GB (2 x 8GB) 288-Pin DDR4 SDRAM DDR4 3600 (PC4 28800) Desktop Memory Model TF1D416G3600HC18JDC01 16 GB,,"43,600","2,8",Black,10,18
Corsair Vengeance 32 GB,,"55,200","2,16",Black / Gray,14.615,38
ADATA XPG GAMMIX D45 16 GB,,"43,200","2,8",Black,10,16
Silicon Power SP016GBLTU160ND2J7 16 GB,20.99,"31,600","2,8",Gray,13.75,11
Corsair Dominator Platinum RGB 32 GB,174.99,"56,000","2,16",Black,10,30
G.Skill Ripjaws S5 64 GB,197.99,"55,600","2,32",Black,10.714,30
ADATA XPG Lancer Blade RGB 16 GB,,"56,000","1,16",White,10,30
G.Skill Sniper X 32 GB,71.84,"42,400","4,8",Black / White,14.167,17
G.Skill Ripjaws X 4 GB,21.07,"31,600","2,2",Black / Red,11.25,9
G.Skill Ripjaws V 32 GB,146.93,"43,200","4,8",Black,10,16
Samsung M393B5170FH0-CH9 4 GB,8.99,"31,333","1,4",Black / Green,13.503,9
Klevv BOLT X 8 GB,,"43,200","1,8",Black,10,16
Corsair Vengeance LPX 64 GB,,"44,000","2,32",Black / Yellow,9,18
Neo Forza FAYE 32 GB,,"45,000","2,16",Black / Silver,7.6,19
ADATA XPG LANCER RGB 32 GB,,"56,000","2,16",Black,10,30
Patriot Viper Xtreme 5 RGB 32 GB,154.99,"57,600","2,16",Black,9.474,36
Crucial CT2K32G4DFD832A 64 GB,134.94,"43,200","2,32",Green / Black,13.75,22
Crucial MTA18ASF4G72AZ-3G2B1 32 GB,87.15,"43,200","1,32",Green,13.75,22
G.Skill Trident Z Neo 128 GB,299.99,"43,200","4,32",Black / Silver,10,16
Mushkin Enhanced Redline Stiletto 16 GB,66.98,"43,200","2,8",Black,10,16
TEAMGROUP T-Force Delta RGB 48 GB,359.99,"56,800","2,24",White,10.588,36
OLOy Blade RGB 32 GB,169.99,"57,800","2,16",Black,9.231,36
PNY XLR8 16 GB,,"42,666","2,8",Black / Red,12.003,16
G.Skill Trident Z 32 GB,118.99,"56,400","2,16",Black,10,32
G.Skill Trident Z Neo 16 GB,119.99,"43,600","2,8",Black / Silver,7.778,14
G.Skill Trident Z Royal 64 GB,209.99,"43,000","4,16",Silver,10.667,16
TEAMGROUP T-Force Delta RGB 64 GB,174.99,"55,600","2,32",White / Silver,12.857,36
G.Skill Trident X 16 GB,136.07,"32,400","2,8",Black / Red,8.333,10
Kingston Fury Renegade RGB 32 GB,227.25,"57,200","2,16",Silver / Black,10.556,38
PNY XLR8 32 GB,,"43,200","2,16",Black / Red,10,16
Kingston Fury Renegade RGB 48 GB,197.76,"56,000","1,48",Silver / Black,10.667,32
V-Color TRA564G60D434Q 256 GB,,"56,000","4,64",White,11.333,34
G.Skill Trident Z 32 GB,116.99,"56,000","2,16",White / Black,10,30
Mushkin Enhanced Redline Stiletto 64 GB,167.99,"43,200","2,32",Black,8.75,14
Corsair Vengeance RGB 32 GB,129.99,"55,600","2,16",Black / Gray,12.857,36
G.Skill Trident Z5 RGB 48 GB,224.99,"57,600","2,24",Black,10,38
Kingston Server Premier 32 GB,153.66,"55,200","1,32",Green / Black,16.154,42
Corsair Vengeance RGB 48 GB,194.99,"56,400","2,24",Black,11.25,36
Corsair Vengeance 8 GB,39.99,"31,600","1,8",Black / Silver,12.5,10
Corsair Dominator Platinum RGB 32 GB,157.91,"43,200","4,8",White,10,16
G.Skill Ripjaws V 8 GB,29.99,"42,133","2,4",Black / Red,14.065,15
Kingston FURY Beast 16 GB,46.93,"42,666","1,16",Black,12.003,16
ADATA XPG LANCER RGB 32 GB,,"55,600","2,16",White,12.857,36
G.Skill Trident Z RGB 32 GB,,"43,600","4,8",Black,10,18
Gigabyte AORUS RGB 16 GB,279,"43,600","2,8",Black,10,18
Crucial CT16G48C40S5 16 GB,44.99,"54,800","1,16",Black,16.667,40
TEAMGROUP Elite 16 GB,57.5,"55,200","1,16",Black,16.154,42
G.Skill Ripjaws X 32 GB,90.03,"31,600","4,8",Black / Blue,11.25,9
G.Skill Trident Z5 64 GB,199.99,"56,000","2,32",Silver / Black,10.667,32
Corsair Vengeance RGB RT 64 GB,164.99,"43,200","2,32",White / Black,10,16
Kingston FURY Renegade 16 GB,76.56,"56,000","1,16",Silver / Black,10.667,32
Kingston FURY Renegade 16 GB,53.09,"56,000","1,16",Silver / White,10.667,32
TEAMGROUP T-Force Delta RGB 32 GB,124.99,"57,000","2,16",Black / Silver,9.714,34
Corsair Vengeance RGB Pro SL 16 GB,55,"43,200","2,8",Black,10,16
Kingston FURY 64 GB,290.8,"55,600","4,16",White,14.286,40
Patriot Viper Steel RGB 16 GB,,"43,200","2,8",Black,11.25,18
Corsair Vengeance RGB RS 128 GB,,"43,200","4,32",Black / Gray,10,16
Thermaltake TOUGHRAM XG RGB D5 32 GB,,"55,600","2,16",Black / Silver,12.857,36
G.Skill Zeta R5 128 GB,1009.99,"56,400","8,16",Black / White,10,32
Silicon Power SU064GBSVU480F22AB 64 GB,139.99,"54,800","2,32",Black,16.667,40
G.Skill Trident Z5 Neo RGB 48 GB,164.99,"56,000","2,24",Black,13.333,40
TEAMGROUP T-Force Vulcan Z 64 GB,114.99,"43,200","2,32",Red,10,16
G.Skill Trident Z5 RGB 32 GB,117.99,"56,000","2,16",Black,12,36
Kingston FURY 32 GB,133.55,"55,200","2,16",White,15.385,40
G.Skill Trident Z 32 GB,2094.5,"43,000","2,16",Red / Silver,9.333,14
Patriot Signature Line 32 GB,44.99,"42,666","1,32",Black,14.254,19
TEAMGROUP T-Force Vulcan 32 GB,99.99,"56,400","2,16",Red,12.5,40
Mushkin Redline Lumina White 64 GB,189.99,"56,000","2,32",White,12,36
Patriot Viper Steel RGB 64 GB,124.99,"43,200","2,32",Black,11.25,18
Silicon Power SP032GBLVU480F22 32 GB,,"54,800","2,16",,16.667,40
Corsair Vengeance RGB Pro 64 GB,734.8,"42,666","4,16",Black,12.003,16
G.Skill Ripjaws S5 32 GB,,"55,200","2,16",White,15.385,40
G.Skill Aegis 8 GB,26.9,"42,400","2,4",Black / Red,12.5,15
Corsair Vengeance LED 64 GB,853.86,"43,200","4,16",Black / Blue,10,16
PNY XLR8 Gaming EPIC-X RGB 8 GB,53.54,"43,200","1,8",Black,10,16
V-Color Manta XPrism RGB 64 GB,,"56,000","2,32",Silver,11.333,34
TEAMGROUP T-Force DELTAα RGB 16 GB,,"55,200","2,8",Black,14.615,38
Mushkin Redline ST 32 GB,109.99,"56,400","2,16",Black,10,32
Mushkin Redline Lumina 32 GB,84.99,"44,133","2,16",Black,9.194,19
G.Skill Ripjaws Z 32 GB,111.97,"32,400","4,8",,9.167,11
G.Skill Ripjaws S5 64 GB,189.99,"55,600","2,32",Black,10.714,30
G.Skill Trident Z5 RGB 48 GB,229.99,"57,600","2,24",Black,10,38
Corsair Vengeance RGB RT 128 GB,296.81,"43,200","4,32",Black,10,16
ADATA XPG LANCER RGB 64 GB,,"56,000","2,32",White,10,30
Crucial CT2K8G48C40S5 16 GB,52.64,"54,800","2,8",Black,16.667,40
Kingston FURY 16 GB,71.84,"55,600","1,16",White,14.286,40
Kingston FURY Beast 32 GB,109.26,"43,600","4,8",Black,10,18
Crucial CT16G4DFD8266 16 GB,39,"42,666","1,16",Green / Black,14.254,19
G.Skill Ripjaws V 16 GB,,"43,600","2,8",Red / Black,10.556,19
Kingston FURY Renegade 32 GB,249.99,"58,000","2,16",Silver / Black,9.5,38
Kingston HyperX Fury RGB 32 GB,219.65,"43,200","4,8",Black,10,16
G.Skill F2-6400CL5Q-16GBPQ 16 GB,,"2,800","4,4",Blue / Silver,12.5,5
ADATA XPG SPECTRIX D50 8 GB,,"43,200","1,8",Black,10,16
TEAMGROUP T-Force DELTAα RGB 16 GB,,"55,600","1,16",White,14.286,40
Kingston Fury Renegade RGB 16 GB,167.43,"58,000","1,16",Silver / Black,9.5,38
Mushkin Enhanced Redline Stiletto 64 GB,169.99,"43,600","2,32",Black,8.889,16
G.Skill Trident Z RGB 32 GB,,"44,000","2,16",Black,8,16
TEAMGROUP Xtreem 48 GB,259.99,"57,600","2,24",Black,9.474,36
Kingston FURY Beast 32 GB,82.45,"43,600","1,32",Black,9.444,17
Corsair Dominator Platinum RGB 32 GB,204.99,"57,000","2,16",Black,9.714,34
Corsair Vengeance RGB 64 GB,205,"55,600","2,32",Black / Gray,14.286,40
G.Skill Trident Z5 RGB 48 GB,149.99,"55,600","2,24",Black,14.286,40
Samsung m378b5673eh1-cf8 2 GB,22.1,"31,066","1,2",Green / Black,13.133,7
Crucial Ballistix 16 GB,,"43,600","2,8",White,8.889,16
ADATA XPG SPECTRIX D50 32 GB,179.16,"43,600","1,32",Black,10,18
HP V2 8 GB,,"43,000","1,8",Black,10.667,16
G.Skill Trident Z5 RGB 32 GB,119.99,"56,000","2,16",White / Black,10.667,32
Crucial CT2K16G4SFRA32A 32 GB,69.34,"43,200","2,16",Green,13.75,22
G.Skill Trident Z RGB 128 GB,289.99,"43,200","4,32",Black,10,16
Patriot Viper Steel 32 GB,59.99,"43,200","1,32",Gray,10,16
G.Skill Trident Z Neo 16 GB,59.99,"43,200","2,8",Silver / Black,10,16
TEAMGROUP T-Force Vulcan alpha 32 GB,89.99,"55,600","2,16",Black / Silver,14.286,40
Corsair Vengeance RGB Pro 32 GB,144.99,"43,600","4,8",Black,8.889,16
V-Color TRA532G72D834Q 128 GB,1599.99,"57,200","4,32",White,9.444,34
Corsair Vengeance 48 GB,182.35,"56,400","2,24",Black / Gray,11.25,36
Patriot Viper Xtreme 5 RGB 32 GB,174.99,"57,800","2,16",Black,9.744,38
G.Skill Flare X 128 GB,333.24,"42,400","8,16",Black,12.5,15
Crucial Ballistix 16 GB,104.99,"42,666","2,8",White,12.003,16
Patriot Viper Elite II 16 GB,39.99,"43,600","2,8",Red / Black,11.111,20
Kingston KVR16N11K2/16 16 GB,87,"31,600","2,8",Green,13.75,11
G.Skill Trident Z 64 GB,2696.12,"43,600","4,16",Black,9.444,17
Kingston Server Premier 16 GB,92.63,"55,200","1,16",Green / Black,16.154,42
Crucial Ballistix Sport LT 8 GB,39,"42,400","2,4",Gray,13.333,16
Kingston KHX8500D2K2/4GR 4 GB,,"21,066","2,2",Blue,9.381,5
ADATA XPG SPECTRIX D41 16 GB,,"43,000","2,8",Black,10.667,16
TEAMGROUP T-Force Vulcan Z 16 GB,,"43,000","2,8",Red / Black,10.667,16
Kingston HyperX Fury RGB 8 GB,,"43,200","1,8",Black,10,16
G.Skill Ripjaws V 32 GB,,"44,000","2,16",Black,7,14
G.Skill Ripjaws 64 GB,214.99,"55,600","2,32",Black,14.286,40
Kingston FURY Renegade 32 GB,141.94,"56,000","2,16",Silver / White,10.667,32
G.Skill Ripjaws V 64 GB,124.99,"42,666","2,32",Black,13.503,18
G.Skill Ripjaws S5 32 GB,104.99,"55,600","2,16",Black,10.714,30
Kingston FURY Beast RGB 16 GB,59.99,"43,600","1,16",Black,10,18
Timetec PINNACLE Konduit RGB 16 GB,48.99,"43,200","2,8",White,10,16
Patriot Viper Steel 16 GB,44.99,"43,733","2,8",Silver / Black,9.108,17
Corsair Vengeance LP 16 GB,79.98,"31,600","2,8",Black / Yellow,12.5,10
Kingston FURY Beast 16 GB,62.16,"43,733","2,8",Black,10.179,19
TEAMGROUP Elite 32 GB,85.99,"55,200","1,32",Black,16.154,42
G.Skill Aegis 16 GB,,"42,800","2,8",Black / Red,12.143,17
Corsair Vengeance LPX 8 GB,24.99,"42,400","1,8",Black / Yellow,11.667,14
G.Skill Ripjaws X 32 GB,,"31,600","4,8",Black / Red,12.5,10
Klevv CRAS XR5 RGB 32 GB,,"56,200","2,16",White / Black,12.903,40
"Patriot Viper Xtreme Series, Division 4 16 GB",220,"32,133","4,4",Black / Silver,10.314,11
GeIL EVO POTENZA 16 GB,,"43,200","2,8",Black,10,16
TEAMGROUP T-Force Vulcan 16 GB,,"55,200","1,16",Red,15.385,40
Neo Forza Trinity 32 GB,,"56,400","2,16",Black,12.5,40
Crucial Ballistix 8 GB,,"43,200","1,8",Black,10,16
TEAMGROUP Elite 16 GB,30.99,"43,200","2,8",Black,13.75,22
TEAMGROUP Elite 64 GB,119.99,"43,200","2,32",Black,13.75,22
G.Skill Trident Z5 RGB 32 GB,116.99,"55,600","2,16",White / Black,10.714,30
TEAMGROUP Xtreem 32 GB,229.99,"58,000","2,16",Black,9.5,38
G.Skill Ripjaws V 16 GB,39.99,"43,000","2,8",Red / Black,10.667,16
G.Skill Trident Z5 RGB 48 GB,214.99,"57,200","2,24",Silver / Black,10,36
Kingston FURY Beast 32 GB,110.08,"43,733","2,16",Black,10.179,19
G.Skill Value 16 GB,32.25,"31,333","2,8",Black,13.503,9
G.Skill Ripjaws V 32 GB,,"43,600","2,16",Black,7.778,14
V-Color Prism Pro 32 GB,68.99,"43,600","2,16",Black,10,18
Kingston FURY Renegade 64 GB,229.99,"56,000","2,32",Silver / White,10.667,32
TEAMGROUP T-Force Vulcan Z 16 GB,40.46,"43,200","1,16",Red,10,16
GeIL SUPER LUCE RGB SYNC 16 GB,,"43,000","2,8",,10.667,16
ADATA XPG SPECTRIX D60G 32 GB,,"43,600","2,16",White,10,18
Crucial Ballistix Sport AT 16 GB,,"43,000","1,16",Silver / Black,11.333,17
Corsair Vengeance RGB Pro 16 GB,64.98,"43,000","2,8",Black,10,15
Mushkin Enhanced Redline Stiletto 16 GB,80.98,"43,600","2,8",Black,7.778,14
G.Skill Ripjaws V 32 GB,74.98,"42,666","2,16",Red,11.253,15
G.Skill Ripjaws V 16 GB,89.99,"44,000","2,8",Black,8,16
Corsair Dominator Platinum RGB 16 GB,79.98,"43,200","2,8",White,10,16
G.Skill Ripjaws Z 32 GB,103.94,"31,866","4,8",Black / Red,10.718,10
Corsair Vengeance LPX 16 GB,39.98,"43,200","2,8",Black,11.25,18
Kingston Fury Beast RGB Special Edition 16 GB,68,"43,600","2,8",White,9.444,17
TEAMGROUP T-Force Delta RGB 64 GB,174.99,"55,600","2,32",Black / Silver,12.857,36
Kingston HyperX Fury RGB 32 GB,,"43,466","2,16",Black,9.233,16
Kingston HyperX Fury 8 GB,48.99,"31,866","1,8",Black / Silver,10.718,10
TEAMGROUP T-Force Vulcan 16 GB,91.31,"55,200","1,16",Black,15.385,40
Kingston HyperX Fury 4 GB,,"31,600","1,4",Blue / Silver,12.5,10
ADATA XPG Z1 16 GB,,"42,400","2,8",Red / Black,13.333,16
Crucial Ballistix Sport LT 16 GB,,"43,000","2,8",Silver / Black,10,15
Crucial Ballistix 16 GB,,"42,666","2,8",Black,12.003,16
TEAMGROUP T-Force Zeus 16 GB,,"43,200","2,8",Red,12.5,20
OLOy Blade RGB 16 GB,,"43,200","2,8",Black,10,16
Addlink Spider X4 16 GB,,"43,200","2,8",Black,10,16
Apacer Panther RGB 32 GB,,"56,000","2,16",Silver / Black,13.333,40
G.Skill Trident Z RGB 64 GB,224.99,"43,200","2,32",,8.75,14
Silicon Power XPOWER Zenith RGB Gaming 64 GB,184.99,"56,000","2,32",Black,10,30
Patriot Viper 3 16 GB,34.99,"31,600","2,8",Black / Silver,12.5,10
G.Skill Ripjaws 8 GB,30.25,"31,600","2,4",Black / Red,11.25,9
Corsair Vengeance LPX 128 GB,284.99,"42,666","4,32",Black / Yellow,12.003,16
Corsair Vengeance LPX 64 GB,144.99,"42,133","4,16",Red / Black,12.189,13
OLOy MD4U323216DJDA 64 GB,124.99,"43,200","2,32",Black,10,16
Corsair Dominator Platinum RGB 32 GB,149.99,"44,000","2,16",Black,9,18
Mushkin Silverline 8 GB,189.99,"2,800","2,4",Gray / Silver,15,6
Kingston FURY Beast RGB 16 GB,55.99,"43,200","1,16",Black,10,16
G.Skill Trident Z 32 GB,199,"43,200","2,16",Red / Silver,9.375,15
Patriot Viper Venom RGB 32 GB,112.99,"56,200","2,16",Black / White,12.903,40
Kingston Fury Renegade RGB 256 GB,758.08,"43,200","8,32",Black / Silver,10,16
Kingston ValueRAM 16 GB,42.79,"43,200","1,16",,13.75,22
Corsair Vengeance 8 GB,,"31,600","2,4",Black / Red,11.25,9
G.Skill Ripjaws V 16 GB,,"43,000","2,8",Black,10,15
Kingston HyperX Fury RGB 16 GB,,"42,666","2,8",Black,12.003,16
Crucial Ballistix 16 GB,,"43,000","2,8",Black,10,15
G.Skill TridentZ RGB 64 GB,,"43,600","4,16",Black,7.778,14
Acer Predator Hermes RGB 32 GB,,"56,800","2,16",Black,9.412,32
G.Skill Trident Z5 RGB 32 GB,112.99,"56,000","2,16",White / Black,10,30
G.Skill Trident Z 16 GB,,"43,200","2,8",Silver / White,8.75,14
Corsair Vengeance RGB 32 GB,127.99,"56,000","2,16",White / Silver,12,36
TEAMGROUP Xtreem ARGB 32 GB,239.99,"58,000","2,16",Black,9.5,38
Corsair Vengeance LPX 32 GB,67.98,"42,666","1,32",Black / Yellow,12.003,16
Kingston Server Premier 8 GB,28.4,"42,666","1,8",,14.254,19
G.Skill Trident Z RGB 64 GB,516.85,"43,200","4,16",Black,10,16
TEAMGROUP T-Force Vulcan Z 8 GB,25.76,"43,200","1,8",Gray,10,16
Crucial CT8G4DFS832A 8 GB,22,"43,200","1,8",Green / Black,13.75,22
Silicon Power SP004GBLFU266X02 4 GB,,"42,666","1,4",,14.254,19
Kingston FURY Beast RGB 16 GB,70.67,"55,200","1,16",Black,13.846,36
Kingston FURY Renegade 16 GB,162.38,"58,000","1,16",Silver / White,9.5,38
Corsair Vengeance RGB Pro 16 GB,86.2,"43,200","1,16",Black,10,16
Crucial CT51264BD160B 4 GB,11.9,"31,600","1,4",Green,13.75,11
Corsair CORSAIR Vengeance LPX 64GB (4 x 16GB) 288-Pin DDR4 SDRAM DDR4 3200 (PC4 25600) Desktop Memory Model CMK64GX4M4D3200C16 64 GB,,"43,200","4,16",Black / Yellow,10,16
Corsair Vengeance RGB Pro 128 GB,,"44,000","4,32",Black,9,18
TEAMGROUP Elite 16 GB,30.99,"43,200","1,16",Black,13.75,22
Kingston FURY Renegade Pro 128 GB,899.99,"56,800","4,32",Black,10,34
Crucial CT2K8G56C46S5 16 GB,,"55,600","2,8",Black,16.429,46
Corsair Vengeance RGB Pro SL 64 GB,194.99,"43,600","4,16",Black,10,18
Klevv BOLT V 32 GB,113.99,"56,800","2,16",Black,10,34
Crucial CT32G4DFD8266 32 GB,73.37,"42,666","1,32",Green / Black,14.254,19
G.Skill Trident Z RGB 64 GB,129.99,"42,666","2,32",Black,13.503,18
TEAMGROUP T-Force Vulcan Z 32 GB,,"44,000","2,16",Gray,9,18
Patriot Viper Xtreme 5 RGB 32 GB,194.99,"58,000","2,16",Black,9.5,38
G.Skill Trident Z5 32 GB,107.99,"55,600","2,16",Silver / Black,12.857,36
Kingston Fury Renegade RGB 32 GB,184.99,"56,800","2,16",Silver / Black,10.588,36
Kingston FURY Renegade 16 GB,92.07,"56,400","1,16",White / Silver,10,32
PNY Performance 16 GB,187.99,"54,800","1,16",Black,16.667,40
TEAMGROUP T-Force Vulcan Z 16 GB,,"43,600","2,8",Gray,7.778,14
G.Skill Trident Z5 RGB 64 GB,,"55,600","2,32",Black,10,28
ADATA XPG GAMMIX D45 8 GB,,"43,200","1,8",Black,10,16
Crucial CT2K48G56C46S5 96 GB,287.98,"55,600","2,48",Black,16.429,46
Crucial CT2K16G3ERSLD4160B 32 GB,57.99,"31,600","2,16",Green,13.75,11
Silicon Power XPOWER Turbine 32 GB,57.99,"43,200","2,16",Blue,10,16
Corsair Vengeance 32 GB,144.99,"56,400","2,16",Black,10,32
Samsung M393A4K40CB2-CTD 32 GB,47.46,"42,666","1,32",Green / Black,14.254,19
G.Skill Ripjaws V 128 GB,409.96,"43,600","4,32",Red,8.889,16
G.Skill Trident Z5 RGB 32 GB,124.99,"56,600","2,16",Black,10.303,34
G.Skill Aegis 32 GB,62.99,"42,400","2,16",Red / Black,14.167,17
G.Skill Trident Z RGB 16 GB,52.99,"42,400","2,8",Black,12.5,15
G.Skill Trident Z RGB 16 GB,,"43,200","2,8",Black,8.75,14
G.Skill Value 16 GB,32.22,"31,600","2,8",Black,13.75,11
Crucial CT2K8G4DFRA266 16 GB,38.99,"42,666","2,8",Green,14.254,19
Kingston Fury Renegade RGB 16 GB,117.53,"44,600","2,8",Black / Silver,8.261,19
Kingston FURY Beast RGB 8 GB,47.08,"55,600","1,8",Black,14.286,40
Kingston FURY Renegade 32 GB,247.55,"57,200","2,16",Silver / Black,10.556,38
Kingston FURY Beast RGB 8 GB,39,"43,600","1,8",Black / Silver,9.444,17
GeIL EVO V RGB 32 GB,289.99,"58,000","2,16",White,9.5,38
G.Skill Aegis 8 GB,20.99,"42,666","1,8",Red / Black,14.254,19
Thermaltake TOUGHRAM Z-ONE RGB 16 GB,,"43,200","2,8",Black,10,16
Timetec PINNACLE Konduit 16 GB,30.99,"43,200","1,16",Black,10,16
Kingston ValueRAM 2 GB,16.48,"2,800","1,2",Green,15,6
Corsair Vengeance LPX 64 GB,,"43,200","4,16",Black / Yellow,10,16
Patriot Signature Line 16 GB,28.99,"42,400","1,16",Green / Black,14.167,17
Gigabyte GP-GR26C16S8K2HU416 16 GB,,"42,666","2,8",Black / White,12.003,16
G.Skill Trident Z RGB 16 GB,,"45,066","2,8",Black,7.896,20
HP V6 16 GB,,"43,200","2,8",Black,10,16
OLOy Blade RGB 16 GB,,"55,600","2,8",Platinum,12.857,36
ADATA XPG Lancer Blade RGB 64 GB,,"56,000","2,32",Black,10,30
Crucial CT32G4RFD424A 32 GB,44.99,"42,400","1,32",,14.167,17
Kingston FURY Beast RGB 64 GB,229.99,"55,600","2,32",Black,12.857,36
G.Skill Trident Z Neo 128 GB,299.99,"43,600","4,32",Silver / Black,10,18
Klevv CRAS XR5 RGB 32 GB,119.99,"57,000","2,16",White / Black,10.286,36
G.Skill Sniper X 16 GB,40.99,"43,200","2,8",Black / Camo,10,16
Corsair Vengeance LPX 32 GB,81.99,"43,600","2,16",Red,10,18
G.Skill Trident Z 32 GB,135,"43,200","2,16",Black / White,10,16
Kingston FURY Renegade 32 GB,217.87,"56,800","2,16",Silver / Black,10.588,36
Kingston Fury Renegade RGB 48 GB,289.99,"57,200","2,24",Silver / Black,10.556,38
Corsair Vengeance RGB RT 16 GB,64.98,"43,600","2,8",White / Black,10,18
Thermaltake TOUGHRAM Z-ONE RGB 16 GB,139.98,"43,600","2,8",Black,10,18
GOODRAM IRDM PRO 16 GB,,"43,600","1,16",Black,10,18
Thermaltake TOUGHRAM XG RGB D5 32 GB,,"55,600","2,16",Blue / White,12.857,36
Corsair Vengeance Pro 32 GB,,"32,800","4,8",Black / Red,8.571,12
Micron MT8JTF51264AZ-1G6E1 4 GB,13.99,"31,600","1,4",Black / Green,13.75,11
G.Skill Trident Z RGB 16 GB,,"43,000","2,8",Black,10,15
G.Skill Trident Z Royal 64 GB,,"44,600","2,32",Silver,8.696,20
TEAMGROUP T-Force Delta RGB 8 GB,,"43,200","1,8",White,10,16
ADATA XPG SPECTRIX D50 32 GB,,"43,600","2,16",Black,10,18
G.Skill Ripjaws V 32 GB,189.99,"44,000","4,8",Black,7.5,15
G.Skill Trident Z5 RGB 64 GB,209.99,"56,000","2,32",White / Black,10.667,32
Patriot Viper 4 Blackout 16 GB,35.99,"43,000","2,8",Black,10.667,16
V-Color TRA548G70D834Q 192 GB,1899.99,"57,000","4,48",White,9.714,34
G.Skill Trident Z5 Neo RGB 32 GB,115.99,"55,600","2,16",Black,10.714,30
GeIL Orion RGB AMD Edition 16 GB,42.99,"43,600","2,8",Red,10,18
Corsair Vengeance LPX 16 GB,230,"43,000","2,8",Red,10,15
G.Skill Trident Z5 RGB 64 GB,204.99,"55,600","2,32",Black,12.857,36
Kingston FURY Beast 32 GB,117.99,"55,600","1,32",Black / Silver,12.857,36
Corsair Vengeance LPX 8 GB,34.99,"42,666","2,4",Red,11.253,15
Corsair Vengeance RGB Pro SL 64 GB,147.99,"43,200","2,32",Black,10,16
G.Skill NT 8 GB,97.33,"42,133","1,8",Black,14.065,15
PNY XLR8 Gaming EPIC-X RGB 32 GB,72.98,"43,600","2,16",Black,10,18
Crucial Classic 64 GB,213.99,"55,600","2,32",Black,16.429,46
Corsair Vengeance LED 16 GB,,"43,000","2,8",Black / Red,10,15
G.Skill Value 16 GB,,"42,666","2,8",Black,14.254,19
Kingston FURY Beast RGB 16 GB,70.62,"55,200","1,16",Black,15.385,40
Timetec PINNACLE Konduit 32 GB,58.99,"43,200","2,16",Black,10,16
Timetec PINNACLE Konduit RGB 32 GB,80.55,"43,200","2,16",White,10,16
Patriot PSD34G160081 4 GB,14.98,"31,600","1,4",Green,13.75,11
G.Skill Trident Z Royal Elite 16 GB,,"45,333","2,8",Silver,8.251,22
HP V10 RGB 32 GB,,"43,200","2,16",Silver / Black,8.75,14
TEAMGROUP T-Force Delta TUF Gaming Alliance RGB 32 GB,,"56,000","2,16",Black,12.667,38
Corsair Dominator Platinum RGB 32 GB,287.92,"44,000","2,16",Black,8,16
Kingston FURY Impact 16 GB,84.83,"56,400","1,16",Black,11.875,38
G.Skill Trident Z5 RGB 32 GB,113.99,"55,200","2,16",White / Black,13.846,36
Timetec PINNACLE Konduit 16 GB,39.99,"43,200","2,8",Black,10,16
G.Skill Ares 32 GB,107.67,"32,400","4,8",,9.167,11
TEAMGROUP T-Force Delta RGB 48 GB,359.99,"56,800","2,24",Black,10.588,36
G.Skill Trident Z Royal 64 GB,1713.33,"43,200","4,16",Silver,10,16
Corsair Dominator Platinum RGB 32 GB,144.99,"55,200","2,16",Gray / Black,15.385,40
Corsair Vengeance RGB RS 16 GB,49.99,"43,200","1,16",Black / Gray,10,16
Kingston ValueRAM 16 GB,,"42,666","2,8",Green,14.254,19
G.Skill Trident Z RGB 64 GB,,"43,600","4,16",Black,8.889,16
Kingston FURY 64 GB,237.02,"55,600","2,32",White,14.286,40
Acer Predator Hermes RGB 32 GB,,"56,800","2,16",White,9.412,32
Kingston Fury Renegade RGB 16 GB,193.29,"44,266","2,8",Black / Silver,8.908,19
Kingston HyperX Fury 16 GB,,"31,600","2,8",Black / Silver,12.5,10
Mushkin Proline 8 GB,22.74,"31,600","1,8",Black / Green,13.75,11
Kingston KVR1333D3N9HK4/32G 32 GB,,"31,333","4,8",Green,13.503,9
SK Hynix HMA451U6AFR8N-TF 4 GB,,"42,133","1,4",,14.065,15
G.Skill Value 8 GB,43.44,"42,400","1,8",Black,14.167,17
Kingston HyperX Fury RGB 32 GB,,"42,666","2,16",Black,12.003,16
ADATA XPG Z1 16 GB,,"43,200","2,8",Black,10,16
Silicon Power GAMING 32 GB,,"43,200","2,16",Red / Black,10,16
Kingston FURY Renegade 128 GB,379.99,"43,200","4,32",Black,10,16
Lexar Ares RGB 32 GB,,"43,866","2,16",Black,9.312,18
Corsair Dominator Platinum RGB 32 GB,159.99,"43,200","4,8",Black,10,16
Kingston Server Premier 16 GB,49.48,"42,666","1,16",,14.254,19
Patriot Signature Line 16 GB,29.99,"43,200","1,16",,13.75,22
G.Skill Trident Z Royal 32 GB,,"44,000","2,16",White,8,16
G.Skill NS 4 GB,16.63,"31,333","2,2",Green,13.503,9
PNY XLR8 Gaming EPIC-X RGB 16 GB,,"43,200","2,8",White,10,16
G.Skill Sniper 8 GB,31.98,"31,600","2,4",Black / Red,11.25,9
Crucial CT3KIT51264BA160B 12 GB,37.2,"31,600","3,4",Black / Green,13.75,11
Corsair Dominator Platinum RGB 128 GB,404.99,"43,200","4,32",Black,10,16
Timetec PINNACLE Konduit RGB 8 GB,26.99,"43,200","1,8",White,10,16
Crucial Ballistix Sport 8 GB,59.99,"31,600","1,8",Black / Silver,11.25,9
G.Skill Trident Z Royal 16 GB,78.98,"43,200","2,8",Gold,10,16
ADATA XPG LANCER RGB 16 GB,,"55,600","1,16",Black,12.857,36
Crucial Ballistix Sport 8 GB,,"31,600","2,4",Black / Silver,11.25,9
Crucial Ballistix Sport LT 8 GB,,"42,666","2,4",White / Silver,12.003,16
ADATA XPG GAMMIX D10 16 GB,,"42,666","2,8",Black / White,12.003,16
Kingston HyperX Predator 16 GB,,"43,000","2,8",Black,10,15
Corsair Vengeance LPX 16 GB,,"45,000","2,8",Black / Yellow,7.2,18
Antec Katana RGB 16 GB,,"43,600","2,8",Black,10,18
G.Skill Trident Z Royal 256 GB,,"43,200","8,32",Gold,8.75,14
Corsair Vengeance LPX 16 GB,,"45,133","2,8",Black,7.793,20
Timetec PINNACLE Konduit 8 GB,21.99,"43,200","1,8",White,10,16
Kingston FURY Beast 32 GB,,"56,000","2,16",Black,13.333,40
G.Skill Trident Z 32 GB,113.99,"43,600","2,16",Black / White,9.444,17
Corsair Vengeance RGB Pro 16 GB,64.98,"43,600","2,8",Black,10,18
G.Skill Trident Z Royal 128 GB,339.99,"43,600","4,32",Silver,10,18
Crucial CT16G4DFD832A 16 GB,34.99,"43,200","1,16",Green / Black,13.75,22
G.Skill Ripjaws S5 32 GB,103.99,"55,600","2,16",White,12.857,36
Patriot Viper Elite II 32 GB,62.99,"43,600","2,16",Red / Black,11.111,20
Crucial CT2K32G52C42U5 64 GB,179.99,"55,200","2,32",Black,16.154,42
Crucial CT2K4G4DFS8266 8 GB,34.97,"42,666","2,4",Green,14.254,19
TEAMGROUP Dark Pro 16 GB,,"43,200","2,8",Black,8.75,14
G.Skill Ripjaws V 32 GB,62.99,"42,666","1,32",Black,13.503,18
Corsair XMS3 8 GB,64.29,"31,333","2,4",Black / Silver,13.503,9
Corsair Vengeance RGB RS 32 GB,183,"43,600","4,8",Black,10,18
TEAMGROUP T-Force Delta RGB 64 GB,,"55,200","2,32",Black / Silver,15.385,40
Mushkin Enhanced Redline Stiletto 32 GB,69.99,"43,200","2,16",Black,10,16
TEAMGROUP Xtreem ARGB 48 GB,,"58,200","2,24",Black,9.268,38
Corsair Vengeance LPX 8 GB,44.98,"42,400","2,4",Black / Yellow,12.5,15
Kingston FURY Renegade 16 GB,69.75,"43,200","2,8",Black,10,16
Corsair Vengeance RGB 32 GB,,"55,600","2,16",Black,14.286,40
G.Skill F4-3600C17Q2-128GTZKK 128 GB,516.74,"43,600","8,16",Black,9.444,17
Corsair Dominator Platinum 32 GB,,"42,666","4,8",Black / Silver,11.253,15
Kingston HyperX Fury 8 GB,,"42,133","1,8",Black / White,13.127,14
Samsung Samsung DDR4 2133MHz CL15 16GB RegECC 2Rx4 M393A2G40EB1-CPB 1.2V single pack 16 GB,,"42,133","1,16",Green / Blue,14.065,15
TEAMGROUP T-Force Delta TUF Gaming Alliance RGB 16 GB,,"43,200","2,8",Black / Gold,10,16
ADATA XPG Lancer Blade RGB 32 GB,,"56,000","1,32",Black,10,30
G.Skill Ripjaws V 16 GB,84.99,"44,000","2,8",Black,8,16
TEAMGROUP T-Force Vulcan 32 GB,104.99,"56,400","2,16",Red,10,32
Mushkin Redline Lumina 32 GB,84.99,"43,600","2,16",Black,8.889,16
Corsair Vengeance 32 GB,127.91,"56,000","2,16",White / Gray,12,36
Corsair Vengeance LPX 64 GB,139.99,"43,000","2,32",Black / Yellow,10.667,16
TEAMGROUP Dark Pro 8PACK Edition 32 GB,,"43,600","2,16",Black,8.889,16
TEAMGROUP T-Force Xtreem ARGB 64 GB,139.99,"43,600","2,32",Black,10,18
Corsair Vengeance LPX 8 GB,43.41,"43,000","2,4",Black / Yellow,10.667,16
Kingston ValueRAM 64 GB,,"55,600","2,32",Green / Black,16.429,46
Corsair Vengeance 4 GB,34.98,"31,600","1,4",Black / Silver,11.25,9
Corsair Vengeance 8 GB,49.99,"31,600","2,4",Black / Yellow,11.25,9
V-Color TRA524G72S836O 192 GB,2119.98,"57,200","8,24",Black,10,36
Kingston ValueRAM 16 GB,43.87,"42,666","1,16",Green,14.254,19
Crucial Ballistix 32 GB,,"43,600","2,16",Black,8.889,16
Corsair Mac Memory 4 GB,9.99,"31,333","1,4",Black / Green,13.503,9
Corsair Vengeance RGB 48 GB,,"56,000","2,24",Black,12,36
ADATA XPG LANCER RGB 16 GB,,"56,000","1,16",White,10,30
G.Skill F2-6400CL6Q-16GBMQ 16 GB,,"2,800","4,4",Orange / White,15,6
Kingston HyperX Predator 32 GB,,"43,200","2,16",Black / Silver,10,16
Apacer AU 16 GB,,"43,200","1,16",Black,13.75,22
Corsair Vengeance RGB RT 256 GB,630.23,"43,200","8,32",Black,10,16
Corsair Vengeance RGB Pro 32 GB,,"43,600","2,16",Black,7.778,14
OLOy Blade 32 GB,,"56,000","2,16",Black,10.667,32
Netac Shadow II 16 GB,,"43,600","2,8",Black,10,18
Patriot Viper Elite 5 RGB 32 GB,119.99,"56,600","2,16",White,10.909,36
TEAMGROUP Elite 8 GB,16.99,"43,200","1,8",Black,13.75,22
Patriot Viper Elite II 32 GB,62.99,"42,666","2,16",Red / Black,12.003,16
G.Skill Ripjaws V 16 GB,118.35,"43,600","2,8",Black,8.889,16
Kingston Server Premier 32 GB,82.19,"43,200","1,32",,13.75,22
Mushkin Essentials 64 GB,112.99,"43,200","2,32",Green / Black,13.75,22
G.Skill Trident Z RGB 16 GB,59.99,"43,200","2,8",Black,10,16
Kingston ValueRAM 16 GB,64.86,"54,800","2,8",,16.667,40
Crucial CT16G4WFD8213 16 GB,64.97,"42,133","1,16",Green,14.065,15
Patriot Viper Steel 16 GB,31.99,"43,000","1,16",Silver / Black,10.667,16
Patriot Viper Steel 16 GB,37.99,"43,000","2,8",Silver / Black,10.667,16
TEAMGROUP Elite Plus 64 GB,159.99,"55,200","2,32",Black,16.154,42
Kingston FURY Beast RGB 16 GB,69.61,"54,800","1,16",Black,15.833,38
G.Skill Trident Z5 RGB 48 GB,159.99,"56,000","2,24",Black,13.333,40
Silicon Power SU016GBLFU266BD2J6 16 GB,,"42,666","2,8",Gray,14.254,19
G.Skill Ripjaws S5 64 GB,199.99,"55,600","2,32",White,12.857,36
Kingston FURY Beast 32 GB,105.99,"54,800","1,32",Black,15.833,38
Kingston FURY 64 GB,237.06,"55,200","2,32",White,15.385,40
Mushkin 971307B 1 GB,,333,"1,1",Black / Green,18.018,3
Corsair Vengeance LPX 8 GB,,"42,133","2,4",Black / Yellow,14.065,15
GeIL Dragon RAM 8 GB,,"43,333","2,4",White / Gold,9.601,16
Crucial Ballistix 32 GB,,"43,200","2,16",White,10,16
ADATA XPG SPECTRIX D60G 16 GB,,"43,600","2,8",White,10,18
Lexar THOR OC 32 GB,,"55,600","2,16",Black / Gold,12.857,36
Corsair Vengeance 64 GB,129.99,"43,200","2,32",Black,13.75,22
HP 647901-B21 16 GB,28,"31,333","1,16",Black / Green,13.503,9
Silicon Power SP032GBSVU560F22 32 GB,85.99,"55,600","2,16",Black,16.429,46
G.Skill Trident Z 16 GB,49.99,"43,200","2,8",Silver / Black,10,16
Corsair Vengeance RGB 48 GB,199.99,"57,000","2,24",Black,10.286,36
G.Skill Trident Z5 RGB 32 GB,136.04,"56,000","2,16",Silver / Black,13.333,40
Lexar Hades OC 16 GB,,"43,600","2,8",Gray / Black,10,18
Kingston FURY Renegade 16 GB,70.93,"57,200","1,16",Silver / White,10.556,38
Corsair Vengeance 16 GB,65,"54,800","2,8",Black / White,16.667,40
V-Color TRA564G56D436O 512 GB,3199.99,"55,600","8,64",Black,12.857,36
G.Skill Trident Z Neo 32 GB,,"43,600","4,8",Silver / Black,8.889,16
TEAMGROUP T-Force Vulcan Z 16 GB,,"44,000","2,8",Gray,9,18
Kingston FURY Renegade 32 GB,304.41,"44,600","2,16",Black,8.261,19
Kingston Server Premier 8 GB,33.71,"43,200","1,8",,13.75,22
GeIL EVO V RGB 32 GB,288.99,"58,000","2,16",Black,9.5,38
Corsair Vengeance LPX 64 GB,129.99,"42,400","2,32",Black / Yellow,13.333,16
Timetec 75TT24NU2R8-8G 16 GB,,"42,400","1,16",Black,14.167,17
Crucial Ballistix MAX RGB 16 GB,299,"44,000","2,8",Black,9,18
G.Skill Ripjaws V 64 GB,3108.5,"43,200","4,16",Red,8.75,14
G.Skill Trident Z Royal 128 GB,899,"43,200","8,16",Silver,10,16
Crucial Ballistix RGB 32 GB,,"43,600","2,16",White,8.889,16
Crucial CT12864AA667 1 GB,19.5,"2,667","1,1",Green,14.993,5
TEAMGROUP Elite Plus 8 GB,,"42,400","1,8",Black / Gold,13.333,16
Kingston KVR16LE11S8/4KF 4 GB,32.58,"31,600","1,4",Green,13.75,11
Kingston HyperX Fury 4 GB,,"42,400","1,4",Black / White,12.5,15
EVGA SuperSC 16 GB,,"42,400","2,8",Black,12.5,15
OLOy WarHawk RGB 32 GB,,"43,600","2,16",White,10,18
Gigabyte AORUS RGB 16 GB,,"44,400","2,8",Black,9.091,20
ADATA XPG SPECTRIX D50 16 GB,,"43,200","1,16",Black,10,16
ADATA AD3U1600W4G11-B 4 GB,,"31,600","1,4",Green / Black,13.75,11
Crucial Ballistix 16 GB,,"43,600","1,16",Black,8.889,16
OLOy B-21 Raider 16 GB,,"43,200","2,8",Gold / Black,10,16
G.Skill Ripjaws 32 GB,119.99,"55,600","2,16",Black / White,14.286,40
Corsair Vengeance RGB RT 32 GB,95.99,"43,200","2,16",Black,10,16
G.Skill Ripjaws V 32 GB,104.46,"44,000","4,8",Red,9,18
Corsair Dominator Platinum RGB 32 GB,163.05,"56,000","2,16",Black,12,36
Crucial CT8G48C40S5 8 GB,24.99,"54,800","1,8",Black,16.667,40
TEAMGROUP T-Force Dark Pro 8Pack Ripped Edition 16 GB,,"43,600","2,8",Black / Silver,7.778,14
Corsair Vengeance RGB 64 GB,214.99,"55,600","2,32",Gray,12.857,36
G.Skill Trident Z 32 GB,238,"43,200","2,16",Silver / White,8.75,14
Corsair Vengeance RGB RT 64 GB,169.99,"43,600","2,32",Black,10,18
TEAMGROUP Elite Plus 16 GB,59.99,"56,000","1,16",Silver,13.333,40
Patriot Signature Line 8 GB,17.48,"42,400","1,8",Green / Black,14.167,17
G.Skill Ripjaws S5 32 GB,,"55,200","2,16",Black,10.769,28
Kingston FURY Renegade Pro 128 GB,674.59,"56,000","4,32",Black,10.667,32
G.Skill Ares 8 GB,32.65,"32,400","2,4",Black / Blue,9.167,11
G.Skill Ripjaws X 32 GB,277.98,"32,400","4,8",,9.167,11
Kingston FURY Beast RGB 32 GB,94.99,"43,200","2,16",Black,10,16
GOODRAM IRDM 32 GB,,"55,600","2,16",Black,10.714,30
Crucial Ballistix Sport 4 GB,29.01,"31,600","1,4",Black / Silver,11.25,9
Gigabyte AORUS RGB 16 GB,127.4,"43,333","2,8",Gray,10.801,18
Corsair Dominator Platinum RGB 64 GB,314.99,"55,600","4,16",Black,12.857,36
ADATA XPG LANCER RGB 16 GB,,"57,200","1,16",Black,9.444,34
G.Skill Ripjaws 16 GB,59.21,"42,400","4,4",Red,12.5,15
G.Skill Aegis 16 GB,38.24,"42,400","1,16",Black / Red,12.5,15
Kingston HyperX Fury 16 GB,,"43,200","2,8",Black / Silver,11.25,18
Kingston FURY Renegade 8 GB,,"43,600","1,8",Black,8.889,16
Kingston Fury Renegade RGB 32 GB,136.34,"56,000","1,32",Silver / Black,10.667,32
Kingston Fury Renegade RGB 32 GB,185.53,"56,400","1,32",Silver / White,10,32
Corsair Dominator Platinum 16 GB,,"43,000","2,8",Black / Silver,10,15
G.Skill Ripjaws V 16 GB,,"42,400","2,8",Silver,12.5,15
Crucial Ballistix Sport LT 16 GB,,"42,400","1,16",Red,13.333,16
TEAMGROUP T-Force Delta RGB 16 GB,,"43,000","2,8",White,10.667,16
Corsair Vengeance LPX 16 GB,,"43,000","2,8",Black / Yellow,10.667,16
Crucial Ballistix 16 GB,,"43,200","2,8",Red,10,16
G.Skill Trident Z RGB 256 GB,989,"42,666","8,32",Black,13.503,18
G.Skill Trident Z5 RGB 32 GB,117.99,"56,000","2,16",White / Black,10.667,32
ADATA XPG LANCER RGB 32 GB,141.99,"56,400","2,16",Black,10,32
G.Skill Trident Z Royal 32 GB,138.93,"43,600","2,16",Silver,8.889,16
Kingston FURY Renegade 32 GB,145.99,"56,400","2,16",Silver / White,10,32
Kingston FURY Impact 64 GB,214.99,"55,600","2,32",Black,14.286,40
G.Skill Ripjaws V 32 GB,69.99,"43,200","2,16",Red,10,16
Patriot Viper Venom RGB 32 GB,144.99,"57,400","2,16",Black / White,10.811,40
Kingston FURY 32 GB,120.1,"55,200","1,32",White,15.385,40
Kingston FURY Renegade 64 GB,340.42,"56,400","2,32",Silver / White,10,32
G.Skill Trident Z RGB 16 GB,1371.43,"43,866","2,8",Black,9.312,18
Corsair Vengeance RGB Pro 32 GB,139.99,"43,600","4,8",Black,10,18
G.Skill Ripjaws V 32 GB,,"44,400","2,16",Black,7.727,17
Corsair Dominator Platinum RGB 64 GB,234.99,"43,200","4,16",White,10,16
Kingston KVR16R11D4K4/64 64 GB,114.34,"31,600","4,16",Green,13.75,11
Mushkin Essentials 16 GB,37.61,"42,133","2,8",Black / Green,14.065,15
Kingston ValueRAM 8 GB,31.99,"42,133","1,8",Black / Green,14.065,15
Corsair Vengeance RGB 32 GB,,"55,600","2,16",Black,12.857,36
Kingston HyperX Fury 8 GB,33,"31,600","1,8",Black / Silver,12.5,10
Corsair Vengeance LPX 16 GB,,"43,000","2,8",White,10,15
G.Skill Trident Z RGB 32 GB,95.92,"43,000","2,16",Black,10.667,16
Crucial CT24G56C46S5 24 GB,73.1,"55,600","1,24",Black,16.429,46
Crucial CT6464AC667 0.5 GB,,"2,667","1,512",Green,14.993,5
G.Skill Ripjaws X 16 GB,,"31,866","2,8",Black / Blue,9.646,9
Kingston HyperX Fury 16 GB,,"31,333","2,8",Blue / Silver,13.503,9
Crucial CT4K4G4DFS8213 16 GB,,"42,133","4,4",Black / Green,14.065,15
Patriot Viper 4 8 GB,,"43,000","2,4",Black / Red,10.667,16
TEAMGROUP T-Force Delta RGB 16 GB,,"42,400","2,8",Black,12.5,15
Corsair Vengeance RGB Pro 64 GB,,"43,200","4,16",Black,10,16
Apacer AU 8 GB,,"43,200","1,8",Black,13.75,22
G.Skill Trident Z5 32 GB,,"56,000","2,16",Black / Silver,12,36
Acer Predator Apollo RGB 16 GB,,"43,600","2,8",Silver / Black,8.889,16
Klevv CRAS V RGB 32 GB,,"57,200","2,16",Black,9.444,34
GeIL EVO V RGB 48 GB,,"56,800","1,48",Black,10.588,36
GOODRAM IRDM 32 GB,,"56,400","2,16",Black,10,32
G.Skill Ripjaws 32 GB,63.99,"43,200","2,16",Black,13.75,22
G.Skill Trident Z Royal Elite 64 GB,219.99,"44,000","2,32",Gold,9,18
G.Skill Trident Z5 RGB 32 GB,119.99,"56,600","2,16",White / Black,10.303,34
G.Skill Ripjaws S5 48 GB,154.99,"56,000","2,24",Black,13.333,40
Corsair Vengeance RGB RT 16 GB,64.98,"43,600","2,8",Black,10,18
Corsair Dominator Platinum RGB 32 GB,179.99,"56,400","2,16",Black,11.875,38
Mushkin Enhanced Essentials 32 GB,75.56,"43,200","2,16",Black,13.75,22
G.Skill Trident Z 16 GB,1581.67,"44,000","2,8",Silver / Red,9,18
Kingston Fury Renegade RGB 128 GB,454.87,"43,600","4,32",Black / Silver,10,18
Corsair Vengeance RGB 32 GB,,"55,200","2,16",Black / Gray,15.385,40
TEAMGROUP T-Force Delta TUF Gaming Alliance RGB 32 GB,,"55,600","2,16",Black,12.857,36
Kingston Fury Renegade RGB 32 GB,162.68,"56,400","1,32",Silver / Black,10,32
Patriot Signature 4 GB,,"31,333","1,4",Green,13.503,9
Corsair Vengeance 16 GB,,"31,600","2,8",Black / Blue,11.25,9
G.Skill NT 16 GB,,"42,133","2,8",Black,14.065,15
Kingston ValueRAM 16 GB,129.99,"42,133","2,8",Black / Green,14.065,15
Corsair Vengeance LPX 32 GB,,"43,000","2,16",White,10,15
Corsair Vengeance RGB Pro 32 GB,369.47,"43,000","2,16",Black,10,15
G.Skill Trident Z5 RGB 32 GB,390,"55,600","2,16",White / Black,12.857,36
ADATA XPG LANCER RGB 32 GB,,"56,400","1,32",White,10,32
G.Skill Ripjaws V 32 GB,,"42,133","2,16",Red,14.065,15
Crucial CT2K8G4DFS8213 16 GB,99.99,"42,133","2,8",Black / Green,14.065,15
Corsair Vengeance LPX 32 GB,,"43,000","4,8",Black,10.667,16
Corsair Vengeance RGB 16 GB,,"43,000","2,8",Black,10.667,16
Corsair Vengeance RGB Pro 16 GB,,"44,700","2,8",Black,8.085,19
Corsair Vengeance RGB Pro 32 GB,,"43,466","2,16",White,9.233,16
G.Skill Ripjaws 32 GB,940.38,"42,666","4,8",Green,14.254,19
OLOy WarHawk RGB 128 GB,,"43,200","4,32",White,10,16
V-Color Prism Pro 32 GB,,"43,600","2,16",White,10,18
PNY XLR8 Gaming EPIC-X RGB 32 GB,,"43,200","2,16",White,10,16
Silicon Power XPOWER Zenith RGB Gaming 16 GB,,"43,600","2,8",Black,10,18
Silicon Power XPOWER Zenith RGB Gaming 32 GB,,"43,600","2,16",Black,10,18
G.Skill Trident Z RGB 32 GB,249.99,"43,600","2,16",Black,7.778,14
Samsung M393A1G40EB1-CRC 8 GB,22.95,"42,400","1,8",Green / Black,14.167,17
Mushkin Redline ST 64 GB,199.99,"56,400","2,32",Black,10,32
Mushkin Silverline 32 GB,59.99,"43,200","2,16",Silver,13.75,22
TEAMGROUP T-Force Vulcan 64 GB,164.99,"55,200","2,32",Black,15.385,40
Kingston FURY Beast RGB 16 GB,69.98,"55,600","1,16",Black,14.286,40
G.Skill Zeta R5 Neo 128 GB,999.99,"56,400","4,32",Black,10,32
Corsair Vengeance Pro 16 GB,105.36,"31,600","2,8",Black / Silver,11.25,9
Crucial CT8G4DFS8213 8 GB,21,"42,133","1,8",Black / Green,14.065,15
Samsung M391A2K43BB1-CPB 16 GB,48.37,"42,133","1,16",Black / Green,14.065,15
TEAMGROUP T-Force Delta RGB 32 GB,114.99,"55,600","2,16",Black,12.143,34
G.Skill Ripjaws V 32 GB,174.99,"43,600","4,8",Black,10,18
Thermaltake TOUGHRAM XG RGB 32 GB,299.99,"43,600","2,16",Black / Silver,10,18
Kingston Fury Beast RGB Special Edition 8 GB,33.98,"43,600","1,8",White,9.444,17
Micron MT16JTF1G64AZ-1G6E1 8 GB,15.99,"31,600","1,8",Green,13.75,11
G.Skill Trident X Series 16 GB,,"32,933","2,8",,8.183,12
ADATA AD3U1600W8G11-R 8 GB,,"31,600","1,8",Black / Green,13.75,11
Kingston HyperX Fury 8 GB,,"42,400","2,4",Black / White,12.5,15
Corsair Vengeance LPX 16 GB,,"42,400","2,8",Red,13.333,16
Corsair Vengeance RGB 16 GB,,"43,000","2,8",Black,10,15
G.Skill Ripjaws V 8 GB,,"43,600","1,8",Red / Black,10.556,19
OLOy WarHawk RGB 32 GB,,"43,200","2,16",Black / White,10,16
Kingston HyperX Fury 16 GB,,"43,200","1,16",Black / Silver,11.25,18
Corsair Vengeance LPX 16 GB,,"43,600","2,8",Black / Yellow,7.778,14
Corsair Vengeance RGB Pro 64 GB,,"44,000","2,32",Black,9,18
Klevv BOLT XR 16 GB,,"43,600","2,8",Gold,10,18
Kingston FURY Beast RGB 32 GB,117.63,"55,200","1,32",Black,15.385,40
G.Skill Ripjaws V 256 GB,516.19,"42,666","8,32",Red,14.254,19
GeIL Polaris RGB SYNC 32 GB,,"57,200","2,16",Black,10,36
Kingston Fury Renegade RGB 32 GB,239.99,"57,600","2,16",Silver / White,10,38
Mushkin Redline 96 GB,259.99,"55,600","2,48",Black,16.429,46
G.Skill Ripjaws V 64 GB,408.97,"43,600","2,32",Black,8.889,16
G.Skill Trident Z RGB 32 GB,213.93,"43,600","2,16",Black,9.444,17
Kingston KSM48R40BS8KMM-16HMR 32 GB,78.99,"54,800","1,32",Green,16.667,40
Kingston FURY Renegade Pro 16 GB,118.88,"56,400","1,16",Black / Gray,10,32
Corsair Vengeance RGB RT 64 GB,188.59,"43,200","4,16",Black,10,16
Corsair Vengeance RGB RT 32 GB,126.74,"43,600","4,8",Black,10,18
Patriot Viper 3 8 GB,13.99,"31,600","1,8",Black / Silver,12.5,10
Kingston FURY Beast RGB 32 GB,,"43,600","4,8",Black / Silver,9.444,17
Kingston FURY Beast 32 GB,124.99,"56,000","1,32",Black / Silver,13.333,40
Kingston FURY Renegade 32 GB,286.42,"57,600","2,16",Silver / Black,10,38
Silicon Power SP004GBLTU160N02 4 GB,11.31,"31,600","1,4",Black / Green,13.75,11
Kingston FURY Beast 8 GB,63.12,"43,200","2,4",Black / Silver,10,16
Kingston FURY 32 GB,126.76,"55,600","1,32",White,14.286,40
Corsair Vengeance Pro 32 GB,,"31,600","4,8",Black / Red,11.25,9
Mushkin 971130A 1 GB,,400,"1,1",Black / Green,15,3
Kingston KVR13LL9Q4K4/128I 128 GB,,"31,333","4,32",Silver,13.503,9
G.Skill Ripjaws V 32 GB,,"42,400","4,8",Black / Red,12.5,15
TEAMGROUP Vulcan 16 GB,,"43,000","2,8",Black / Gray,10.667,16
Crucial Ballistix Sport LT 8 GB,,"42,666","1,8",,12.003,16
ADATA XPG SPECTRIX D41 16 GB,,"43,000","2,8",Red / Black,10.667,16
Crucial Ballistix 16 GB,,"43,000","2,8",Black,10,15
Timetec 75TT21NU 8 GB,32.99,"42,133","2,4",Black,14.065,15
Corsair Dominator Platinum RGB 32 GB,,"54,800","2,16",Black,14.167,34
VisionTek OCPC PISTA RGB 32 GB,319.99,"55,200","2,16",Gray,13.846,36
OLOy Blade RGB 32 GB,,"56,000","2,16",Black,10.667,32
Kingston ValueRAM 16 GB,,"42,933","1,16",Green,14.32,21
TEAMGROUP T-Force DELTAα RGB 16 GB,,"55,600","1,16",Black,14.286,40
Klevv CRAS XR5 RGB 32 GB,,"56,000","2,16",White / Black,10.667,32
G.Skill Ripjaws 32 GB,102.99,"54,800","2,16",Black / Silver,14.167,34
TEAMGROUP Elite 16 GB,30.99,"42,666","1,16",Black,14.254,19
G.Skill Trident Z Neo 32 GB,,"44,000","2,16",Black / Silver,8,16
Crucial CT2K16G52C42S5 32 GB,103.99,"55,200","2,16",Black,16.154,42
Mushkin Redline 16 GB,84.99,"43,600","2,8",White,7.778,14
G.Skill Ripjaws S5 32 GB,,"56,000","2,16",Black,13.333,40
G.Skill Flare X 32 GB,191.68,"43,200","4,8",Black,8.75,14
Samsung M386B4G70DM0-YK0 32 GB,,"31,600","1,32",Silver,13.75,11
Kingston FURY Renegade 48 GB,199.99,"56,400","2,24",Silver / Black,10,32
Crucial CT2K16G4DFRA266 32 GB,69.98,"42,666","2,16",Green,14.254,19
G.Skill Zeta R5 Neo 192 GB,1599.99,"56,400","4,48",Black,10,32
Lexar Ares OC 32 GB,122.01,"55,200","2,16",Black,14.615,38
PNY XLR8 Gaming EPIC-X RGB 16 GB,69.99,"44,000","2,8",Black,9,18
G.Skill Trident Z RGB 16 GB,229,"44,400","2,8",Black,8.182,18
Kingston Fury Renegade RGB 32 GB,92.99,"43,600","1,32",Black,10,18
Corsair Vengeance RGB Pro 128 GB,314.99,"43,000","4,32",Black,10.667,16
Corsair Vengeance 16 GB,155,"31,600","4,4",Black / Blue,11.25,9
Patriot Viper Venom RGB 16 GB,,"43,200","2,8",Black / Silver,10,16
Crucial Ballistix Sport LT 8 GB,,"43,000","1,8",Red / Black,10,15
Corsair Vengeance 16 GB,,"31,600","4,4",Black / Yellow,11.25,9
ADATA XPG Z1 8 GB,,"42,800","2,4",Red / Black,12.143,17
TEAMGROUP Elite 4 GB,16.92,"31,600","1,4",Black,13.75,11
PNY Anarchy 16 GB,,"42,400","2,8",Black / Blue,12.5,15
Corsair Vengeance LPX 8 GB,,"43,200","2,4",Black / Yellow,10,16
Patriot Viper 4 16 GB,,"43,000","2,8",Black / Red,10.667,16
Crucial CT8G4DFD824A 8 GB,22,"42,400","1,8",Green,14.167,17
GeIL EVO SPEAR 16 GB,,"43,000","2,8",Black / Orange,10.667,16
Crucial CT2K102464BD186D 16 GB,79.98,"31,866","2,8",Green / Black,13.934,13
TEAMGROUP T-Force Vulcan TUF Gaming Alliance 16 GB,,"43,600","2,8",Black / Gold,10.556,19
G.Skill Ripjaws V 256 GB,,"43,600","8,32",Black,8.889,16
V-Color Manta XPrism RGB 32 GB,,"56,000","2,16",White,12,36
Corsair Vengeance LPX 16 GB,,"43,200","1,16",Black,10,16
TEAMGROUP T-Force Delta RGB 8 GB,,"43,600","1,8",Black,10,18
ADATA XPG GAMMIX D45 16 GB,,"43,200","2,8",White,10,16
G.Skill Trident Z Royal 64 GB,,"44,600","2,32",Gold,8.696,20
GeIL EVO V RGB 24 GB,,"58,400","1,24",Black,10,42
GOODRAM IRDM 64 GB,,"56,800","2,32",Black,10,34
Netac Shadow II 16 GB,,"43,200","2,8",Black,10,16
TEAMGROUP T-Force Vulcan 32 GB,116.83,"56,000","1,32",Red,12.667,38
OLOy ND4U1632161DB1DA 32 GB,,"43,200","2,16",Black / Gold,10,16
Corsair Dominator Platinum RGB 32 GB,124.99,"43,466","2,16",Black,9.233,16
G.Skill Ares 16 GB,54.54,"32,400","2,8",Black / Blue,9.167,11
G.Skill Trident Z5 RGB 32 GB,113.99,"55,600","2,16",Silver / Black,12.857,36
G.Skill Trident Z Royal 64 GB,,"44,000","2,32",Silver,9,18
Corsair Dominator Platinum RGB 32 GB,159.99,"55,600","2,16",Gray / Black,12.857,36
ADATA XPG LANCER RGB 32 GB,,"57,200","2,16",White,9.444,34
Corsair Dominator Platinum RGB 32 GB,129.99,"43,600","2,16",Black,10,18
G.Skill Trident Z5 RGB 32 GB,132.83,"56,000","2,16",Silver / Black,13.333,40
G.Skill Aegis 64 GB,169,"42,400","4,16",Black / Red,12.5,15
Corsair Vengeance LPX 32 GB,859.99,"44,133","2,16",Black / Yellow,9.194,19
Corsair Vengeance RGB RT 32 GB,99.99,"43,200","2,16",White / Black,10,16
Kingston FURY Beast 32 GB,102.98,"42,666","4,8",Black,12.003,16
Kingston FURY Renegade 32 GB,129.49,"56,000","1,32",Silver / White,10.667,32
G.Skill Trident Z Royal Elite 64 GB,277.28,"44,266","2,32",Gold,8.908,19
Corsair Vengeance RGB Pro 16 GB,69.98,"43,200","2,8",Black,10,16
ADATA XPG GAMMIX D10 16 GB,78.84,"43,600","2,8",Black,10,18
G.Skill Sniper 16 GB,199,"31,866","2,8",Black / Red,9.646,9
Patriot Viper Elite II 4 GB,17.79,"42,666","1,4",Red / Black,12.003,16
Mushkin 996573 4 GB,16.8,"31,066","2,2",Green,13.133,7
G.Skill Flare X 16 GB,45.09,"42,400","2,8",Black,12.5,15
Corsair Vengeance RGB Pro 32 GB,,"43,000","4,8",Black,10,15
Gigabyte AORUS RGB 32 GB,,"54,800","2,16",Gray,16.667,40
Crucial CT2CP6464AA667 1 GB,,"2,667","2,512",Green,14.993,5
Kingston KVR1333D3N9/8G 8 GB,,"31,333","1,8",Green,13.503,9
Samsung M378B5273EB0-CK0 4 GB,,"31,600","1,4",Green,13.75,11
G.Skill Ripjaws 4 16 GB,,"42,133","2,8",Red,14.065,15
Corsair Dominator Platinum 16 GB,,"43,200","2,8",Black / Silver,10,16
Corsair Vengeance LPX 32 GB,,"43,200","4,8",White,10,16
G.Skill FORTIS 16 GB,,"42,400","2,8",Black / Red,12.5,15
TEAMGROUP Night Hawk RGB 16 GB,,"43,200","2,8",Black,10,16
OLOy MD4U082619BBDA 16 GB,,"42,666","2,8",Black / Red,14.254,19
G.Skill Ripjaws V 256 GB,572.92,"42,666","8,32",Black,13.503,18
Crucial Ballistix 32 GB,,"43,600","2,16",Red,8.889,16
TEAMGROUP Team T-Force Night Hawk RGB 16GB (2 x 8GB) 288-Pin DDR4 SDRAM DDR4 3600 (PC4 28800) Desktop Memory Model TF2D416G3600HC18JDC01 16 GB,,"43,600","2,8",White,10,18
Neo Forza FAYE 16 GB,,"43,000","2,8",Silver / Black,10,15
Klevv CRAS X RGB 16 GB,,"43,200","1,16",Black,10,16
Kingston FURY Renegade 16 GB,,"43,600","1,16",Black,8.889,16
TEAMGROUP T-Force Delta RGB 16 GB,,"43,200","1,16",Black,10,16
TEAMGROUP T-Force Delta RGB 8 GB,,"43,200","1,8",Black,10,16
G.Skill Ripjaws S5 32 GB,,"55,200","2,16",Black,15.385,40
ADATA XPG SPECTRIX D60G 16 GB,,"43,600","2,8",Gray,10,18
Crucial Ballistix 8 GB,,"43,200","1,8",Red,10,16
Corsair Vengeance Performance 32 GB,66.99,"42,666","2,16",Black / Yellow,13.503,18
Mushkin Redline Lumina White 32 GB,129.99,"56,000","2,16",White,10,30
TEAMGROUP T-Create Classic 32 GB,91.99,"55,600","1,32",Black,16.429,46
Corsair Vengeance LPX 32 GB,159.99,"44,000","4,8",Black / Yellow,9.5,19
G.Skill Trident Z5 RGB 64 GB,214.99,"56,000","2,32",White / Black,10,30
Corsair Vengeance RGB RT 32 GB,99.99,"43,600","2,16",Black,10,18
Corsair Vengeance RGB Pro SL 64 GB,186.25,"43,200","4,16",White,10,16
Corsair Vengeance LPX 64 GB,154.99,"43,000","4,16",Black,10.667,16
Corsair Vengeance RGB Pro SL 64 GB,189.99,"43,200","4,16",Black,10,16
G.Skill Trident Z RGB 64 GB,263.05,"43,600","4,16",Black,9.444,17
Corsair Vengeance RGB 32 GB,127.99,"56,000","2,16",Black / Silver,12,36
G.Skill Ripjaws V 16 GB,222,"43,000","2,8",Black / Red,10,15
G.Skill Ripjaws 32 GB,89.99,"54,800","2,16",Black / Silver,16.667,40
Crucial CT16G4DFRA266 16 GB,35.99,"42,666","1,16",Green,14.254,19
G.Skill Ripjaws S5 32 GB,106.99,"56,000","2,16",Black,10.667,32
Samsung M386B4G70DM0-CMA 32 GB,,"31,866","1,32",Silver,13.934,13
Kingston Fury Renegade RGB 32 GB,,"43,600","4,8",Black / Silver,8.889,16
Corsair Vengeance RGB Pro SL 128 GB,314.99,"43,200","4,32",Black,10,16
Thermaltake TOUGHRAM XG RGB 16 GB,125.38,"44,400","2,8",White / Silver,8.636,19
Corsair Vengeance RGB 32 GB,,"56,000","2,16",Black / Gray,12,36
Timetec 75TT36NU2R8-16GK2 32 GB,105.99,"43,600","2,16",Blue,10,18
Kingston FURY Renegade 16 GB,122.9,"57,200","1,16",White / Silver,10.556,38
G.Skill NS 2 GB,10.63,"31,333","1,2",Green,13.503,9
Kingston KVR1333D3S8N9/2G 2 GB,17.39,"31,333","1,2",Green,13.503,9
HP B4U37AA 8 GB,,"31,600","1,8",Black / Blue,13.75,11
Corsair Vengeance LPX 32 GB,,"42,133","4,8",Black,14.065,15
Crucial Ballistix Sport LT 4 GB,,"42,400","1,4",Silver,13.333,16
Kingston HyperX Fury 16 GB,,"31,600","2,8",Black,12.5,10
Kingston HyperX Savage 16 GB,,"43,000","4,4",Black / White,10,15
Crucial Ballistix Sport LT 32 GB,,"42,400","2,16",White,13.333,16
Crucial Ballistix Sport LT 16 GB,,"42,400","2,8",White,13.333,16
Corsair Vengeance RGB 16 GB,,"43,200","2,8",Black,10,16
Crucial CT4K16G4WFD8266 64 GB,,"42,666","4,16",Green,14.254,19
TEAMGROUP T-Force Vulcan 32 GB,,"43,200","4,8",Silver / Black,10,16
Patriot Viper Elite 8 GB,,"42,666","2,4",Silver,12.003,16
GeIL EVO POTENZA 8 GB,,"42,400","1,8",Red / Black,13.333,16
ADATA AD4U2400W4G17-S 4 GB,,"42,400","1,4",Green / Black,14.167,17
Patriot Viper Steel 16 GB,,"44,000","2,8",Silver / Black,9.5,19
Crucial Ballistix Elite 32 GB,,"43,600","4,8",Black,8.889,16
ADATA XPG SPECTRIX D41 32 GB,,"43,200","2,16",Gray,10,16
Crucial Ballistix RGB 16 GB,,"43,200","2,8",White,10,16
TEAMGROUP Team T-FORCE VULCAN Z 32GB 288-Pin DDR4 SDRAM DDR4 3000 (PC4 24000) Desktop Memory Model TLZGD432G3000HC16C01 32 GB,,"43,000","1,32",Gray,10.667,16
Corsair Dominator Platinum RGB 64 GB,,"55,200","2,32",Black,14.615,38
G.Skill Trident Z Royal 16 GB,,"45,333","2,8",Silver,8.251,22
TEAMGROUP T-Force Dark Za 16 GB,,"43,200","2,8",Black,10,16
G.Skill Ripjaws V 8 GB,22.99,"42,400","1,8",Red,14.167,17
TEAMGROUP T-Force DELTAα RGB 16 GB,,"56,000","1,16",Black,12.667,38
TEAMGROUP T-Force Vulcan Eco 32 GB,,"56,000","2,16",Silver,10,30
Kingston FURY Impact 16 GB,41.99,"43,200","2,8",Black,12.5,20
Crucial CT2K32G52C42S5 64 GB,219.99,"55,200","2,32",Black,16.154,42
Crucial CT48G56C46S5 48 GB,159.85,"55,600","1,48",Black,16.429,46
G.Skill Trident Z RGB 32 GB,1321.79,"43,200","4,8",Black,8.75,14
G.Skill Ripjaws S5 64 GB,197.99,"55,600","2,32",White,10.714,30
Kingston FURY Renegade 64 GB,239.99,"56,000","2,32",Silver / Black,10.667,32
G.Skill Sniper Gaming 16 GB,54.06,"31,866","2,8",Black / Red,10.718,10
G.Skill Ripjaws V 16 GB,45.84,"42,400","2,8",Blue,12.5,15
G.Skill Trident Z RGB 16 GB,54.99,"42,666","2,8",Black,13.503,18
GeIL Orion AMD Edition 32 GB,,"43,200","2,16",Red,10,16
ADATA XPG LANCER RGB 32 GB,,"56,000","1,32",White,10,30
ADATA XPG CASTER RGB 16 GB,291.64,"56,400","1,16",Black / Silver,12.5,40
G.Skill Value 4 GB,12.54,"31,333","1,4",Green,13.503,9
Corsair Vengeance RGB Pro 16 GB,64.98,"43,200","2,8",Black,10,16
G.Skill Trident Z Royal 64 GB,225.92,"44,000","2,32",Gold,9,18
Patriot Viper 4 Blackout 16 GB,149.19,"44,400","2,8",Black,8.182,18
Corsair Vengeance LPX 32 GB,79.98,"42,666","2,16",Red,12.003,16
Corsair Vengeance LPX 16 GB,114.99,"43,200","2,8",Black,10,16
Corsair Vengeance LPX 256 GB,624.99,"42,666","8,32",Black / Yellow,12.003,16
Patriot Signature 4 GB,,"31,600","1,4",Black,13.75,11
Corsair Vengeance LPX 128 GB,,"43,000","8,16",Black / Yellow,10,15
Corsair Dominator Platinum RGB 32 GB,144.99,"44,000","2,16",Black,9.5,19
Corsair Vengeance LPX 16 GB,84.99,"44,000","2,8",Black,9,18
G.Skill Trident Z Royal 32 GB,,"44,000","2,16",Silver,8,16
G.Skill TridentZ RGB 32 GB,,"44,400","2,16",Black,7.727,17
G.Skill Ripjaws 4 8 GB,31.72,"42,400","2,4",Red,12.5,15
Corsair Vengeance LPX 8 GB,24.99,"42,666","1,8",Red,12.003,16
Corsair Vengeance RGB 32 GB,296.7,"43,466","4,8",Black,9.233,16
TEAMGROUP T-Force Delta RGB 32 GB,,"43,200","2,16",Black / Silver,10,16
Timetec PINNACLE Konduit RGB 16 GB,44.55,"43,200","1,16",White,10,16
GOODRAM IRDM 64 GB,,"56,000","2,32",Black,10,30
Kingston Value 4 GB,,"31,333","2,2",Green,13.503,9
Corsair Vengeance Pro 16 GB,,"32,400","2,8",Black / Gold,9.167,11
Corsair Dominator Platinum 32 GB,,"43,000","2,16",Black / Silver,10,15
G.Skill Aegis 8 GB,22.46,"42,400","1,8",Black / Red,12.5,15
ADATA XPG Z1 16 GB,,"43,200","1,16",Yellow / Black,10,16
Kingston KCP421ND8/16 16 GB,33.4,"42,133","1,16",Green / Black,14.065,15
ADATA XPG SPECTRIX D41 16 GB,,"43,200","2,8",Black / White,10,16
Kingston HyperX Predator 8 GB,,"42,666","1,8",Black,9.752,13
Corsair Vengeance LPX 128 GB,,"44,000","8,16",Black / Yellow,9.5,19
Corsair Dominator Platinum RGB 32 GB,159.99,"43,200","4,8",White,10,16
G.Skill Trident Z Royal Elite 16 GB,109.99,"43,600","2,8",Silver,8.889,16
TEAMGROUP T-Create Expert 16 GB,,"43,200","2,8",Gray,8.75,14
Thermaltake TOUGHRAM XG RGB 64 GB,539.99,"43,600","2,32",Black / Silver,10,18
TEAMGROUP Elite 32 GB,,"56,000","2,16",Black,16,48
Thermaltake TOUGHRAM Z-ONE RGB 32 GB,,"54,800","2,16",Black,16.667,40
ADATA XPG Lancer Blade RGB 16 GB,,"56,400","1,16",Black,10,32
G.Skill Ripjaws 16 GB,34.99,"42,400","2,8",Black,13.333,16
Crucial CT8G4SFS824A 8 GB,19.98,"42,400","1,8",Green / Black,14.167,17
Corsair Vengeance RGB RT 64 GB,199.99,"43,600","4,16",Black,10,18
Apacer Panther 32 GB,,"56,400","2,16",Silver / Black,10,32
G.Skill Trident Z RGB 16 GB,79.98,"43,600","2,8",Black,9.444,17
TEAMGROUP T-Force Vulcan Z 16 GB,49.99,"44,000","2,8",Red,9,18
G.Skill Value 8 GB,,"31,600","2,4",Black,13.75,11
G.Skill Trident Z Royal 128 GB,339.99,"43,600","4,32",Gold,10,18
Silicon Power SP008GLSTU160N02 8 GB,,"31,600","1,8",Green,13.75,11
TEAMGROUP T-Force Xtreem ARGB 32 GB,,"44,000","2,16",,9,18
G.Skill Trident Z RGB 16 GB,169.99,"44,600","2,8",Black,7.826,18
Silicon Power SP008GLLTU160N02 8 GB,,"31,600","1,8",Green,13.75,11
G.Skill Trident Z Royal 16 GB,89.99,"43,600","2,8",Silver,8.889,16
TEAMGROUP T-Create Classic 64 GB,119.99,"43,200","2,32",Silver,13.75,22
G.Skill Trident Z Royal 16 GB,,"44,800","2,8",Silver,8.333,20
Kingston FURY Beast 8 GB,31.29,"43,733","1,8",Black,10.179,19
G.Skill Ripjaws V 128 GB,458.47,"43,200","4,32",Red,8.75,14
Mushkin Enhanced Essentials 64 GB,112.04,"42,933","2,32",Black,14.32,21
Mushkin Redline Lumina White 32 GB,117.98,"56,800","2,16",White,10,34
G.Skill Trident Z RGB 32 GB,379,"43,600","4,8",Black,9.444,17
G.Skill Trident Z5 32 GB,136.57,"56,000","2,16",Black,13.333,40
TEAMGROUP Elite 8 GB,21.53,"31,600","1,8",Black,13.75,11
Crucial CT2KIT204864BF160B 32 GB,327.61,"31,600","2,16",Black / Green,13.75,11
Corsair Vengeance RGB Pro 32 GB,,"42,666","4,8",Black,12.003,16
Gigabyte DESIGNARE 64 GB,221.9,"43,200","2,32",White / Black,10,16
G.Skill Ripjaws V 32 GB,,"44,000","2,16",Black,8,16
ADATA AD5U480016G-DT 32 GB,136,"54,800","2,16",Black,16.667,40
OLOy Blade RGB 32 GB,154.99,"57,600","2,16",Black,9.474,36
Corsair XMS2 2 GB,74.95,"2,800","2,1",Black / Purple,10,4
G.Skill Value 8 GB,17.48,"31,600","1,8",Black,13.75,11
Mushkin Essentials 8 GB,15.45,"31,600","1,8",Black / Green,13.75,11
Corsair Vengeance LPX 32 GB,250.3,"42,666","2,16",White,12.003,16
G.Skill Ripjaws V 32 GB,,"43,000","2,16",Red,10.667,16
Corsair Vengeance LPX 32 GB,,"43,600","2,16",Black / Yellow,8.889,16
TEAMGROUP T-Force Xtreem ARGB 32 GB,106.6,"43,200","2,16",White,10,16
PNY XLR8 Gaming EPIC-X RGB 16 GB,,"43,200","1,16",Black,10,16
Kingston FURY 16 GB,,"42,400","1,16",Black / Silver,12.5,15
TEAMGROUP Elite Plus 16 GB,,"42,400","2,8",Red / Black,13.333,16
GeIL Pristine 16 GB,,"42,400","1,16",Black,13.333,16
TEAMGROUP T-Force Vulcan Z 32 GB,,"43,200","2,16",Red,10,16
Kingston HyperX Fury RGB 64 GB,,"43,200","4,16",Black,10,16
TEAMGROUP T-Force Dark Z 16 GB,,"43,600","2,8",Silver,10,18
Samsung Samsung DDR4-2933 32GB/2Gx4 ECC/REG CL21 Server Memory 32 GB,,"42,933","1,32",Green / Black,14.32,21
Kingston HyperX Fury RGB 16 GB,,"43,733","2,8",Black / Silver,10.179,19
Kingston HyperX Fury RGB 32 GB,,"43,600","2,16",Black / Silver,9.444,17
G.Skill Trident Z5 RGB 32 GB,,"56,000","2,16",Black,12,36
Lexar Hades RGB 16 GB,,"43,200","2,8",Black,11.25,18
TEAMGROUP T-Force Vulcan 32 GB,,"54,800","2,16",Black,15,36
G.Skill Trident Z Royal 16 GB,,"45,333","2,8",Gold,8.251,22
G.Skill Trident Z Royal 64 GB,,"44,400","2,32",Silver,8.636,19
Patriot Signature Line 4 GB,17.79,"42,666","1,4",,14.254,19
Neo Forza FAYE 32 GB,,"43,600","2,16",Black / Silver,10,18
PROXMEM UNDERWORLD TUF 32 GB,,"56,800","2,16",Black / Gray,10,34
Kingston FURY Beast RGB 32 GB,90.75,"43,200","1,32",Black / Silver,10,16
TEAMGROUP T-Force Vulcan 16 GB,,"56,000","1,16",Red,12.667,38
Acer Predator Pallas II 32 GB,,"56,000","2,16",Silver,10,30
Crucial CT32G48C40S5 32 GB,87.25,"54,800","1,32",Black,16.667,40
Corsair Dominator Platinum RGB 64 GB,264.99,"43,600","4,16",Black,8.889,16
Crucial CT2K8G4SFS832A 16 GB,57.19,"43,200","2,8",Green / Black,13.75,22
TEAMGROUP T-Force Vulcan 32 GB,94.99,"55,600","2,16",Red,12.857,36
TEAMGROUP Elite Plus 16 GB,45.99,"54,800","1,16",Black,16.667,40
G.Skill Trident Z 64 GB,,"43,200","4,16",Silver / White,8.75,14
Kingston FURY Renegade Pro 32 GB,149.99,"55,600","1,32",Black,10,28
Kingston KVR16R11D4/8I 8 GB,11.95,"31,600","1,8",Green,13.75,11
G.Skill Trident Z Royal 32 GB,128.22,"43,200","2,16",Gold,10,16
TEAMGROUP T-Force Xtreem ARGB 16 GB,,"43,600","2,8",White,7.778,14
Kingston Fury Renegade RGB 32 GB,99.99,"43,200","2,16",Black,10,16
Lexar Ares RGB 16 GB,78.33,"44,000","2,8",White,9,18
Kingston FURY Beast RGB 32 GB,118.18,"55,600","1,32",Black,12.857,36
TEAMGROUP T-Force Vulcan alpha 32 GB,94.99,"56,000","2,16",Red,12.667,38
Patriot Viper Venom RGB 64 GB,187.99,"55,600","2,32",Black / White,14.286,40
Kingston FURY Beast 16 GB,45,"42,666","1,16",Black,12.003,16
G.Skill Trident Z RGB 128 GB,,"43,200","4,32",,8.75,14
VisionTek Adrenaline 4 GB,109.89,"2,800","1,4",Green,15,6
Corsair ValueSelect 32 GB,79.98,"42,666","1,32",Black,13.503,18
G.Skill Ripjaws S5 32 GB,,"55,600","2,16",White,14.286,40
Kingston HyperX 8 GB,77.58,"31,600","2,4",Blue / Silver,11.25,9
Kingston KVR13N9K2/16 16 GB,118.97,"31,333","2,8",Green,13.503,9
G.Skill Ripjaws 32 GB,79.76,"42,133","4,8",Red,14.065,15
G.Skill Ripjaws V 8 GB,34.99,"43,200","2,4",Red,10,16
Patriot Viper Steel 16 GB,,"44,133","2,8",Silver / Black,9.194,19
Thermaltake TOUGHRAM RGB 16 GB,129.99,"43,200","2,8",White / Silver,10,16
G.Skill Ripjaws V 16 GB,,"44,600","2,8",Black,8.261,19
Kingston Fury Renegade RGB 64 GB,299.85,"43,600","4,16",Black / Silver,8.889,16
Corsair Dominator Platinum RGB 32 GB,174.99,"56,200","2,16",Black,11.613,36
Kingston FURY Renegade Pro 256 GB,1446.73,"56,000","8,32",Black,10.667,32
Kingston ValueRAM 2 GB,12.4,"2,667","1,2",Green,14.993,5
Corsair Vengeance 12 GB,74.98,"31,600","3,4",Black / Silver,11.25,9
Corsair Dominator Platinum 16 GB,,"31,866","2,8",Black / Silver,9.646,9
Kingston KHX1600C10D3B1/8G 8 GB,,"31,600","1,8",Blue / Silver,12.5,10
Corsair Vengeance LP 16 GB,79.98,"31,600","2,8",Black / Yellow,11.25,9
Kingston HyperX Beast 32 GB,,"31,866","4,8",Black,10.718,10
G.Skill F2-9600CL5D-4GBPI 4 GB,,"21,200","2,2",,8.333,5
AMD R9 2400 16 GB,,"32,400","2,8",Black / Silver,9.167,11
Kingston HyperX Fury 8 GB,,"31,600","2,4",Black / Silver,12.5,10
Kingston HyperX Fury 4 GB,39.79,"31,866","1,4",Blue / Silver,10.718,10
Corsair ValueSelect 8 GB,,"31,600","1,8",Black / Green,13.75,11
Corsair Vengeance LPX 8 GB,,"43,000","2,4",Black / Yellow,10,15
G.Skill Aegis 8 GB,,"42,133","2,4",Black / Red,14.065,15
Corsair Vengeance LED 64 GB,,"43,000","4,16",Black / White,10,15
TEAMGROUP T-Force Delta RGB 8 GB,,"43,000","2,4",Black,10.667,16
GeIL SUPER LUCE RGB 16 GB,,"43,200","2,8",Black,10,16
Micron MTA18ADF2G72AZ-3G2E1 16 GB,,"43,200","1,16",Black / Green,13.75,22
OLOy OWL 32 GB,,"43,600","2,16",Orange,10,18
TEAMGROUP T-Force Vulcan Z 8 GB,26.85,"43,600","1,8",Red / Black,10,18
G.Skill TridentZ RGB 64 GB,,"44,266","2,32",Black,8.908,19
Corsair Dominator Platinum RGB 16 GB,72,"43,200","2,8",Black,10,16
TEAMGROUP T-Force Delta RGB 32 GB,,"44,000","2,16",White,9,18
G.Skill Trident Z5 RGB 32 GB,,"55,600","2,16",Black,10,28
ADATA XPG GAMMIX D45 32 GB,,"43,600","2,16",White,10,18
Silicon Power SP008GBLFU320X02 8 GB,,"43,200","1,8",,13.75,22
Corsair Vengeance RGB 64 GB,,"55,600","2,32",Gray,12.857,36
TEAMGROUP T-Force DELTAα RGB 8 GB,,"55,200","1,8",Black,14.615,38
Kingston FURY Beast RGB 16 GB,,"43,200","2,8",Black / Silver,10,16
Kingston ValueRAM 32 GB,111.42,"55,600","1,32",Green / Black,16.429,46
Crucial Pro Overclocking 48 GB,,"56,000","2,24",Black,12,36
Crucial CT2K32G56C46S5 64 GB,209.99,"55,600","2,32",Black,16.429,46
Kingston FURY Impact 32 GB,75.98,"43,200","2,16",Black,12.5,20
Mushkin Redline 32 GB,126.21,"43,200","2,16",White,8.75,14
Crucial CT32G56C46S5 32 GB,100.99,"55,600","1,32",Black,16.429,46
Crucial CT16G56C46S5 16 GB,54.74,"55,600","1,16",Black,16.429,46
Mushkin Redline Lumina 32 GB,154.99,"44,133","2,16",White,9.194,19
Corsair Dominator Platinum RGB 32 GB,164.99,"55,600","2,16",Black / Silver,12.857,36
G.Skill Trident Z Neo 64 GB,541.04,"43,600","4,16",Silver / Black,8.889,16
TEAMGROUP T-Force Delta RGB 64 GB,134.99,"43,200","2,32",Black,10,16
Patriot Viper Venom RGB 32 GB,122.99,"57,000","2,16",Black / White,11.429,40
Lexar Ares RGB 16 GB,78.9,"43,866","2,8",White,9.312,18
Patriot Viper Venom RGB 32 GB,112.99,"56,400","2,16",Black / White,12.5,40
G.Skill NS 16 GB,39.47,"42,400","2,8",Black,12.5,15
Corsair Vengeance RGB Pro 32 GB,823.96,"44,266","4,8",Black,8.908,19
G.Skill Trident Z Royal 32 GB,,"44,400","2,16",Silver,8.636,19
Patriot Viper Xtreme 5 RGB 48 GB,237.99,"57,600","2,24",Black,9.474,36
Kingston FURY Renegade Pro 16 GB,79.99,"54,800","1,16",Black,15,36
G.Skill Ripjaws V 64 GB,929.17,"43,600","4,16",Black,7.778,14
Corsair Dominator Platinum RGB 64 GB,224.99,"55,600","2,32",Black,14.286,40
G.Skill F4-3200C16Q2-128GTZSK 128 GB,,"43,200","8,16",Gray / Black,10,16
Corsair Vengeance RGB Pro 32 GB,564.26,"43,200","4,8",Black,8.75,14
Silicon Power SP008GBLFU213B02 8 GB,19.01,"42,133","1,8",,14.065,15
Silicon Power SP016GBLFU320X02 16 GB,,"43,200","1,16",,13.75,22
Kingston FURY Renegade 16 GB,172.7,"58,000","1,16",Silver / Black,9.5,38
Kingston HyperX 16 GB,279.95,"31,600","4,4",Blue / Silver,11.25,9
Corsair XMS3 16 GB,79.98,"31,600","2,8",Black / Silver,11.25,9
Samsung M393B2G70BH0-YH9 16 GB,28.6,"31,333","1,16",Black / Green,13.503,9
Crucial CT16G4DFD8213 16 GB,,"42,133","1,16",Green,14.065,15
Kingston FURY Beast RGB 16 GB,77.64,"55,600","1,16",Black,14.286,40
Kingston FURY Renegade 32 GB,,"43,200","2,16",Black,10,16
PNY XLR8 Gaming EPIC-X RGB 16 GB,142.99,"43,600","2,8",White,10,18
Patriot Viper Venom RGB 32 GB,134.99,"57,200","2,16",Black / White,11.111,40
Mushkin Enhanced Essentials 16 GB,49.92,"43,200","2,8",Black,13.75,22
Corsair XMS2 4 GB,,"21,066","2,2",Black / Purple,9.381,5
Crucial CT12864BA1067 1 GB,,"31,066","1,1",Green,13.133,7
Patriot Extreme Performance 4 GB,43.1,"2,800","2,2",Black / Green,12.5,5
Kingston HyperX Blu 8 GB,,"31,333","2,4",Blue / Silver,13.503,9
G.Skill Ripjaws X 8 GB,,"31,866","2,4",Black / Blue,8.574,8
Corsair Dominator Platinum 32 GB,,"31,600","4,8",Black / Silver,8.75,7
Kingston KVR16E11S8/4 4 GB,27.75,"31,600","1,4",Green,13.75,11
Corsair Vengeance LPX 16 GB,,"43,000","2,8",Blue,10,15
G.Skill Trident Z RGB 16 GB,,"42,400","2,8",Black,12.5,15
Corsair Vengeance RGB 128 GB,,"43,800","8,16",Black,10,19
Gigabyte AORUS RGB 16 GB,,"43,200","2,8",Silver,10,16
Corsair Vengeance RGB Pro 32 GB,,"44,400","4,8",Black,8.182,18
G.Skill Trident Z Neo 16 GB,,"43,600","2,8",Black / Silver,7.778,14
Kingston HyperX Fury RGB 8 GB,,"43,000","1,8",Black,10,15
TEAMGROUP T-Force Dark Z 16 GB,,"43,200","2,8",Red / Black,10,16
Crucial Ballistix 64 GB,,"43,200","2,32",Black,10,16
ADATA XPG GAMMIX D30 16 GB,,"43,200","2,8",,10,16
Corsair Vengeance LPX 128 GB,,"44,000","4,32",Black,9,18
Kingston KSM26ED8/32ME 32 GB,,"42,666","1,32",Green,14.254,19
OLOy Blade RGB 16 GB,,"43,200","2,8",White,10,16
Corsair Dominator Platinum RGB 32 GB,,"55,200","2,16",Black,14.615,38
GeIL Polaris RGB 32 GB,,"54,800","2,16",Red / Black,16.667,40
G.Skill TridentZ RGB 16 GB,,"44,000","2,8",Black,8,16
VisionTek 901513 32 GB,389.99,"54,800","1,32",,16.667,40
ADATA XPG GAMMIX D45 32 GB,,"43,600","2,16",Black,10,18
ADATA XPG GAMMIX D45 16 GB,,"43,200","1,16",Black,10,16
Mushkin Redline 64 GB,,"43,600","2,32",White,7.778,14
G.Skill Ripjaws 4 8 GB,,"43,200","1,8",Black,10,16
OLOy Blade RGB 32 GB,,"57,200","2,16",Black,8.889,32
PROXMEM UNDERWORLD TUF 32 GB,,"56,000","2,16",Black / Gray,10,30
ADATA XPG CASTER RGB 32 GB,,"56,000","2,16",Black / Silver,13.333,40
Klevv CRAS XR5 RGB 32 GB,,"58,000","2,16",White / Black,9.5,38
Mushkin Redline ST 32 GB,,"56,400","2,16",Black,9.375,30
Acer Predator Hermes RGB 64 GB,,"56,400","2,32",Black,10,32
Crucial CT2KIT102464BF160B 16 GB,28,"31,600","2,8",Green,13.75,11
G.Skill Trident Z Royal 32 GB,,"43,600","2,16",Silver,7.778,14
Mushkin Redline Lumina 64 GB,171.43,"43,600","2,32",White,8.889,16
G.Skill Trident Z5 RGB 32 GB,112.99,"56,000","2,16",White / Black,10.667,32
Silicon Power XPOWER Zenith RGB Gaming 64 GB,184.99,"56,000","2,32",Black,10,30
Corsair Vengeance RGB Pro SL 16 GB,64.98,"43,600","2,8",Black,10,18
Kingston FURY Impact 16 GB,71.98,"56,000","1,16",Black,12.667,38
Kingston KVR21R15D4/16 16 GB,29,"42,133","1,16",Black / Green,14.065,15
G.Skill Trident Z5 32 GB,112.99,"56,000","2,16",Silver / Black,12,36
Mushkin Redline Lumina 16 GB,85.5,"43,600","2,8",Black,7.778,14
G.Skill Trident Z Neo 64 GB,,"43,600","4,16",Silver / Black,10,18
Mushkin Enhanced Redline Stiletto 64 GB,125.99,"43,200","2,32",Black,10,16
G.Skill F4-3200C16D-32GTZ 32 GB,67.7,"43,200","2,16",Gray / Red,10,16
G.Skill Trident Z RGB 16 GB,99.99,"44,000","2,8",Black,8,16
TEAMGROUP Elite 64 GB,160.99,"54,800","2,32",Black,16.667,40
Thermaltake TOUGHRAM 16 GB,141.99,"43,600","2,8",White / Silver,10,18
G.Skill Trident Z RGB 32 GB,1089.08,"44,000","4,8",Black,7.5,15
Corsair Vengeance RGB RT 16 GB,64,"43,200","2,8",Black,10,16
Crucial Ballistix Sport 16 GB,,"31,600","2,8",Black / Silver,11.25,9
Kingston HyperX Predator 32 GB,,"43,600","2,16",Black / Silver,9.444,17
TEAMGROUP T-Force Dark Pro 16 GB,,"43,200","2,8",Black,8.75,14
Kingston FURY Renegade 16 GB,59.95,"43,200","1,16",Black,10,16
Corsair XMS3 16 GB,94.99,"31,333","4,4",Black / Silver,13.503,9
G.Skill Sniper 32 GB,110.87,"32,133","4,8",Black / Red,9.376,10
G.Skill Ripjaws X 16 GB,,"32,133","2,8",Black / Red,10.314,11
Corsair Vengeance LPX 16 GB,59.93,"42,400","2,8",Red,11.667,14
G.Skill NT 8 GB,,"42,133","2,4",Black,14.065,15
Corsair Vengeance LPX 64 GB,497.64,"43,333","4,16",Black / Yellow,9.601,16
Kingston FURY Renegade 256 GB,,"43,200","8,32",Black,10,16
Kingston FURY Beast 4 GB,33.69,"43,200","1,4",Black,10,16
ADATA XPG GAMMIX D45 16 GB,,"43,600","2,8",Black,10,18
G.Skill Aegis 4 GB,,"42,400","1,4",Black,14.167,17
Corsair XMS2 4 GB,105,"2,800","2,2",Black / White,12.5,5
Kingston ValueRAM 2 GB,,"31,333","1,2",Green,13.503,9
Crucial CT102464BA160B 8 GB,19.89,"31,600","1,8",Green,13.75,11
G.Skill Trident X 16 GB,,"31,600","2,8",Black / Red,8.75,7
Corsair Vengeance Pro 16 GB,,"31,866","2,8",Black / Red,9.646,9
Corsair Vengeance Pro 16 GB,,"32,400","2,8",Black / Red,9.167,11
G.Skill Ripjaws 16 GB,62.48,"42,666","4,4",Red,11.253,15
Kingston HyperX Fury 16 GB,,"42,666","2,8",Black / White,11.253,15
EVGA SuperSC 16 GB,,"43,200","2,8",Black,10,16
Kingston FURY 8 GB,,"42,400","1,8",Black / Silver,12.5,15
Kingston ValueRAM 16 GB,57.98,"42,400","1,16",Black / Green,14.167,17
Crucial Ballistix Sport LT 16 GB,,"42,666","2,8",Gray,12.003,16
ADATA XPG GAMMIX D10 8 GB,,"42,666","1,8",Black / White,12.003,16
ADATA XPG SPECTRIX D41 16 GB,,"42,666","2,8",Black,12.003,16
Crucial Ballistix Sport LT 32 GB,,"43,200","2,16",Silver / Black,10,16
G.Skill Trident Z Royal 32 GB,,"43,600","4,8",Silver,8.889,16
Kingston HyperX Fury 32 GB,,"43,466","2,16",White / Silver,10.964,19
ADATA XPG SPECTRIX D60G 16 GB,,"43,200","2,8",Silver / Black,10,16
Kingston HyperX Predator RGB 8 GB,,"43,200","1,8",Black,10,16
Crucial Ballistix 32 GB,,"42,666","2,16",Black,12.003,16
Crucial Ballistix 32 GB,,"43,600","2,16",White,8.889,16
Crucial Ballistix 16 GB,,"43,600","2,8",Red,8.889,16
Silicon Power SP016GXLZU320BDAAD 16 GB,,"43,200","2,8",Black / Silver,10,16
Kingston HyperX Fury 32 GB,,"43,200","4,8",Black / Silver,10,16
Silicon Power GAMING 32 GB,,"43,600","2,16",Red / Black,10,18
TEAMGROUP T-Force Xtreem ARGB 64 GB,,"43,200","2,32",White,10,16
Kingston HyperX Fury 32 GB,,"43,200","1,32",Black,10,16
Corsair Dominator Platinum RGB 32 GB,,"43,600","2,16",Black,7.778,14
G.Skill Trident Z Neo (For AMD Ryzen) 16 GB,,"42,666","2,8",Black / White,13.503,18
G.Skill TridentZ RGB 16 GB,,"44,800","2,8",Black,7.917,19
Corsair Vengeance RGB Pro SL 64 GB,,"44,000","2,32",Black,9,18
HP V8 RGB 16 GB,,"43,200","2,8",Black / Silver,10,16
ADATA XPG LANCER RGB 16 GB,,"56,000","1,16",Black,13.333,40
TEAMGROUP T-Force Delta RGB 8 GB,,"43,600","1,8",White,10,18
Kingston ValueRAM 32 GB,77.97,"43,200","1,32",,13.75,22
Kingston Fury Renegade RGB 16 GB,96.45,"56,400","1,16",Silver / Black,10,32
ADATA XPG GAMMIX D45 64 GB,,"43,200","2,32",Black,10,16
G.Skill Zeta R5 128 GB,1310.74,"56,000","8,16",Black / White,10,30
OLOy Blade 32 GB,,"56,000","2,16",White,10.667,32
GOODRAM IRDM PRO 16 GB,,"43,600","2,8",White / Red,10,18
PNY Performance 32 GB,,"43,200","1,32",Black,13.75,22
Kingston FURY Renegade 16 GB,137.44,"57,600","1,16",Silver / Black,10,38
Mushkin Redline 32 GB,54.99,"42,666","2,16",,12.003,16
TEAMGROUP T-Create Expert 32 GB,251.02,"43,600","2,16",Gray,7.778,14
G.Skill Ripjaws 4 GB,20.56,"42,666","1,4",Black / Blue,13.503,18
Kingston KVR18L13Q4/32 32 GB,,"31,866","1,32",Gray,13.934,13
Kingston KCP424SS6/4 4 GB,9.94,"42,400","1,4",Green / Black,14.167,17
Kingston FURY Impact 16 GB,62.98,"55,600","1,16",Black,14.286,40
G.Skill Trident Z 32 GB,111.99,"56,000","2,16",White / Black,12,36
G.Skill Ares 16 GB,35.99,"31,600","2,8",Blue,12.5,10
G.Skill Trident Z Royal 32 GB,131.25,"43,600","2,16",Silver,10,18
Mushkin Enhanced Redline Stiletto 64 GB,134.99,"43,600","2,32",Black / Silver,10,18
Kingston FURY Renegade 32 GB,139.98,"56,400","1,32",Silver / White,10,32
Mushkin Essentials 16 GB,25.44,"31,600","2,8",Black / Green,13.75,11
G.Skill Ripjaws V 16 GB,144.99,"44,400","2,8",Black,7.273,16
Kingston Server Premier 16 GB,63.55,"43,200","1,16",,13.75,22
TEAMGROUP T-Create Classic 16 GB,46.99,"55,600","1,16",Black,16.429,46
G.Skill Ripjaws X 16 GB,111.72,"32,133","2,8",Black / Blue,9.376,10
G.Skill Ripjaws 32 GB,86.82,"42,400","4,8",Red,12.5,15
G.Skill Trident Z RGB 32 GB,,"44,266","2,16",Black,7.97,17
Corsair Vengeance RGB RS 64 GB,257.27,"43,200","4,16",Black / Gray,10,16
TEAMGROUP Dark Pro 8PACK Edition 16 GB,,"43,600","2,8",Black / Silver,8.889,16
Mushkin Redline 16 GB,59.6,"43,200","2,8",White,8.75,14
G.Skill Trident Z Royal 32 GB,274.14,"44,000","4,8",Silver,8.5,17
G.Skill Trident Z RGB 16 GB,,"44,000","2,8",Black,7.5,15
Corsair Vengeance RGB Pro 32 GB,298.87,"44,000","2,16",Black,9,18
Kingston FURY Renegade 64 GB,159.99,"43,200","2,32",Black,10,16
Crucial CT2K8G52C42S5 16 GB,55.99,"55,200","2,8",Black,16.154,42
G.Skill Ripjaws V 16 GB,63.99,"43,200","2,8",Black,9.375,15
Corsair Vengeance RGB Pro 16 GB,59.99,"42,933","2,8",Black,10.91,16
G.Skill Ripjaws 4 GB,17.48,"31,600","1,4",Black / Red,11.25,9
G.Skill Aegis 16 GB,85,"42,400","2,8",Black / Red,12.5,15
Corsair Vengeance LPX 32 GB,283.24,"43,200","2,16",Black / Yellow,10,16
TEAMGROUP T-Force Xtreem ARGB 16 GB,85,"44,000","2,8",Black,9,18
Kingston ValueRAM 8 GB,26.24,"42,666","1,8",Green,14.254,19
TEAMGROUP T-Force Delta TUF Gaming Alliance RGB 32 GB,,"55,200","2,16",Black,15.385,40
TEAMGROUP T-Force Delta RGB 16 GB,149.99,"43,600","1,16",Black,10,18
Corsair WS 64 GB,459.99,"56,400","4,16",Black,10,32
Kingston Fury Renegade RGB 24 GB,173.9,"57,200","1,24",Silver / Black,10.556,38
G.Skill Ripjaws X 32 GB,,"31,333","4,8",Black / Red,13.503,9
Kingston HyperX Beast 16 GB,,"31,866","2,8",Black,10.718,10
Corsair Vengeance Pro 16 GB,,"32,133","2,8",Black / Silver,10.314,11
Kingston KVR16LN11K2/8 8 GB,62.36,"31,600","2,4",Black / Green,13.75,11
Corsair Dominator Platinum 64 GB,,"32,400","8,8",Black / Silver,7.5,9
Kingston HyperX Fury 4 GB,,"42,133","1,4",Black / White,13.127,14
Corsair ValueSelect 4 GB,,"31,600","1,4",Black / Green,13.75,11
Patriot Viper Elite 16 GB,,"42,133","2,8",Silver / White,13.127,14
G.Skill Trident Z RGB 16 GB,,"43,600","2,8",Black,8.889,16
TEAMGROUP Night Hawk RGB 16 GB,,"43,200","2,8",White,10,16
Kingston HyperX Fury 8 GB,,"43,200","1,8",White / Silver,11.25,18
Patriot Viper Venom RGB 16 GB,,"43,200","2,8",White / Black,10,16
Patriot Viper Elite 16 GB,,"42,400","1,16",Silver / Black,13.333,16
Corsair Vengeance RGB Pro 32 GB,,"43,466","2,16",Black,9.233,16
Crucial Ballistix Sport LT 8 GB,,"43,200","1,8",Silver / Black,10,16
Kingston HyperX Fury RGB 16 GB,,"42,400","1,16",Black,12.5,15
OLOy MD4U163016CGDA 32 GB,,"43,000","2,16",Black,10.667,16
ADATA XPG GAMMIX D30 32 GB,,"43,000","2,16",Silver / Red,10.667,16
Kingston HyperX Fury 32 GB,,"42,666","4,8",Black / Silver,12.003,16
Neo Forza FAYE 64 GB,,"43,000","2,32",Silver / Black,10,15
G.Skill Trident Z Royal Elite 32 GB,,"43,600","2,16",Silver,7.778,14
G.Skill Trident Z Royal 128 GB,,"43,200","4,32",Gold,8.75,14
Kingston FURY Beast RGB 64 GB,,"43,200","2,32",Black,10,16
Kingston Server Premier 64 GB,208.91,"42,666","1,64",,14.254,19
ADATA XPG GAMMIX D20 8 GB,,"43,200","1,8",Black / Silver,10,16
VisionTek OCPC PISTA RGB 16 GB,,"55,600","2,8",Gray,12.857,36
ADATA XPG SPECTRIX D50 32 GB,,"43,200","4,8",Black,10,16
Acer UD100 8 GB,,"43,200","1,8",Black,13.75,22
V-Color Manta XPrism RGB 32 GB,,"57,200","2,16",Silver,10,36
Timetec PINNACLE Konduit 8 GB,21.99,"43,200","1,8",Black,10,16
Timetec PINNACLE Konduit RGB 8 GB,,"43,600","1,8",White,10,18
ADATA XPG LANCER RGB 16 GB,,"55,600","1,16",White,12.857,36
TEAMGROUP T-Force Vulcan 32 GB,,"57,000","2,16",Black,9.143,32
Kingston FURY Renegade Pro 256 GB,1315,"54,800","8,32",Black,15,36
TEAMGROUP Elite 32 GB,82.99,"54,800","2,16",Black,16.667,40
Mushkin Redline 96 GB,234.99,"54,800","2,48",Black,16.667,40
G.Skill Trident Z Royal 32 GB,,"44,266","2,16",Gold,7.501,16
TEAMGROUP T-Create Classic 32 GB,93.99,"55,600","2,16",Black,16.429,46
Crucial CT16G3ERSLD4160B 16 GB,25.97,"31,600","1,16",Black / Green,13.75,11
G.Skill Ripjaws V 16 GB,,"43,600","2,8",Red,7.778,14
G.Skill Flare X 32 GB,,"43,200","2,16",Black,8.75,14
G.Skill Trident Z Royal 64 GB,282.81,"43,600","4,16",Silver,8.889,16
Patriot Viper Venom RGB 64 GB,182.99,"55,200","2,32",Black / White,15.385,40
G.Skill Trident Z5 RGB 32 GB,115.99,"55,600","2,16",Black,10.714,30
Kingston FURY Beast 64 GB,188,"43,600","4,16",Black,10,18
G.Skill Ripjaws 16 GB,33.99,"31,866","2,8",,11.79,11
Corsair Vengeance RGB RT 128 GB,334.99,"43,600","4,32",Black,10,18
G.Skill Ripjaws S5 64 GB,186.99,"55,200","2,32",Black,13.846,36
G.Skill F4-3200C16Q2-128GTZ 128 GB,367.54,"43,200","8,16",Gray / Red,10,16
G.Skill Trident Z5 RGB 32 GB,195.05,"55,600","2,16",White / Black,10.714,30
ADATA XPG LANCER RGB 32 GB,125.79,"56,800","2,16",Black,10,34
Kingston FURY Renegade Pro 128 GB,783.06,"56,400","4,32",Black,10,32
G.Skill Ripjaws X 8 GB,22.83,"31,600","1,8",Black / Red,12.5,10
Crucial CT2K16G4DFD8213 32 GB,104,"42,133","2,16",Black / Green,14.065,15
Samsung M471A4G43MB1 32 GB,90.95,"42,666","1,32",Green / Black,14.254,19
G.Skill Trident Z Neo 32 GB,,"43,600","2,16",Black / White,7.778,14
Silicon Power XPOWER Zenith Gaming 16 GB,,"55,600","1,16",White,14.286,40
G.Skill Ares 8 GB,99.95,"31,600","2,4",Black / Blue,11.25,9
Corsair Vengeance 16 GB,84.99,"31,600","2,8",Black / Silver,11.25,9
Corsair Vengeance LPX 64 GB,315,"42,666","4,16",White,12.003,16
G.Skill Trident Z RGB 16 GB,63.67,"43,600","2,8",Black,10.556,19
TEAMGROUP T-Force Vulcan Z 16 GB,44.88,"42,666","2,8",Red,13.503,18
G.Skill Ripjaws V 256 GB,623.11,"43,200","8,32",Black,10,16
Crucial Ballistix MAX 32 GB,,"44,000","2,16",Black,9,18
TEAMGROUP T-Force Vulcan Z 8 GB,,"43,200","1,8",Red / Black,10,16
Mushkin Redline Lumina 64 GB,206.99,"43,600","2,32",White,10,18
Apacer Panther RGB 32 GB,,"56,400","2,16",Silver / Black,10,32
Corsair XMS3 6 GB,,"31,333","3,2",Black / White,13.503,9
G.Skill Ripjaws 4 GB,21.44,"31,600","2,2",Black / Red,11.25,9
Kingston KVR1066D3N7K2/8G 8 GB,,"31,066","2,4",Green,13.133,7
Crucial Ballistix Tactical 16 GB,,"31,600","2,8",Black / Yellow,10,8
Corsair Vengeance Pro 32 GB,,"32,400","4,8",Black / Red,8.333,10
ADATA XPG V2 16 GB,,"31,866","2,8",Gold,10.718,10
Kingston HyperX Fury 8 GB,,"31,600","2,4",White / Silver,12.5,10
Kingston HyperX Fury 8 GB,,"31,333","1,8",Red / Silver,13.503,9
Crucial Ballistix Sport 32 GB,,"31,600","4,8",Black / Silver,11.25,9
Corsair Vengeance LPX 32 GB,,"42,400","4,8",Black,12.5,15
Kingston HyperX Fury 16 GB,,"42,400","4,4",Black / Silver,12.5,15
Corsair Vengeance LPX 16 GB,,"42,133","2,8",Red,12.189,13
G.Skill Ripjaws V 16 GB,,"42,400","4,4",Black / Red,12.5,15
Kingston HyperX Savage 32 GB,,"43,000","4,8",Black / White,10,15
G.Skill Trident Z 32 GB,,"42,800","2,16",Pink / Silver,10,14
Corsair Vengeance LPX 16 GB,,"43,000","1,16",Black / Yellow,10,15
GeIL Dragon RAM 32 GB,,"42,800","2,16",White / Gold,11.429,16
Corsair Dominator Platinum 64 GB,,"43,200","4,16",Black / Silver,10,16
TEAMGROUP Vulcan 16 GB,,"42,400","2,8",Black / Gray,11.667,14
Samsung M386A8K40BM1-CRC4Q 64 GB,,"42,400","1,64",Green / Black,14.167,17
ADATA XPG GAMMIX D10 8 GB,,"42,666","1,8",Red / White,12.003,16
Crucial Ballistix Sport AT 8 GB,,"42,666","1,8",Silver / Black,12.003,16
G.Skill Trident Z Neo 32 GB,,"43,200","4,8",Silver / Black,10,16
Kingston HyperX Fury RGB 16 GB,,"42,400","2,8",Black,12.5,15
Kingston HyperX Fury 8 GB,,"43,200","2,4",Black,11.25,18
Crucial Ballistix MAX 16 GB,,"44,400","2,8",Black,8.636,19
TEAMGROUP T-Force Vulcan TUF Gaming Alliance 32 GB,,"43,200","2,16",Black / Gold,10,16
ADATA XPG GAMMIX D10 16 GB,,"43,600","2,8",Red / Black,10,18
Kingston HyperX Fury 64 GB,449,"43,466","2,32",Black,9.81,17
G.Skill Trident Z Neo 32 GB,,"44,000","2,16",Black / Silver,7,14
TEAMGROUP T-Force Delta RGB 16 GB,,"43,200","1,16",White,10,16
TEAMGROUP T-Force Delta RGB 32 GB,,"43,600","2,16",White,7.778,14
PNY XLR8 8 GB,,"43,600","1,8",Black,10,18
Gigabyte AORUS RGB 16 GB,,"43,200","2,8",Gray,10,16
ADATA XPG SPECTRIX D50 16 GB,,"43,600","1,16",Black,10,18
Mushkin Redline 32 GB,,"43,600","2,16",Black,8.889,16
Mushkin Redline 16 GB,,"43,600","2,8",Black,7.778,14
G.Skill Trident Z 64 GB,,"56,000","2,32",Black,10,30
HP V6 16 GB,,"43,000","2,8",Blue,10.667,16
Silicon Power XPOWER Zenith RGB Gaming 32 GB,,"55,200","2,16",Black,14.615,38
Kingston HyperX Predator 32 GB,,"42,666","2,16",Black / Silver,9.752,13
TEAMGROUP T-Force DELTAα RGB 16 GB,,"56,000","1,16",White,12.667,38
TEAMGROUP Elite Plus 8 GB,,"43,200","1,8",Red / Black,13.75,22
ADATA XPG LANCER RGB 16 GB,,"57,200","1,16",White,9.444,34
Lexar Ares RGB 16 GB,,"44,000","2,8",White,9,18
G.Skill Value 8 GB,,"42,133","1,8",Black,14.065,15
G.Skill Flare X5 64 GB,,"56,000","2,32",Black,10.667,32
Silicon Power SU032GBSFU320F22AF 32 GB,54.99,"43,200","2,16",Black,13.75,22
Crucial CT2K32G48C40S5 64 GB,170.57,"54,800","2,32",Black,16.667,40
G.Skill Trident Z Royal 16 GB,154.99,"43,600","2,8",Silver,7.778,14
Mushkin Redline Lumina White 64 GB,216.98,"56,000","2,32",White,10,30
Corsair Vengeance RGB Pro 16 GB,149.35,"44,000","2,8",Black,8,16
G.Skill Trident Z Royal 64 GB,214.99,"43,600","2,32",Silver,8.889,16
G.Skill Trident Z Royal 64 GB,209.99,"43,600","2,32",Gold,8.889,16
Corsair Dominator Platinum RGB 64 GB,264.99,"43,600","4,16",Black,8.889,16
G.Skill Sniper 16 GB,57.93,"32,400","2,8",Black / Red,9.167,11
Patriot Viper 4 32 GB,119.57,"43,200","2,16",Red / Black,10,16
G.Skill Trident Z5 RGB 32 GB,117.99,"55,600","2,16",Black,10.714,30
Crucial Ballistix Sport AT 16 GB,,"43,200","2,8",Silver / Black,10,16
Crucial CT2K16G4DFD832A 32 GB,69.98,"43,200","2,16",Green / Black,13.75,22
OLOy WarHawk RGB 64 GB,134.99,"43,200","2,32",Black,10,16
Kingston FURY Renegade 16 GB,345.98,"44,800","2,8",Black,7.917,19
Kingston FURY Renegade 48 GB,279.99,"57,200","2,24",Silver / Black,10.556,38
Kingston FURY Renegade Pro 32 GB,152.44,"54,800","1,32",Black,15,36
Crucial CT16G4WFD8266 16 GB,84.99,"42,666","1,16",Green,14.254,19
Corsair Dominator Platinum RGB 32 GB,109.99,"43,200","2,16",Black,10,16
Corsair Dominator Platinum RGB 16 GB,84.99,"43,600","2,8",Black,10,18
G.Skill Ripjaws X 16 GB,52.45,"31,866","2,8",Black / Red,10.718,10
G.Skill Ripjaws V 16 GB,,"43,200","2,8",Black,10,16
TEAMGROUP TED48G2400C1601 8 GB,,"42,400","1,8",,13.333,16
Corsair Dominator Platinum RGB 32 GB,,"43,600","4,8",Black,8.889,16
G.Skill Trident Z Neo 32 GB,,"43,200","2,16",Silver / Black,8.75,14
Corsair Vengeance RGB RT 16 GB,62.57,"43,200","2,8",White / Black,10,16
Kingston FURY Beast RGB 32 GB,115.63,"54,800","1,32",Black,15.833,38
Kingston FURY Beast RGB 32 GB,122.55,"55,600","1,32",Black,14.286,40
Kingston FURY Beast 16 GB,53.59,"43,733","1,16",Black,10.179,19
G.Skill Ripjaws S5 64 GB,196.99,"55,600","2,32",Black,12.857,36
TEAMGROUP T-Create Expert 32 GB,311.24,"43,200","2,16",Gray,8.75,14
Timetec PINNACLE Konduit RGB 16 GB,,"43,600","2,8",White,10,18
ADATA XPG GAMMIX D10 16 GB,58.32,"43,200","1,16",Black,10,16
G.Skill Sniper 8 GB,33.03,"32,400","2,4",Black / Red,9.167,11
G.Skill Ripjaws 16 GB,59,"42,400","4,4",Black / Red,12.5,15
G.Skill NT 16 GB,42.68,"42,400","2,8",Black,12.5,15
Samsung M391A2K43BB1-CRC 16 GB,69.98,"42,400","1,16",Green,14.167,17
Crucial CT2K8G4RFS424A 16 GB,119.99,"42,400","2,8",Green / Black,14.167,17
Micron MT16KTF1G64AZ-1G6E1 8 GB,16.25,"31,600","1,8",Green,13.75,11
TEAMGROUP T-Force Night Hawk Legend RGB 32 GB,,"43,200","2,16",Black,10,16
Kingston Server Premier 16 GB,277.77,"42,666","1,16",,14.254,19
Corsair Dominator Platinum RGB 16 GB,114.99,"44,000","2,8",Black,9,18
Patriot Signature Line 4 GB,34.6,"42,666","1,4",Green,14.254,19
TEAMGROUP T-Force DELTAα RGB 32 GB,99.99,"55,600","2,16",White,14.286,40
Kingston Fury Renegade RGB 16 GB,177.81,"58,000","1,16",Silver / White,9.5,38
Corsair Vengeance 4 GB,,"31,600","1,4",Black / Blue,11.25,9
G.Skill Ripjaws X 16 GB,,"31,333","2,8",Black / Red,13.503,9
G.Skill Ripjaws X 8 GB,29.21,"31,866","1,8",Black / Red,10.718,10
Corsair Vengeance Pro 32 GB,,"31,600","4,8",Black / Silver,11.25,9
Crucial CT8G4VFS4213 8 GB,28.99,"42,133","1,8",Black / Green,14.065,15
Klevv Genuine 8 GB,,"31,600","2,4",Black / Silver,11.25,9
Patriot Signature Line 4 GB,,"42,400","1,4",Blue / Silver,14.167,17
G.Skill Ripjaws V 16 GB,164.95,"42,666","2,8",Blue,11.253,15
Corsair Dominator Platinum 32 GB,,"43,200","2,16",Black / Silver,10,16
Kingston FURY 32 GB,,"42,133","2,16",Black / Silver,13.127,14
Kingston FURY 32 GB,,"42,400","2,16",Black / Silver,12.5,15
Corsair Vengeance LED 32 GB,,"43,200","2,16",Black / Red,10,16
Corsair Vengeance LED 16 GB,,"43,000","2,8",Black / White,10,15
Crucial CT4K8G4DFS8266 32 GB,119.99,"42,666","4,8",Green,14.254,19
Kingston HyperX Fury 16 GB,118.33,"42,400","2,8",Red,12.5,15
Crucial CT32G4LFD424A 32 GB,72.98,"42,400","1,32",Green / Black,14.167,17
Crucial Ballistix Sport LT 16 GB,,"43,000","2,8",Red / Black,10,15
Crucial CT32G4RFD4293 32 GB,87.99,"42,933","1,32",Green / Black,14.32,21
OLOy MD4U082616BJDA 16 GB,,"42,666","2,8",Black,12.003,16
OLOy WarHawk RGB 16 GB,,"43,600","2,8",White,10,18
G.Skill Trident Z RGB 64 GB,,"43,600","2,32",Black,8.889,16
Corsair Vengeance LPX 128 GB,,"43,600","4,32",Black,10,18
G.Skill Trident Z Royal Elite 64 GB,,"43,600","4,16",Silver,8.889,16
Kingston FURY Beast RGB 64 GB,,"43,600","2,32",Black,10,18
TEAMGROUP T-Force Vulcan Z 8 GB,,"43,600","1,8",Gray,10,18
Kingston FURY Renegade 32 GB,,"44,266","2,16",Black,8.908,19
PNY XLR8 Gaming EPIC-X RGB 16 GB,,"44,200","2,8",Black,9.048,19
Corsair Vengeance RGB 64 GB,,"55,200","2,32",Gray,15.385,40
GOODRAM IRDM 64 GB,,"55,600","2,32",Black,10.714,30
TEAMGROUP T-Force Vulcan 16 GB,,"55,600","2,8",Red,14.286,40
Crucial Pro Overclocking 24 GB,,"56,000","1,24",Black,12,36
V-Color TRA532G72D834O 256 GB,3359.99,"57,200","8,32",Black,9.444,34
Silicon Power SP064GBSVU560F22 64 GB,174.99,"55,600","2,32",Black,16.429,46
Kingston FURY Impact 32 GB,112,"55,600","1,32",Black,14.286,40
Crucial CT2K24G56C46S5 48 GB,148.99,"55,600","2,24",Black,16.429,46
G.Skill Trident Z RGB 32 GB,299,"44,000","2,16",Black,9.5,19
Mushkin Redline Lumina 64 GB,129.99,"43,600","2,32",Black,10,18
Crucial CT2K16G4RFS4266 32 GB,99.99,"42,666","2,16",Green / Black,14.254,19
Kingston Fury Renegade RGB 16 GB,68,"43,600","1,16",Black,8.889,16
Mushkin Enhanced Redline Stiletto 16 GB,54.99,"44,133","2,8",Black,9.194,19
G.Skill Trident Z RGB 32 GB,,"43,600","2,16",Black,8.889,16
TEAMGROUP T-Force Vulcan Z 16 GB,,"43,600","2,8",Red,7.778,14
Mushkin Proline 32 GB,104.99,"43,200","1,32",,13.75,22
G.Skill Ripjaws X 8 GB,26.26,"31,333","2,4",Black / Red,13.503,9
Corsair Dominator Platinum 16 GB,,"42,666","4,4",Black / Silver,11.253,15
G.Skill Trident Z 16 GB,,"43,200","2,8",Silver / White,10,16
G.Skill Trident Z Neo 16 GB,149,"43,200","2,8",Silver / Black,8.75,14
Mushkin Redline Lumina 32 GB,150.18,"43,600","2,16",White,8.889,16
G.Skill Sniper X 16 GB,48.51,"43,200","2,8",Black / White,10,16
Timetec PINNACLE Konduit 16 GB,38.55,"43,200","1,16",White,10,16
G.Skill Flare X5 48 GB,240.63,"55,600","2,24",Black,14.286,40
Kingston Fury Renegade RGB 24 GB,127.05,"56,400","1,24",Silver / Black,10,32
Kingston FURY Renegade Pro 128 GB,749.99,"56,400","4,32",Black,10,32
G.Skill Ares 16 GB,46.16,"31,600","2,8",Black / Red,11.25,9
G.Skill Ripjaws 4 16 GB,46.16,"42,400","2,8",Red,12.5,15
Kingston KVR16N11S8K2/8 8 GB,52.05,"31,600","2,4",Green,13.75,11
Kingston KVR16E11K4/32 32 GB,128.99,"31,600","4,8",Green,13.75,11
G.Skill Trident Z Royal 32 GB,1768.91,"43,200","4,8",Silver,8.75,14
G.Skill Trident Z Royal 16 GB,98.91,"44,000","2,8",Silver,9,18
G.Skill Ripjaws V 16 GB,,"44,000","2,8",Black,7.5,15
Kingston FURY Renegade 64 GB,219.99,"43,600","2,32",Black,10,18
G.Skill Trident Z RGB 64 GB,,"42,400","4,16",Black,12.5,15
Silicon Power SP008GBLFU240X02 8 GB,20.37,"42,400","1,8",,14.167,17
Kingston FURY Renegade 16 GB,133.99,"56,000","1,16",White / Silver,10.667,32
Crucial CT8G56C46S5 8 GB,30.98,"55,600","1,8",Black,16.429,46
Kingston FURY Renegade Pro 32 GB,229.99,"56,800","1,32",Black,10,34
Kingston ValueRAM 1 GB,12.94,"31,333","1,1",Green,13.503,9
Corsair XMS2 4 GB,,"21,066","2,2",Black / Purple,13.133,7
Corsair Vengeance 24 GB,,"31,600","6,4",Black / Silver,11.25,9
G.Skill Ripjaws X 8 GB,,"32,133","2,4",Black / Red,10.314,11
Mushkin Silverline 4 GB,,"2,800","2,2",Gray / Silver,12.5,5
Corsair Vengeance 32 GB,,"31,600","4,8",Black / Silver,11.25,9
Kingston KHX1600C10D3B1K2/16G 16 GB,99.99,"31,600","2,8",Blue / Silver,12.5,10
Corsair Dominator Platinum 16 GB,,"32,133","4,4",Black / Silver,8.439,9
Crucial CT2K8G4DFD8213 16 GB,,"42,133","2,8",Black / Green,14.065,15
ADATA XPG Z1 8 GB,,"42,400","2,4",Red / Black,13.333,16
Kingston HyperX Savage 32 GB,,"31,600","4,8",Black / Red,11.25,9
Kingston KTH-PL316LLQ/32G 32 GB,109.99,"31,600","1,32",Silver,13.75,11
TEAMGROUP Elite Plus 16 GB,,"42,133","2,8",Black / Gold,14.065,15
Kingston KVR16E11/8I 8 GB,30,"31,600","1,8",Green,13.75,11
Kingston ValueRAM 4 GB,,"42,133","1,4",Black / Gray,14.065,15
Corsair Vengeance Performance 16 GB,,"32,133","2,8",Black / Yellow,10.314,11
Kingston ValueRAM 8 GB,,"42,133","2,4",Black / Green,14.065,15
Crucial Ballistix Sport LT 16 GB,,"42,400","4,4",White,13.333,16
Crucial Ballistix Sport LT 16 GB,,"42,400","2,8",Black / Red,13.333,16
Avexir Core 16 GB,,"42,400","2,8",Black / Red,13.333,16
G.Skill Trident Z RGB 32 GB,,"43,000","4,8",Black,10,15
G.Skill TridentZ RGB 128 GB,,"43,200","8,16",Black,8.75,14
G.Skill Trident Z RGB 16 GB,,"44,133","2,8",Black,8.226,17
Patriot Viper Elite 32 GB,,"42,666","2,16",Silver / Black,12.003,16
Corsair Vengeance RGB Pro 64 GB,,"43,600","4,16",White,10,18
Crucial Ballistix Sport LT 16 GB,,"43,200","1,16",Red / Black,10,16
Corsair Vengeance LPX 64 GB,,"43,600","4,16",Black,10,18
Corsair Vengeance LPX 32 GB,,"43,200","2,16",Black / Yellow,10,16
GeIL EVO X II AMD 16 GB,,"43,200","2,8",Black,10,16
Patriot Signature Premium 8 GB,,"42,666","2,4",Black,14.254,19
TEAMGROUP T-Force Dark Za 16 GB,,"43,200","2,8",Black / Silver,10,16
Crucial Ballistix 16 GB,,"42,400","2,8",Black,13.333,16
Crucial Ballistix 8 GB,,"42,400","2,4",Black,13.333,16
Crucial Ballistix 32 GB,,"43,200","2,16",Black,10,16
Kingston HyperX Fury 8 GB,,"42,400","1,8",Black,12.5,15
Kingston HyperX Fury 16 GB,,"43,000","2,8",Black / Silver,10,15
TEAMGROUP T-Force Xtreem ARGB 16 GB,,"43,600","2,8",Black,7.778,14
OLOy OWL 16 GB,,"43,000","2,8",Orange,10.667,16
G.Skill Trident Z Royal 64 GB,,"43,600","4,16",White,7.778,14
OLOy Blade RGB 32 GB,,"43,200","2,16",White,10,16
Corsair Dominator Platinum RGB 32 GB,,"55,200","2,16",White,14.615,38
G.Skill Trident Z5 RGB 32 GB,133.9,"55,600","2,16",Black,14.286,40
G.Skill Ripjaws V 16 GB,,"44,000","2,8",Black,7,14
G.Skill Trident Z Neo (For AMD Ryzen) 32 GB,,"42,666","2,16",Black / White,13.503,18
TEAMGROUP T-Force Delta RGB 32 GB,,"44,000","2,16",Black,9,18
Kingston FURY Beast 64 GB,158.87,"42,666","2,32",Black,12.003,16
Lexar Hades RGB 32 GB,,"43,200","2,16",Black,11.25,18
G.Skill Trident Z Royal 32 GB,,"44,800","2,16",Gold,8.333,20
G.Skill Ripjaws V 8 GB,,"42,800","1,8",Red,12.143,17
G.Skill Trident Z RGB 64 GB,414.47,"44,000","8,8",,9,18
TEAMGROUP Elite Plus 32 GB,,"54,800","2,16",Black,16.667,40
Corsair Vengeance RGB Pro SL 16 GB,99.99,"44,000","2,8",Black,9,18
GeIL Polaris 32 GB,,"55,600","2,16",Black,16.429,46
Mushkin Enhanced Redline Stiletto 16 GB,52.99,"44,000","2,8",Black,9,18
Klevv CRAS V RGB 32 GB,,"57,600","2,16",Black,9.474,36
Klevv CRAS V RGB 32 GB,,"58,000","2,16",Black,9.5,38
GOODRAM IRDM PRO 16 GB,,"43,600","2,8",White,9.444,17
Netac Shadow II 16 GB,,"43,200","1,16",Black,10,16
TEAMGROUP T-Force Vulcan 32 GB,,"56,400","2,16",Black,9.375,30
G.Skill Trident X 32 GB,,"32,933","4,8",Red / Black,8.183,12
G.Skill Value 4 GB,,"42,400","1,4",Black,14.167,17
V-Color TRA548G72D834Q 192 GB,,"57,200","4,48",White,9.444,34
G.Skill Ripjaws 64 GB,122.99,"43,200","2,32",Blue / Black,13.75,22
Silicon Power SP032GBSFU320X22 32 GB,,"43,200","2,16",,13.75,22
Mushkin Essentials 32 GB,92.99,"42,133","2,16",Black / Green,14.065,15
Mushkin Redline 32 GB,130.29,"44,133","2,16",White,9.194,19
Crucial CT8G52C42S5 8 GB,32.98,"55,200","1,8",Black,16.154,42
Patriot Signature 8 GB,11.99,"31,600","1,8",Black,13.75,11
Mushkin Silverline 16 GB,28.2,"31,333","2,8",Gray / Silver,13.503,9
Acer Predator Vesta II RGB 64 GB,,"56,000","2,32",Silver,10,30
G.Skill Trident Z RGB 32 GB,114.99,"43,200","4,8",Black,10,16
Corsair Vengeance RGB Pro 32 GB,169.9,"44,000","2,16",Black,9,18
G.Skill Trident Z Royal Elite 32 GB,359.99,"43,600","4,8",Gold,7.778,14
Corsair Vengeance RGB RT 64 GB,149.99,"43,200","2,32",Black,10,16
G.Skill Trident Z Royal 16 GB,158.19,"44,400","2,8",Silver,7.273,16
G.Skill Trident Z RGB (For AMD) 64 GB,189.22,"42,400","4,16",Black,12.5,15
Kingston FURY Renegade 32 GB,184.99,"56,800","2,16",White / Silver,10.588,36
G.Skill Ares 32 GB,161,"31,600","4,8",Black / Orange,12.5,10
Mushkin Proline 16 GB,44.11,"42,933","1,16",,14.32,21
Timetec PINNACLE Konduit 32 GB,78.55,"43,200","1,32",White,10,16
Lexar LD4AS016G-B3200GSST 16 GB,36.99,"43,200","1,16",Black,13.75,22
G.Skill Ripjaws 4 64 GB,169.47,"42,133","8,8",Red,14.065,15
Samsung M393A4K40CB1-CRC 32 GB,51.9,"42,400","1,32",Green / Black,14.167,17
Crucial CT2K16G4DFD8266 32 GB,99.5,"42,666","2,16",Green / Black,14.254,19
G.Skill Trident Z Royal 64 GB,169.99,"43,600","2,32",Gold,10,18
G.Skill Trident Z 32 GB,189,"43,200","2,16",Silver / Black,10,16
G.Skill Ripjaws S5 64 GB,194.99,"55,600","2,32",White,10.714,30
G.Skill Trident Z 32 GB,117.99,"55,600","2,16",White / Black,12.857,36
Kingston FURY Renegade Pro 16 GB,92.99,"56,000","1,16",Black,10.667,32
Kingston KVR21R15S4K4/32 32 GB,98.99,"42,133","4,8",Black / Green,14.065,15
G.Skill NT 8 GB,57,"42,400","1,8",Black,12.5,15
G.Skill Trident Z RGB 32 GB,,"42,400","2,16",Black,12.5,15
G.Skill Trident Z RGB 32 GB,,"43,600","4,8",Black,8.889,16
G.Skill Value 32 GB,,"42,666","1,32",Black,14.254,19
Kingston HyperX 16 GB,,"44,800","2,8",Black,7.917,19
G.Skill Trident Z Royal 64 GB,,"44,400","2,32",Gold,8.636,19
G.Skill Sniper X 16 GB,,"43,600","2,8",Black / White,10.556,19
Patriot Viper 4 16 GB,,"43,600","2,8",Red / Black,9.444,17
Acer Predator Hermes RGB 32 GB,,"56,400","2,16",Black,10,32
Patriot PSD32G13332 2 GB,,"31,333","1,2",Green,13.503,9
Corsair Vengeance 16 GB,,"31,866","2,8",Black / Silver,9.646,9
G.Skill Trident X 8 GB,51.94,"32,400","2,4",Black / Red,8.333,10
Corsair Vengeance LP 8 GB,39.99,"31,600","1,8",Black / Yellow,12.5,10
Corsair Dominator Platinum 32 GB,,"32,400","4,8",Black / Silver,8.333,10
Corsair Vengeance LP 32 GB,,"31,866","4,8",Black / Yellow,10.718,10
Samsung M471B1G73CB0-CK0 16 GB,,"31,600","2,8",Green,13.75,11
G.Skill Ripjaws X 8 GB,,"32,133","2,4",Black / Red,8.439,9
ADATA XPG V1.0 16 GB,,"31,600","2,8",Black,11.25,9
Transcend JM1333KLH-4G 4 GB,,"31,333","1,4",,13.503,9
G.Skill AEGIS 4GB 4 GB,,"31,600","1,4",,13.75,11
Samsung M393B1K70DH0-YH908 8 GB,,"31,333","1,8",Black / Green,13.503,9
Kingston HyperX Fury 16 GB,,"31,600","2,8",White / Silver,12.5,10
Corsair Vengeance LPX 16 GB,,"42,133","4,4",Black,14.065,15
Silicon Power SP008GBLTU160N02 8 GB,14.65,"31,600","1,8",Black / Green,13.75,11
Kingston HyperX Fury 32 GB,,"42,400","4,8",Black / Silver,12.5,15
Corsair Vengeance LPX 32 GB,,"43,000","4,8",Black / Yellow,10,15
Corsair Vengeance LPX 8 GB,,"43,000","2,4",Red,10,15
Kingston HyperX Fury 4 GB,,"31,600","1,4",Black,12.5,10
Kingston HyperX Fury 8 GB,,"31,600","2,4",Black,12.5,10
Kingston HyperX Savage 16 GB,,"42,400","2,8",Black / White,10,12
G.Skill Ripjaws V 32 GB,,"42,400","2,16",Black,11.667,14
G.Skill Trident Z 16 GB,,"43,600","2,8",Red / Silver,8.889,16
Corsair Vengeance LED 32 GB,,"43,000","4,8",Black / White,10,15
G.Skill Trident Z RGB 32 GB,,"43,600","4,8",Black,8.889,16
TEAMGROUP T-Force Delta RGB 32 GB,,"42,400","2,16",Black,12.5,15
TEAMGROUP T-Force Delta RGB 16 GB,,"42,666","2,8",Black,11.253,15
ADATA XPG SPECTRIX D40 16 GB,,"43,200","2,8",Red,10,16
TEAMGROUP T-Force Vulcan 64 GB,,"43,200","4,16",Silver / Black,10,16
G.Skill Ripjaws V 16 GB,,"43,600","1,16",Red / Black,10.556,19
Kingston HyperX Fury 8 GB,,"42,666","1,8",Black / Silver,12.003,16
ADATA XPG GAMMIX D10 32 GB,,"43,000","4,8",Black / White,10.667,16
Corsair Vengeance LPX 32 GB,,"43,333","2,16",Black / Yellow,9.601,16
TEAMGROUP T-Force XCalibur RGB 16 GB,,"43,600","2,8",Black,10,18
ADATA XPG SPECTRIX D41 16 GB,,"43,600","2,8",Black,9.444,17
Kingston HyperX Predator RGB 32 GB,,"43,200","4,8",Black,10,16
TEAMGROUP T-Force Xtreem 16 GB,,"44,133","2,8",Black / White,8.71,18
G.Skill Ripjaws V 8 GB,,"42,400","2,4",Red / Black,14.167,17
TEAMGROUP T-Force Vulcan Z 32 GB,,"43,000","2,16",Silver / Black,10.667,16
Corsair Vengeance LPX 256 GB,,"42,400","8,32",Black / Yellow,13.333,16
TEAMGROUP T-Force Delta RGB 32 GB,,"43,200","2,16",White / Silver,10,16
G.Skill Trident Z Royal 16 GB,84.99,"43,600","2,8",Gold,8.889,16
GeIL GeIL EVO POTENZA AMD 16GB (2 x 8GB) 288-Pin DDR4 SDRAM DDR4 3000 (PC4 24000) Desktop Memory Model GAPR416GB3000C16ADC 16 GB,,"43,000","2,8",Red / Black,10.667,16
G.Skill Ripjaws V 256 GB,,"43,600","8,32",Black,10,18
Corsair Vengeance LPX 32 GB,,"43,600","2,16",Black / Yellow,11.111,20
OLOy OWL 32 GB,,"43,200","2,16",Orange,10,16
Thermaltake TOUGHRAM RGB 32 GB,,"43,600","2,16",Black / Silver,10,18
Kingston ValueRAM 16 GB,,"43,200","1,16",Green,13.75,22
Kingston HyperX Fury 64 GB,,"42,666","4,16",Black,12.003,16
Apacer AU 8 GB,,"42,666","1,8",Black,14.254,19
OLOy Blade 16 GB,,"54,800","2,8",Black / Silver,16.667,40
G.Skill Trident Z Royal Elite 64 GB,,"44,266","4,16",Silver,8.908,19
G.Skill Trident Z Royal Elite 64 GB,,"44,266","2,32",Silver,8.908,19
Corsair Dominator Platinum RGB 32 GB,,"54,800","2,16",Black,16.667,40
V-Color Manta XPrism RGB 32 GB,,"55,600","2,16",Black,12.857,36
G.Skill Ripjaws V 32 GB,,"44,266","2,16",Black,7.501,16
G.Skill Trident Z Royal 256 GB,,"43,200","8,32",Silver,8.75,14
G.Skill TridentZ RGB 128 GB,,"42,666","4,32",Black,14.254,19
GeIL Orion RGB AMD Edition 16 GB,45.99,"43,600","2,8",Gray,10,18
GeIL EVO Potenza AMD Edition 32 GB,,"43,200","2,16",Black,10,16
Kingston FURY Beast 16 GB,,"43,200","4,4",Black,10,16
Lexar Hades RGB 16 GB,,"43,600","2,8",Black,10,18
V-Color SKYWALKER PLUS 32 GB,,"43,200","2,16",White,10,16
ADATA XPG SPECTRIX D50 32 GB,,"44,133","2,16",White,9.194,19
G.Skill Sniper X 32 GB,82.54,"43,600","2,16",Black / White,10.556,19
G.Skill Trident Z RGB 8 GB,,"43,000","1,8",,10.667,16
G.Skill F4-4200C19Q2-64GTZSW 64 GB,,"44,200","8,8",Gray / White,9.048,19
G.Skill Aegis 8 GB,,"42,800","1,8",Black,12.143,17
TEAMGROUP Elite Plus 16 GB,,"54,800","2,8",Silver,16.667,40
Patriot Viper 4 Blackout 16 GB,,"44,266","2,8",Black,8.439,18
Silicon Power XPOWER Zenith Gaming 16 GB,,"55,600","2,8",White,14.286,40
Silicon Power SP008GBLFU266X02 8 GB,,"42,666","1,8",,14.254,19
Corsair Vengeance RGB 64 GB,,"55,600","2,32",Black / Gray,14.286,40
Neo Forza MARS 32 GB,,"43,200","2,16",Gray / Black,10,16
OLOy Blade 32 GB,,"56,400","2,16",Black,10,32
Timetec PINNACLE Konduit RGB 32 GB,85.55,"43,600","1,32",White,10,18
Lexar THOR 8 GB,,"43,600","1,8",White,10,18
Klevv CRAS XR5 RGB 32 GB,,"56,000","2,16",White / Black,13.333,40
ADATA XPG LANCER RGB 32 GB,,"56,000","1,32",Black,10,30
Mushkin Redline Pro 64 GB,,"55,600","2,32",Black,16.429,46
V-Color TRA516G76S838Q 64 GB,899.99,"57,600","4,16",White,10,38
Kingston Fury Renegade RGB 16 GB,151.4,"57,600","1,16",Silver / Black,10,38
Mushkin Redline 32 GB,86.51,"43,200","2,16",,10,16
TEAMGROUP Elite 32 GB,55.99,"43,200","1,32",Black,13.75,22
Kingston FURY Impact 64 GB,142.99,"43,200","2,32",Black,12.5,20
G.Skill Ripjaws 16 GB,33.99,"31,600","2,8",Black / Red,11.25,9
Corsair Vengeance Performance 16 GB,41.99,"42,400","2,8",Black,13.333,16
Mushkin Redline 16 GB,43.78,"43,200","2,8",,10,16
Kingston FURY Impact 16 GB,39.99,"43,200","1,16",Black,12.5,20
TEAMGROUP Elite 16 GB,46.99,"55,600","1,16",Black,16.429,46
G.Skill Trident Z 16 GB,169.8,"43,600","2,8",Black / White,8.889,16
TEAMGROUP T-Create Classic 32 GB,82.99,"55,200","1,32",Black,16.154,42
G.Skill Trident Z 32 GB,115,"43,200","2,16",Silver / White,10,16
Mushkin Redline Lumina 32 GB,122.09,"43,200","2,16",Black,8.75,14
Corsair Vengeance RGB 32 GB,,"56,000","2,16",Gray,10,30
G.Skill Trident Z Neo 32 GB,317.62,"43,200","4,8",Black / Silver,8.75,14
G.Skill Trident Z Royal 32 GB,125.85,"43,600","2,16",Gold,10.556,19
Kingston FURY Beast 128 GB,332,"43,600","4,32",Black,10,18
Mushkin Redline Lumina 16 GB,63.2,"43,600","2,8",White,8.889,16
Corsair Dominator Platinum RGB 64 GB,224.99,"55,600","2,32",Black,14.286,40
G.Skill Ripjaws X 32 GB,,"32,133","4,8",Black / Blue,9.376,10
G.Skill Ripjaws V 32 GB,86.82,"42,666","4,8",Red / Black,14.254,19
G.Skill Ripjaws V 64 GB,,"44,266","2,32",Black,8.908,19
Kingston FURY Beast 32 GB,87.92,"42,666","2,16",Black,12.003,16
G.Skill Trident X 16 GB,97.2,"32,400","4,4",Black / Red,8.333,10
G.Skill Value 32 GB,79.33,"42,400","4,8",Black,12.5,15
G.Skill Trident Z 32 GB,,"43,200","4,8",Red / Silver,10,16
Corsair Vengeance RGB RT 64 GB,185.91,"43,200","4,16",White / Black,10,16
G.Skill Trident Z RGB 64 GB,247.01,"42,400","8,8",,12.5,15
Mushkin Redline Lumina 32 GB,117.99,"56,800","2,16",Black,10,34
Kingston ValueRAM 2 GB,14.96,"2,667","1,2",Green,14.993,5
G.Skill Value 8 GB,20.05,"31,333","2,4",Green,13.503,9
G.Skill F3-12800CL9S-2GBSQ 2 GB,11.33,"31,600","1,2",Green,11.25,9
G.Skill NS 4 GB,79,"31,333","1,4",Black,13.503,9
GeIL EVO SPEAR 16 GB,,"42,400","2,8",Black / Orange,13.333,16
Kingston KCP426NS8/8 8 GB,26.93,"42,666","1,8",Green / Black,14.254,19
Crucial Ballistix Elite 8 GB,,"43,600","1,8",Black,8.889,16
Kingston HyperX Fury RGB 8 GB,55.99,"43,466","1,8",Black,9.233,16
TEAMGROUP T-Force Xtreem ARGB 16 GB,66.21,"43,200","2,8",Black,10,16
G.Skill Trident Z Neo 32 GB,,"43,800","2,16",Black / Silver,7.368,14
Corsair Vengeance RGB RT 32 GB,124.99,"43,200","4,8",White / Black,10,16
G.Skill TridentZ RGB 32 GB,,"44,600","2,16",Black,8.696,20
Mushkin Proline 16 GB,57.68,"42,133","1,16",,14.065,15
Corsair Dominator Platinum RGB 64 GB,239.99,"55,200","2,32",Black,15.385,40
Kingston FURY Renegade 32 GB,131.12,"56,000","1,32",Silver / Black,10.667,32
Corsair WS 256 GB,1199.99,"55,600","8,32",Black / Green,14.286,40
Kingston FURY Renegade Pro 16 GB,92.99,"56,000","1,16",Black,10.667,32
Corsair XMS2 2 GB,94.9,"2,800","2,1",Black / Purple,10,4
Corsair Dominator 4 GB,,"21,066","2,2",Black / Blue,9.381,5
Crucial CT2KIT12864AA800 2 GB,24.99,"2,800","2,1",Green,15,6
Crucial CT2KIT25664AA667 4 GB,39.99,"2,667","2,2",Green,14.993,5
Corsair XMS3 8 GB,,"31,600","4,2",Black / Blue,11.25,9
G.Skill Sniper 8 GB,42.95,"31,866","2,4",Black / Red,9.646,9
G.Skill F3-12800CL9D-4GBSQ 4 GB,16.63,"31,600","2,2",Green,11.25,9
Mushkin Essentials 4 GB,16.8,"31,600","2,2",Green,13.75,11
Mushkin Essentials 16 GB,35.99,"31,333","2,8",Green,13.503,9
Corsair CMV8GX3M1A1333C9 8 GB,49.98,"31,333","1,8",Green,13.503,9
Kingston KHX2133C11D3W1K2/8GX 8 GB,,"32,133","2,4",Black / Silver,10.314,11
Kingston KVR13N9S8/4 4 GB,13.99,"31,333","1,4",Green,13.503,9
G.Skill Ripjaws X 8 GB,83,"32,400","2,4",,9.167,11
Crucial CT25664BA160B 2 GB,12.97,"31,600","1,2",Green,13.75,11
Dell SNP8H68RC/8G 8 GB,,"31,600","1,8",Green,13.75,11
Corsair Vengeance Pro 8 GB,,"32,400","2,4",Black / Red,9.167,11
Corsair Vengeance Pro 64 GB,,"32,133","8,8",Black / Silver,10.314,11
AMD Radeon R9 Gamer 8 GB,,"32,133","2,4",Black / Silver,9.376,10
Kingston HyperX Fury 8 GB,,"31,866","2,4",Red / Silver,10.718,10
Kingston HyperX Fury 8 GB,,"31,866","1,8",White / Silver,10.718,10
Crucial CT51264BA1339J 4 GB,24.37,"31,333","1,4",Black / Green,13.503,9
Crucial Ballistix Sport 8 GB,,"42,400","1,8",Gray / Silver,13.333,16
Kingston HyperX Savage 8 GB,,"32,400","1,8",Black / Red,9.167,11
Kingston HyperX Savage 16 GB,,"31,866","2,8",Black / Red,9.646,9
Corsair Dominator Platinum 64 GB,,"42,400","8,8",Black / Silver,12.5,15
Kingston HyperX Fury 16 GB,,"42,133","4,4",Black / Silver,13.127,14
Corsair Vengeance LP 8 GB,,"31,600","2,4",Black / Yellow,13.75,11
G.Skill Ripjaws V 16 GB,,"43,000","2,8",Black / Red,10,15
G.Skill Ripjaws V 8 GB,,"42,666","2,4",Black / Red,11.253,15
G.Skill Trident Z 16 GB,,"43,200","2,8",Red / Silver,8.75,14
Corsair Vengeance LPX 4 GB,,"42,400","1,4",Red,13.333,16
G.Skill Aegis 4 GB,,"42,133","1,4",Black / Red,14.065,15
Corsair Vengeance LPX 8 GB,,"44,200","2,4",Black / Yellow,9.048,19
Crucial CT9029050 32 GB,,"42,400","2,16",Green,14.167,17
Apacer Panther Silver 16 GB,,"42,400","2,8",Black / Silver,13.333,16
G.Skill Sniper X 16 GB,,"43,600","2,8",Silver / Camo,10.556,19
ADATA XPG GAMMIX D10 8 GB,,"43,000","1,8",Black / White,10.667,16
Kingston HyperX Predator RGB 8 GB,,"42,933","1,8",Black,10.228,15
G.Skill Trident Z 32 GB,,"44,000","2,16",Black / Silver,9.5,19
Patriot Viper Elite 16 GB,,"42,666","2,8",Silver / Black,12.003,16
Patriot Viper 4 16 GB,,"43,733","2,8",Red / Black,9.108,17
Corsair Vengeance LPX 32 GB,,"43,600","4,8",Black / Yellow,8.889,16
Corsair Dominator Platinum RGB 16 GB,,"44,800","2,8",Black,7.5,18
TEAMGROUP Elite Plus 16 GB,,"42,400","2,8",Black / Gold,13.333,16
Crucial Ballistix Elite 16 GB,,"43,600","2,8",Black,8.889,16
OLOy MD4U083016BBSA 8 GB,,"43,000","1,8",Black / Red,10.667,16
Kingston HyperX Predator 64 GB,,"43,333","4,16",Black,9.601,16
Patriot Signature Premium 16 GB,,"42,400","2,8",Black,14.167,17
TEAMGROUP T-Force Dark Z 16 GB,,"43,000","2,8",Silver / Black,10.667,16
TEAMGROUP T-Force Dark Za 32 GB,,"43,200","2,16",Black / Silver,10,16
G.Skill Trident Z Royal 32 GB,1059.02,"44,000","4,8",Gold,9,18
Crucial Ballistix 64 GB,,"43,200","2,32",White,10,16
Crucial Ballistix 32 GB,,"43,200","2,16",Red,10,16
Crucial Ballistix 64 GB,,"43,600","2,32",Black,8.889,16
Crucial Ballistix MAX 16 GB,,"44,000","2,8",Black,9,18
Corsair Vengeance LPX 32 GB,,"44,600","4,8",Black / Yellow,7.826,18
OLOy MD4U163016CJSA 16 GB,,"43,000","1,16",Black,10.667,16
Corsair Vengeance LPX 16 GB,131.27,"43,600","2,8",Black / Yellow,11.111,20
G.Skill Trident Z RGB 256 GB,,"43,600","8,32",Black,10,18
ADATA XPG SPECTRIX D60G 16 GB,,"43,000","2,8",White / Gray,10.667,16
V-Color TD48G26S819-VC 8 GB,27.99,"42,666","1,8",Black,14.254,19
Kingston HyperX Fury RGB 32 GB,,"43,733","2,16",Black / Silver,10.179,19
TEAMGROUP T-Force Delta TUF Gaming Alliance 32 GB,,"43,200","2,16",Black / Gold,10,16
ADATA XPG GAMMIX D20 32 GB,,"43,600","2,16",Black,10,18
Apacer AU 8 GB,,"42,400","1,8",Black,14.167,17
Neo Forza FAYE 32 GB,,"43,200","2,16",Silver / Black,10,16
Neo Forza FAYE 8 GB,,"43,200","1,8",Silver / Black,10,16
Neo Forza FAYE 16 GB,,"43,600","2,8",Silver / Black,10,18
G.Skill Trident Z RGB 16 GB,,"44,000","2,8",Black,7,14
OLOy Blade RGB 16 GB,,"43,600","2,8",Silver,7.778,14
Kingston Fury Renegade RGB 16 GB,99.99,"43,200","2,8",Black,10,16
G.Skill Trident Z Royal Elite 64 GB,340.41,"44,266","4,16",Gold,8.908,19
G.Skill Ripjaws V 32 GB,,"43,600","4,8",Black,7.778,14
HP V10 RGB 32 GB,,"43,600","2,16",Silver / Black,7.778,14
Kingston Fury Renegade RGB 8 GB,45.94,"44,000","1,8",Black / Silver,9.5,19
TEAMGROUP T-Force Vulcan Z 32 GB,,"43,600","2,16",Gray,7.778,14
G.Skill Trident Z5 RGB 64 GB,,"55,600","2,32",White / Black,10,28
Kingston FURY Beast 16 GB,122.69,"42,666","4,4",Black,12.003,16
V-Color XSky RGB 32 GB,,"56,600","2,16",Gold,9.697,32
ADATA XPG Z1 32 GB,,"43,200","2,16",Silver,10,16
TEAMGROUP Elite 16 GB,,"42,400","2,8",Black,13.333,16
ADATA XPG SPECTRIX D50 8 GB,,"43,600","1,8",Black,10,18
Mushkin Redline 64 GB,198.26,"43,200","2,32",White,10,16
Silicon Power SP008GBLFU266B02 8 GB,22.36,"42,666","1,8",,14.254,19
Thermaltake TOUGHRAM XG RGB 32 GB,,"44,000","2,16",White / Silver,9.5,19
TEAMGROUP Elite Plus 16 GB,,"55,200","2,8",Silver,16.154,42
Kingston FURY Renegade 16 GB,139.99,"57,200","1,16",Silver / Black,10.556,38
Kingston Fury Renegade RGB 16 GB,126.01,"56,800","1,16",Silver / Black,10.588,36
TEAMGROUP T-Force Delta TUF Gaming Alliance RGB 32 GB,,"56,400","2,16",Black,12.5,40
TEAMGROUP T-Force Vulcan alpha 16 GB,,"55,200","2,8",Black,14.615,38
Crucial Ballistix MAX RGB 32 GB,,"44,400","2,16",Black,8.636,19
GeIL EVO V RGB 48 GB,,"56,400","1,48",Black,11.875,38
GeIL EVO V RGB 48 GB,,"58,400","2,24",Black,10,42
GOODRAM IRDM 32 GB,,"56,800","2,16",Black,10,34
TEAMGROUP T-Force Vulcan 8 GB,,"55,200","1,8",Black,15.385,40
G.Skill Trident Z 16 GB,,"43,600","1,16",Black,10,18
Acer Predator Hermes RGB 32 GB,,"56,800","2,16",Silver,9.412,32
Kingston FURY Renegade 24 GB,168.44,"57,200","1,24",Silver / Black,10.556,38
G.Skill Zeta R5 Neo 128 GB,,"56,000","4,32",Black,10,30
V-Color TRA524G70S834O 192 GB,1999.99,"57,000","8,24",Black,9.714,34
Crucial Ballistix Sport LT 64 GB,,"43,200","4,16",Silver / Black,10,16
G.Skill Ripjaws 16 GB,32.99,"42,400","1,16",Black / Blue,13.333,16
Kingston FURY Impact 16 GB,63.2,"54,800","1,16",Black,15.833,38
Lexar LD4AS008G-B3200GSST 8 GB,35,"43,200","1,8",Black,13.75,22
Mushkin Redline ST 32 GB,114.99,"56,800","2,16",Black,10,34
Kingston FURY Renegade Pro 128 GB,572.99,"54,800","4,32",Black,15,36
G.Skill Ripjaws X 8 GB,24.84,"31,600","1,8",Black / Blue,11.25,9
G.Skill Ripjaws 8 GB,18.98,"31,600","1,8",,11.25,9
G.Skill F4-3200C16Q2-128GTZKY 128 GB,367.54,"43,200","8,16",Black / Yellow,10,16
G.Skill Trident Z Royal 128 GB,334.99,"43,200","4,32",Silver,10,16
Mushkin Redline Lumina 32 GB,72.98,"43,600","2,16",Black,10,18
TEAMGROUP T-Force Zeus 16 GB,,"43,200","1,16",Red / Black,13.75,22
G.Skill Trident Z Neo 32 GB,98.59,"43,000","2,16",Silver / Black,10.667,16
Kingston FURY Renegade 64 GB,,"43,600","4,16",Black,8.889,16
TEAMGROUP T-Force Vulcan 64 GB,164.99,"55,200","2,32",Red,15.385,40
Kingston KVR1333D3N9K2/8G 8 GB,49.89,"31,333","2,4",Green,13.503,9
G.Skill Trident Z5 RGB 32 GB,127.55,"55,600","2,16",Black,12.857,36
G.Skill Ripjaws S5 64 GB,186.99,"55,200","2,32",White,13.846,36
TEAMGROUP T-Create Classic 32 GB,94.99,"55,200","2,16",Black,16.154,42
Acer Predator Vesta II RGB 64 GB,,"56,000","2,32",Black,10,30
Crucial CT2K4G4DFS8213 8 GB,69.98,"42,133","2,4",Black / Green,14.065,15
G.Skill Sniper X 32 GB,81.47,"43,200","2,16",Black / Camo,10,16
Corsair Vengeance RGB Pro 64 GB,449.99,"43,000","4,16",Black,10,15
G.Skill Trident Z Royal 16 GB,178.84,"44,600","2,8",Gold,7.826,18
G.Skill Trident Z Royal 16 GB,160.33,"44,400","2,8",Silver,8.182,18
Mushkin Redline 16 GB,57.93,"44,000","2,8",White,9,18
G.Skill F4-3600C16Q2-64GTZKK 64 GB,353.86,"43,600","8,8",Black,8.889,16
ADATA XPG GAMMIX D10 32 GB,,"43,600","2,16",Black,10,18
TEAMGROUP Xtreem ARGB 32 GB,,"57,600","2,16",Black,9.474,36
Kingston KVR16N11H/8 8 GB,18.7,"31,600","1,8",Green,13.75,11
Samsung M393B2G70DB0-YK0 16 GB,,"31,600","1,16",Black / Green,13.75,11
G.Skill Ripjaws 32 GB,81.47,"42,133","4,8",Black / Red,14.065,15
Crucial CT51264BF160B 4 GB,10.99,"31,600","1,4",Black / Green,13.75,11
Mushkin Essentials 8 GB,20.85,"42,133","1,8",Black / Green,14.065,15
G.Skill Ripjaws V 32 GB,1012.48,"43,200","4,8",Red,8.75,14
TEAMGROUP T-Force Dark 16 GB,159,"42,400","2,8",Red / Black,11.667,14
Kingston FURY Renegade 32 GB,159.65,"43,600","4,8",Black,8.889,16
Kingston FURY Renegade 16 GB,,"44,000","2,8",Black,9.5,19
Kingston Server Premier 8 GB,33.08,"43,200","1,8",,13.75,22
Mushkin Redline Lumina 16 GB,67.36,"44,133","2,8",White,9.194,19
Patriot Signature Line 32 GB,84.99,"54,800","1,32",Black,19.167,46
Kingston FURY Renegade 16 GB,156.92,"57,600","1,16",Silver / White,10,38
Kingston FURY Renegade 32 GB,288.2,"57,600","2,16",Silver / White,10,38
Crucial Ballistix 1 GB,,"21,066","1,1",Green,9.381,5
Crucial CT2KIT25664AA1067 4 GB,,"21,066","2,2",Green,13.133,7
Kingston ValueRAM 1 GB,23.4,"2,533","1,1",Green,15.009,4
Kingston ValueRAM 1 GB,17,"2,800","1,1",Green,12.5,5
Patriot Viper 4 GB,199.99,"31,333","2,2",Silver,10.503,7
Corsair Vengeance 16 GB,,"31,600","4,4",Black / Silver,11.25,9
G.Skill Ripjaws 24 GB,,"31,600","6,4",Black / Red,11.25,9
Corsair XMS2 1 GB,,"2,800","1,1",Black / Purple,12.5,5
G.Skill Ripjaws 16 GB,52.05,"31,066","4,4",Black / Red,13.133,7
Kingston ValueRAM 3 GB,25.48,"31,333","3,1",Green,13.503,9
G.Skill Ripjaws X 8 GB,42.09,"31,866","2,4",Black / Red,9.646,9
G.Skill Sniper Gaming 12 GB,,"31,600","3,4",Black / Red,11.25,9
Samsung MV-3V4G4D/US 8 GB,,"31,333","2,4",Black,13.503,9
Mushkin Essentials 8 GB,,"31,600","2,4",Green,13.75,11
Mushkin Essentials 16 GB,,"31,600","4,4",Green,13.75,11
Crucial Ballistix 4 GB,,"31,600","1,4",Black / Yellow,10,8
G.Skill Ripjaws Z 64 GB,,"32,400","8,8",Black / Blue,8.333,10
G.Skill Sniper Gaming 32 GB,,"31,866","4,8",Black / Red,10.718,10
Crucial Ballistix Tactical 8 GB,,"31,600","1,8",Black / Yellow,10,8
G.Skill Aegis 16 GB,,"31,600","2,8",,13.75,11
Kingston HyperX Fury 16 GB,,"31,600","2,8",Red / Silver,12.5,10
Transcend JetRam 8 GB,55.32,"31,600","1,8",Black / Green,13.75,11
Crucial Ballistix Sport 16 GB,,"31,600","4,4",Black / Silver,11.25,9
ADATA XPG Z1 16 GB,,"42,133","2,8",Red / Black,14.065,15
Crucial Ballistix Sport 16 GB,,"42,400","4,4",Gray / Silver,13.333,16
G.Skill Ripjaws 4 16 GB,,"42,800","4,4",Black,11.429,16
Kingston HyperX Savage 32 GB,,"31,866","4,8",Black / Red,9.646,9
Corsair Vengeance LPX 16 GB,,"43,200","4,4",Black / White,9.375,15
Kingston HyperX Fury 32 GB,,"42,133","4,8",Black / Silver,13.127,14
Super Talent W1333UB4GV 4 GB,,"31,333","1,4",Green,13.503,9
G.Skill Ripjaws 4 8 GB,33.05,"42,666","2,4",Black / Red,11.253,15
G.Skill Ripjaws V 8 GB,,"43,600","2,4",Black,9.444,17
Crucial Ballistix Tactical 8 GB,,"42,666","1,8",Silver,12.003,16
Kingston HyperX Savage 16 GB,,"42,666","2,8",Black / White,9.752,13
G.Skill Ripjaws V 16 GB,,"42,800","1,16",Red,10.714,15
Corsair Vengeance LPX 16 GB,,"42,800","2,8",Red,10.714,15
GeIL Dragon RAM 16 GB,,"43,200","2,8",White / Gold,10,16
Crucial Ballistix Sport LT 64 GB,,"42,400","4,16",White,13.333,16
Kingston ValueRAM 32 GB,,"42,133","2,16",Black / Green,14.065,15
GeIL EVO POTENZA 16 GB,,"42,400","2,8",Red,13.333,16
Kingston FURY 8 GB,,"42,133","1,8",Black / Silver,13.127,14
Kingston KCP421NS8/8 8 GB,24.66,"42,133","1,8",Black / Green,14.065,15
Corsair Vengeance LED 16 GB,,"43,200","2,8",Black / Red,10,16
G.Skill Trident Z RGB 16 GB,,"43,000","2,8",Black,9.333,14
TEAMGROUP Vulcan 8 GB,,"42,400","1,8",Black / Gray,11.667,14
G.Skill Trident Z RGB 64 GB,,"43,200","4,16",Black,8.75,14
Patriot Viper Elite 8 GB,,"42,133","2,4",Black / Gray,13.127,14
Apacer Panther-Golden 8 GB,,"42,133","1,8",Black / Gold,14.065,15
Apacer Panther-Golden 8 GB,,"42,400","1,8",Black / Gold,13.333,16
Corsair Vengeance LED 16 GB,170,"42,400","2,8",Black / White,13.333,16
TEAMGROUP T-Force Delta RGB 16 GB,,"42,400","2,8",White,12.5,15
Crucial Ballistix Sport LT 8 GB,,"42,666","1,8",Gray,12.003,16
Kingston HyperX Fury 16 GB,,"42,133","1,16",White / Silver,13.127,14
Corsair Vengeance LPX 16 GB,,"42,400","2,8",Black / Yellow,13.333,16
Crucial Ballistix Sport AT 16 GB,89.99,"42,666","1,16",Silver / Black,12.003,16
Crucial CT16G4TFD8266 16 GB,,"42,666","1,16",Green / Black,14.254,19
Crucial Ballistix Sport LT 16 GB,,"43,200","2,8",Red / Black,10,16
Corsair Dominator Platinum RGB 16 GB,499,"43,000","2,8",Black,10,15
G.Skill Trident Z Royal 32 GB,,"43,200","2,16",Silver,8.75,14
Patriot Viper Steel 32 GB,,"43,000","2,16",Silver / Black,10.667,16
Kingston KSM26ED8/16ME 16 GB,,"42,666","1,16",Green,14.254,19
G.Skill Trident Z Neo 32 GB,,"43,600","4,8",Silver / Black,7.778,14
TEAMGROUP T-Force Vulcan Z 16 GB,,"42,666","2,8",Black,13.503,18
Corsair Vengeance LPX 16 GB,,"44,800","2,8",Black / Yellow,7.5,18
G.Skill Aegis 64 GB,,"43,200","4,16",Red / Black,10,16
Kingston HyperX Predator RGB 8 GB,,"43,600","1,8",Black,9.444,17
G.Skill F4-4000C15Q-32GTRS 64 GB,690.44,"44,000","8,8",Gold,7.5,15
Corsair Vengeance RGB Pro 32 GB,,"43,200","4,8",Black,10,16
Antec Katana RGB 16 GB,,"43,200","2,8",Black,10,16
OLOy MD4U163016BBSA 16 GB,,"43,000","1,16",Black / Red,10.667,16
ADATA XPG SPECTRIX D50 16 GB,,"43,200","2,8",Silver,10,16
G.Skill Trident Z Royal 16 GB,,"44,000","2,8",White,8,16
Corsair Vengeance LPX 64 GB,,"44,000","2,32",Black,9,18
Corsair Vengeance LPX 32 GB,,"43,600","2,16",Black,10.556,19
G.Skill Ripjaws V 32 GB,70.98,"42,666","2,16",Red,14.254,19
TEAMGROUP T-Force Vulcan Z 32 GB,,"43,200","1,32",Red / Black,10,16
G.Skill Trident Z Royal 256 GB,,"43,600","8,32",Silver,8.889,16
Klevv CRAS X RGB 16 GB,,"44,000","2,8",Black,9.5,19
Silicon Power GAMING 16 GB,,"43,000","2,8",Black / Silver,10.667,16
G.Skill Trident Z RGB 128 GB,,"43,600","4,32",Black,8.889,16
Corsair Vengeance RGB RT 32 GB,134.99,"43,600","4,8",White / Black,10,18
TEAMGROUP T-Force Xtreem ARGB 16 GB,71.98,"44,000","2,8",White,9,18
Corsair Vengeance 32 GB,,"55,200","2,16",White / Gray,14.615,38
GeIL Polaris RGB 32 GB,,"55,200","2,16",Black,13.077,34
G.Skill Trident Z Royal Elite 16 GB,,"44,800","2,8",Gold,8.333,20
HP V8 RGB 32 GB,,"43,600","2,16",Black / Silver,10,18
Corsair Vengeance RGB Pro 128 GB,,"43,600","4,32",Black,8.889,16
Kingston FURY Beast 8 GB,,"42,666","2,4",Black,12.003,16
GeIL Orion AMD Edition 16 GB,,"43,000","2,8",Gray,10.667,16
GeIL Polaris RGB 32 GB,,"54,800","2,16",White,16.667,40
Kingston Fury Renegade RGB 16 GB,81.99,"44,000","2,8",Black / Silver,9.5,19
TEAMGROUP T-Force Delta RGB 16 GB,,"44,000","2,8",Black,9,18
TEAMGROUP T-Force Delta RGB 16 GB,,"43,600","2,8",White,7.778,14
Kingston FURY Renegade 128 GB,,"43,600","4,32",Black,10,18
G.Skill Trident Z5 RGB 32 GB,,"56,000","2,16",White / Black,13.333,40
G.Skill Ripjaws S5 32 GB,,"55,600","2,16",Black,14.286,40
ADATA XPG GAMMIX D20 8 GB,,"43,200","1,8",Black / Silver,10,16
TEAMGROUP T-Force Xtreem ARGB 16 GB,,"45,333","2,8",Black,8.251,22
TEAMGROUP Elite 8 GB,,"54,800","1,8",Black,16.667,40
TEAMGROUP T-Force Delta TUF Gaming Alliance RGB 16 GB,,"43,600","2,8",Black / Gold,8.889,16
G.Skill Trident Z RGB 32 GB,,"43,600","4,8",,7.778,14
HP V6 16 GB,,"43,600","2,8",Black,10,18
Silicon Power SP016GBLFU266X02 16 GB,,"42,666","1,16",,14.254,19
Corsair Vengeance RGB 32 GB,,"55,600","2,16",Black / Gray,12.857,36
ADATA XPG GAMMIX D30 32 GB,,"43,200","2,16",Red / Silver,10,16
TEAMGROUP Elite Plus 8 GB,,"55,200","1,8",Black,16.154,42
OLOy Blade RGB 64 GB,,"56,000","2,32",Black,10.667,32
OLOy Blade RGB 32 GB,,"56,400","2,16",Black,10,32
Thermaltake TOUGHRAM RC 32 GB,,"55,600","2,16",Black,12.857,36
G.Skill Zeta R5 64 GB,499.99,"56,400","4,16",Black / White,10,32
TEAMGROUP T-Force DELTAα RGB 8 GB,,"55,200","1,8",White,14.615,38
Kingston FURY 32 GB,124.92,"55,600","1,32",White,14.286,40
GeIL ORION V RGB 32 GB,,"56,000","2,16",Black,12.667,38
TEAMGROUP T-Force Delta TUF Gaming Alliance RGB 16 GB,,"55,200","1,16",Black,15.385,40
GeIL ORION V AMD 32 GB,,"56,000","2,16",Black,10,30
TEAMGROUP Elite 32 GB,,"56,400","1,32",Black,16.25,52
GeIL EVO V RGB 96 GB,,"56,400","2,48",Black,11.875,38
ADATA XPG Lancer Blade RGB 64 GB,,"56,000","2,32",White,10,30
TEAMGROUP T-Force Vulcan 32 GB,,"56,000","2,16",Red,9.333,28
G.Skill Trident X 16 GB,,"33,200","4,4",Red / Black,8.125,13
V-Color TRA548G64D832O 384 GB,3199.99,"56,400","8,48",Black,10,32
G.Skill Trident Z Royal Elite 32 GB,1337.42,"44,266","2,16",Gold,7.501,16
G.Skill Ripjaws S5 64 GB,185.98,"55,200","2,32",White,13.846,36
Crucial CT2K8G4SFS8266 16 GB,43.9,"42,666","2,8",Green / Black,14.254,19
Mushkin Redline Lumina 32 GB,80.68,"43,200","2,16",Black / Silver,10,16
Mushkin Redline 64 GB,253.29,"43,600","2,32",White,8.889,16
Kingston Fury Renegade RGB 48 GB,209.99,"56,400","2,24",Silver / Black,10,32
G.Skill Ripjaws S5 64 GB,199.99,"55,600","2,32",White,12.857,36
Patriot Viper Venom RGB 32 GB,117.99,"56,800","2,16",Black / White,11.765,40
Kingston ValueRAM 8 GB,19.98,"42,133","1,8",Black / Green,14.065,15
Mushkin Silverline 16 GB,,"42,133","2,8",Silver / Green,14.065,15
G.Skill Trident Z Royal Elite 32 GB,402.43,"43,600","4,8",Silver,7.778,14
Corsair Dominator Platinum RGB 64 GB,209.99,"43,200","2,32",Black,10,16
Patriot Signature Line 8 GB,21.99,"54,800","1,8",Black,19.167,46
Mushkin Redline ST 64 GB,246.51,"56,000","2,32",Black,10,30
Corsair ValueSelect 4 GB,22.06,"42,133","1,4",Black / Yellow,14.065,15
G.Skill Flare X 32 GB,,"43,200","4,8",Black,10,16
Crucial CT2K32G4SFD8266 64 GB,135.99,"42,666","2,32",Green / Black,14.254,19
Kingston Server Premier 32 GB,87.99,"43,200","1,32",,13.75,22
Mushkin Redline 32 GB,122.28,"44,000","2,16",White,9,18
G.Skill Ripjaws 8 GB,28.05,"31,066","2,4",Black / Red,13.133,7
G.Skill Ripjaws 32 GB,85.22,"42,400","4,8",Blue,12.5,15
Kingston KVR13R9D4K4/64I 64 GB,118.99,"31,333","4,16",Green,13.503,9
Mushkin Essentials 32 GB,467.99,"31,600","2,16",Black / Blue,13.75,11
G.Skill Trident Z RGB 32 GB,,"42,400","4,8",Black,12.5,15
G.Skill Flare X 64 GB,168.14,"43,200","4,16",Black,10,16
Patriot Viper Steel 16 GB,,"43,600","2,8",Gray / Black,7.778,14
G.Skill Trident Z RGB 16 GB,177.56,"43,600","2,8",,7.778,14
Kingston ValueRAM 2 GB,16.98,"31,066","1,2",Green,13.133,7
G.Skill Ripjaws X 8 GB,21.63,"31,333","1,8",Black / Red,13.503,9
Mushkin Silverline 8 GB,,"2,667","2,4",Gray / Silver,14.993,5
G.Skill NS 8 GB,57,"31,333","2,4",Black,13.503,9
G.Skill Sniper 16 GB,64.89,"32,400","4,4",Black / Red,9.167,11
Kingston KVR13LR9D4K4/64 64 GB,399.98,"31,333","4,16",Green,13.503,9
Mushkin Essentials 4 GB,15.18,"42,133","1,4",Black / Green,14.065,15
G.Skill Ripjaws V 64 GB,160.65,"42,400","4,16",Red,12.5,15
Corsair Vengeance LED 32 GB,,"42,666","2,16",Black / White,12.003,16
G.Skill Flare X 32 GB,80.59,"42,400","2,16",Red,12.5,15
G.Skill Trident Z RGB 32 GB,399,"44,000","4,8",Black,8.5,17
G.Skill Trident Z Royal 16 GB,143.21,"44,266","2,8",Silver,8.908,19
G.Skill Trident Z Neo 16 GB,,"43,600","2,8",Silver / Black,8.889,16
Kingston KCP426SS6/4 4 GB,23.31,"42,666","1,4",Green / Black,12.753,17
Crucial Ballistix MAX RGB 32 GB,,"44,000","2,16",Black,9,18
G.Skill Trident Z Royal Elite 32 GB,,"44,000","2,16",Gold / Black,7,14
Corsair Dominator Platinum RGB 64 GB,204.99,"43,200","2,32",Black,10,16
TEAMGROUP T-Force Vulcan Z 16 GB,39.97,"43,600","1,16",Red,10,18
Patriot Viper Elite 4 GB,,"42,666","1,4",Black / Silver,12.003,16
Silicon Power SP016GBSFU320X02 16 GB,,"43,200","1,16",,13.75,22
GeIL EVO V RGB 32 GB,139.99,"56,400","2,16",White,11.875,38
Crucial CT2K32G4DFD8266 64 GB,162.99,"42,666","2,32",Green,14.254,19
Mushkin Enhanced Redline Stiletto 32 GB,72.99,"43,600","2,16",Black,10,18
Kingston FURY Renegade 24 GB,121.59,"56,400","1,24",Silver / Black,10,32
Corsair WS 128 GB,616.99,"55,600","4,32",Black / Green,14.286,40
Kingston FURY Renegade Pro 64 GB,329.99,"54,800","4,16",Black,15,36
G.Skill Ripjaws X 8 GB,,"31,600","2,4",Black / Blue,10,8
Patriot Signature 8 GB,64.55,"31,600","2,4",Blue / Silver,13.75,11
Corsair Vengeance 8 GB,,"31,866","2,4",Black / Blue,9.646,9
Samsung MV-3V2G3/US 2 GB,34.99,"31,600","1,2",Black,13.75,11
G.Skill Ripjaws Z 16 GB,,"31,600","4,4",Black / Blue,8.75,7
G.Skill Sniper Gaming 32 GB,,"31,600","4,8",Black / Red,11.25,9
Patriot Viper 3 32 GB,,"31,866","4,8",Black / Silver,10.718,10
G.Skill Ripjaws X 32 GB,,"31,866","4,8",Black / Blue,9.646,9
Kingston KVR13N9K3/24 24 GB,159.99,"31,333","3,8",Green,13.503,9
Kingston HyperX 32 GB,,"31,600","4,8",Green / Silver,11.25,9
AMD RG2133 Gamer 16 GB,239.15,"32,133","4,4",,9.376,10
Corsair CORSAIR Vengeance 8GB 8 GB,,"31,866","1,8",Black / Silver,10.718,10
ADATA XPG V1.0 8 GB,,"31,600","2,4",Blue / Silver,13.75,11
Kingston HyperX Fury 16 GB,,"31,333","2,8",Black / Silver,13.503,9
Corsair Vengeance Pro 16 GB,,"32,133","2,8",Black / Red,8.439,9
V7 V73T8GNAJKI 8 GB,,"31,600","1,8",Black / Green,13.75,11
G.Skill Value 16 GB,65.25,"42,133","4,4",Black,14.065,15
ADATA XPG Z1 16 GB,,"42,400","2,8",Red / Black,13.333,16
TEAMGROUP Elite Plus 8 GB,,"31,600","2,4",Black / Gold,13.75,11
Crucial Ballistix Sport LT 16 GB,,"42,400","2,8",Silver,13.333,16
G.Skill Ripjaws 4 128 GB,,"42,400","8,16",Black,11.667,14
PNY Anarchy 16 GB,,"42,133","2,8",Black / Red,14.065,15
Avexir Raiden 16 GB,,"42,666","2,8",White / Blue,11.253,15
PNY MD16384KD3-1600-NHS-V2 16 GB,,"31,600","2,8",Black / Green,13.75,11
GeIL Dragon RAM 16 GB,,"44,000","2,8",White / Gold,9.5,19
Corsair Vengeance LPX 16 GB,,"43,600","2,8",Red,10,18
Corsair Vengeance LPX 32 GB,,"42,400","4,8",Black / Yellow,10,12
Crucial Ballistix Sport LT 32 GB,,"42,400","2,16",Silver / Gray,13.333,16
Corsair Vengeance LED 16 GB,,"42,666","2,8",Black / White,12.003,16
G.Skill Trident Z 32 GB,,"43,200","2,16",Black / Orange,8.75,14
G.Skill Trident Z 32 GB,,"43,200","2,16",Black / White,8.75,14
TEAMGROUP T-Force / Night Hawk 16 GB,,"43,200","2,8",Black / White,10,16
Corsair Vengeance RGB 32 GB,263.44,"43,000","4,8",Black,10,15
Corsair Vengeance RGB 32 GB,,"42,666","4,8",Black,12.003,16
G.Skill Trident Z RGB 32 GB,,"43,866","2,16",Black,9.312,18
TEAMGROUP Vulcan 16 GB,,"43,000","2,8",Black / Red,10.667,16
G.Skill Trident Z 16 GB,179,"44,400","2,8",Black,8.636,19
TEAMGROUP T-Force Delta RGB 32 GB,,"43,000","2,16",Black,10.667,16
Corsair Vengeance LED 64 GB,507.1,"42,666","4,16",Black / Red,12.003,16
Corsair Vengeance LPX 16 GB,,"43,000","1,16",Black,10.667,16
TEAMGROUP T-Force Xtreem 32 GB,,"43,600","4,8",Black / Silver,8.889,16
TEAMGROUP T-Force Vulcan 32 GB,,"42,400","4,8",Silver / Black,11.667,14
Kingston HyperX Predator 16 GB,,"42,666","1,16",Black,9.752,13
Kingston ValueRAM 16 GB,48.26,"42,400","1,16",Green / Black,14.167,17
Corsair Vengeance LPX 16 GB,,"44,400","2,8",Black / Yellow,8.636,19
Corsair Vengeance LPX 16 GB,,"44,600","2,8",Black / Yellow,8.261,19
Corsair Vengeance LPX 32 GB,,"44,133","4,8",Black / Yellow,9.194,19
ADATA XPG GAMMIX D10 16 GB,,"42,400","2,8",Black / White,13.333,16
Patriot Viper Venom RGB 16 GB,,"43,600","2,8",Black / Silver,8.889,16
Corsair Vengeance LPX 16 GB,,"43,466","2,8",Black / Yellow,9.233,16
Kingston HyperX Fury 16 GB,,"43,466","2,8",Black / Silver,10.964,19
Crucial Ballistix Sport LT 8 GB,,"42,666","1,8",Red / Black,12.003,16
Corsair Vengeance RGB Pro 128 GB,,"43,000","8,16",White,10.667,16
Corsair Vengeance RGB Pro 32 GB,,"44,000","4,8",Black,9.5,19
Crucial CT2G4SFS624A 2 GB,,"42,400","1,2",Green / Black,14.167,17
Corsair Vengeance RGB Pro 16 GB,,"44,600","2,8",Black,8.261,19
Kingston HyperX Predator 16 GB,,"44,000","2,8",Black,9.5,19
V-Color SKYWALKER PRISM RGB 16 GB,,"43,200","2,8",Silver,10,16
Crucial Ballistix Sport LT 8 GB,,"42,666","2,4",Red / Black,12.003,16
TEAMGROUP T-Force Vulcan Z 16 GB,,"43,200","1,16",Black,10,16
TEAMGROUP T-Force Vulcan Z 8 GB,,"42,666","1,8",Red,13.503,18
Crucial Ballistix Elite 32 GB,,"44,000","4,8",Black,9,18
GeIL EVO POTENZA 16 GB,,"43,200","2,8",Red,10,16
Kingston HyperX Fury RGB 32 GB,,"42,400","2,16",Black,12.5,15
Kingston HyperX Fury RGB 16 GB,,"43,200","1,16",Black,10,16
Kingston HyperX Fury RGB 16 GB,,"43,466","1,16",Black,9.233,16
Thermaltake TOUGHRAM RGB 16 GB,,"43,200","2,8",Black / Silver,10,16
Kingston HyperX Fury 64 GB,,"43,200","2,32",Black / Silver,10,16
G.Skill Trident Z Royal 64 GB,,"43,200","2,32",Silver,10,16
Corsair Vengeance LPX 32 GB,,"43,200","4,8",Black / Yellow,10,16
OLOy WarHawk RGB 32 GB,,"43,200","2,16",White,10,16
ADATA XPG SPECTRIX D50 16 GB,,"43,600","2,8",Black,10,18
ADATA XPG GAMMIX D20 16 GB,,"43,200","2,8",Black,10,16
ADATA XPG GAMMIX D20 32 GB,,"43,200","2,16",Black,10,16
ADATA XPG GAMMIX D20 64 GB,,"43,200","2,32",Black,10,16
TEAMGROUP T-Force Vulcan Z 32 GB,,"43,200","1,32",Gray / Black,10,16
Kingston HyperX 128 GB,,"42,666","4,32",Black,11.253,15
TEAMGROUP T-Force Zeus 32 GB,169,"43,200","2,16",Red,12.5,20
G.Skill Trident Z Royal Elite 32 GB,,"44,000","2,16",Silver / Black,7,14
Klevv BOLT X 8 GB,,"43,600","1,8",Black,10,18
Klevv BOLT X 16 GB,,"43,600","1,16",Black,10,18
G.Skill Trident Z5 32 GB,,"56,000","2,16",Black / Silver,13.333,40
G.Skill Trident Z Royal Elite 16 GB,,"45,333","2,8",Gold,8.251,22
GeIL Orion RGB AMD Edition 32 GB,,"43,600","2,16",Gray,10,18
GeIL Polaris RGB 32 GB,,"55,200","2,16",Red,13.077,34
ADATA XPG LANCER RGB 16 GB,,"55,200","1,16",White,14.615,38
ADATA XPG LANCER RGB 16 GB,,"56,000","1,16",White,13.333,40
TEAMGROUP T-Force Vulcan Z 16 GB,,"43,000","2,8",Gray,10.667,16
G.Skill Trident Z5 RGB 32 GB,,"56,000","2,16",White / Black,13.333,40
Kingston Server Premier 16 GB,53.99,"43,200","1,16",,13.75,22
Kingston FURY Beast 32 GB,83.63,"42,666","1,32",Black,12.003,16
TEAMGROUP Elite 8 GB,,"43,200","1,8",Black,13.75,22
TEAMGROUP T-Force Xtreem ARGB 16 GB,,"44,800","2,8",White,8.333,20
ADATA XPG SPECTRIX D50 32 GB,,"43,600","2,16",Black,10,18
Mushkin Redline 32 GB,,"43,200","2,16",Black,8.75,14
G.Skill Trident Z Neo 64 GB,,"44,000","2,32",Black / White,9,18
Acer Predator Vesta RGB 32 GB,,"43,200","2,16",Silver,8.75,14
Corsair Dominator Platinum RGB 16 GB,84.99,"43,200","2,8",White,11.25,18
Silicon Power XPOWER Turbine 8 GB,,"43,200","1,8",Blue / Black,10,16
Silicon Power SP001GBRDE400O01 1 GB,,400,"1,1",,12.5,2.5
G.Skill Trident Z5 RGB 64 GB,,"56,000","2,32",Black / White,10.667,32
Corsair Dominator Platinum RGB 64 GB,,"56,000","2,32",Gray / Black,13.333,40
V-Color Manta XPrism RGB 32 GB,,"58,000","2,16",Silver,9.5,38
Kingston Fury Renegade RGB 16 GB,149.99,"57,200","1,16",Silver / Black,10.556,38
Kingston FURY Renegade 16 GB,110.79,"56,800","1,16",White / Silver,10.588,36
GeIL Polaris RGB 32 GB,,"56,000","2,16",Black,12.667,38
Kingston KSM48R40BS4TMM-32HMR 32 GB,130.99,"54,800","1,32",Green,16.667,40
Kingston FURY Beast 32 GB,,"55,600","2,16",Black,14.286,40
Crucial Ballistix MAX RGB 16 GB,,"44,400","2,8",Black,8.636,19
GeIL ORION V RGB AMD 16 GB,,"55,200","1,16",Red,16.154,42
TEAMGROUP Elite Plus 16 GB,,"43,200","1,16",Red / Black,13.75,22
GOODRAM IRDM PRO 8 GB,,"43,600","1,8",Black / Gold,9.444,17
Apacer Panther 32 GB,,"55,200","2,16",Silver / Black,14.615,38
TEAMGROUP T-Force Vulcan 16 GB,,"56,000","1,16",Black,12.667,38
TEAMGROUP T-Force Vulcan 16 GB,,"56,000","1,16",Black,9.333,28
TEAMGROUP T-Force Vulcan 32 GB,,"56,400","2,16",Red,9.375,30
ADATA XPG GAMMIX D10 16 GB,,"43,200","2,8",White,10,16
OLOy Blade 16 GB,,"43,200","2,8",Black,10,16
Mushkin Redline Pro 64 GB,,"54,800","2,32",Black,16.667,40
Kingston Fury Renegade RGB 32 GB,239.99,"57,600","2,16",Silver / Black,10,38
Kingston FURY Renegade Pro 32 GB,177.71,"56,000","1,32",Black,10.667,32
Kingston FURY Renegade Pro 128 GB,579.79,"55,600","4,32",Black,12.857,36
Mushkin Redline 64 GB,129.99,"43,200","2,32",,10,16
G.Skill Ripjaws 32 GB,65.98,"42,400","2,16",Black / Blue,13.333,16
Corsair Vengeance Performance 16 GB,39.99,"42,666","2,8",Black / Yellow,13.503,18
Corsair Vengeance LPX 16 GB,137.05,"44,000","2,8",Black,8,16
TEAMGROUP Elite 32 GB,56.99,"42,666","2,16",Black,14.254,19
Kingston FURY Impact 32 GB,84.99,"42,666","2,16",Black,11.253,15
Crucial CT32G52C42S5 32 GB,100.41,"55,200","1,32",Black,16.154,42
Mushkin Redline Lumina 32 GB,115.99,"56,000","2,16",Black,10,30
Samsung M393B2G70DB0-CMA 16 GB,16.98,"31,866","1,16",Black / Green,13.934,13
Lexar LD4AS032G-B3200GSST 32 GB,62.99,"43,200","1,32",Black,13.75,22
G.Skill Ripjaws 8 GB,26.99,"43,200","1,8",Black / Blue,11.25,18
Crucial CT204864BF160B 16 GB,157.79,"31,600","1,16",Black / Green,13.75,11
G.Skill Trident Z Royal 16 GB,166.29,"44,000","2,8",Silver,7.5,15
G.Skill Ripjaws Z 32 GB,,"32,133","4,8",Black / Blue,9.376,10
G.Skill Ripjaws V 16 GB,172,"42,800","2,8",Black / Red,10.714,15
G.Skill Aegis 8 GB,331.43,"42,400","2,4",Black / Red,14.167,17
TEAMGROUP T-Force Xtreem ARGB 32 GB,155.72,"43,200","2,16",Black,10,16
Corsair Dominator Platinum RGB 32 GB,149.99,"44,000","2,16",Black,9,18
Silicon Power SP016GBSFU240B22 16 GB,,"42,400","2,8",,14.167,17
G.Skill Ares 16 GB,40.17,"31,600","2,8",Black / Orange,12.5,10
Mushkin Essentials 32 GB,83.06,"42,666","1,32",Green / Black,14.254,19
TEAMGROUP T-Force Delta RGB 64 GB,134.99,"43,200","2,32",Black,10,16
Kingston FURY Beast 64 GB,168.07,"42,666","4,16",Black,12.003,16
Mushkin Redline 32 GB,123.99,"43,600","2,16",White,8.889,16
Mushkin Silverline 64 GB,157.99,"43,200","2,32",Silver,13.75,22
Silicon Power XPOWER Zenith RGB Gaming 64 GB,,"55,600","2,32",White,14.286,40
Corsair Dominator Platinum RGB 64 GB,,"55,200","2,32",Gray / Black,15.385,40
G.Skill Ripjaws 4 GB,14.73,"31,333","1,4",Black / Red,13.503,9
G.Skill Trident Z 32 GB,1717.31,"43,400","2,16",Silver / Red,9.412,16
Kingston Server Premier 16 GB,59.8,"43,200","1,16",,13.75,22
G.Skill Ripjaws V 16 GB,114.64,"44,400","2,8",Black,7.727,17
Silicon Power SP008GBLFU266X22 8 GB,,"42,666","2,4",,14.254,19
GeIL EVO V RGB 32 GB,138.99,"56,400","2,16",Black,11.875,38
G.Skill Ripjaws 32 GB,94.99,"54,800","2,16",Black / Silver,15.833,38
TEAMGROUP Elite 64 GB,165.99,"55,200","2,32",Black,16.154,42
G.Skill Trident Z5 Neo RGB 48 GB,164.99,"55,600","2,24",Black,14.286,40
Kingston Value 1 GB,22.99,"2,400","1,1",Green,15,3
G.Skill Sniper 8 GB,99.99,"32,133","2,4",Black / Red,8.439,9
G.Skill Ripjaws 4 GB,12.51,"31,600","1,4",,13.75,11
Kingston KVR16N11S6/2 2 GB,,"31,600","1,2",Black / Green,13.75,11
Kingston HyperX Fury 16 GB,,"31,333","2,8",White / Silver,13.503,9
G.Skill NT 8 GB,59,"42,400","2,4",Black,12.5,15
G.Skill NT 4 GB,,"42,400","1,4",Black,12.5,15
G.Skill Trident Z 16 GB,,"43,000","2,8",Red / Silver,10,15
G.Skill Trident Z RGB 32 GB,,"42,400","2,16",Black,12.5,15
Crucial CT4K16G4DFD824A 64 GB,234.99,"42,400","4,16",Green / Black,14.167,17
G.Skill Trident Z RGB 32 GB,299,"43,733","2,16",Black,9.108,17
G.Skill Trident Z Royal 32 GB,,"44,000","2,16",Gold,9,18
G.Skill Trident Z Royal 32 GB,365.2,"43,600","4,8",Silver,7.778,14
G.Skill Ripjaws V 32 GB,,"44,266","2,16",Black,8.908,19
Corsair Vengeance LPX 128 GB,,"43,200","8,16",Black,10,16
Kingston FURY Renegade 64 GB,,"43,200","4,16",Black,10,16
Mushkin Redline 32 GB,107.99,"43,200","2,16",White,10,16
Mushkin Redline 16 GB,79.98,"43,600","2,8",White,8.889,16
G.Skill F4-3600C17Q2-128GTZSW 128 GB,,"43,600","8,16",Gray / White,9.444,17
Kingston FURY Impact 8 GB,38.76,"54,800","1,8",Black,15.833,38
V-Color TRA524G76S838R3Q 96 GB,1199.99,"57,600","4,24",White,10,38
Kingston FURY Renegade Pro 64 GB,339.99,"55,600","4,16",Black,10,28
Kingston FURY Renegade Pro 128 GB,697,"54,800","8,16",Black,15,36
Kingston FURY Renegade Pro 128 GB,1234.45,"56,800","8,16",Black,10,34
Corsair Dominator 6 GB,,"31,600","3,2",Black / Blue,11.25,9
Kingston ValueRAM 4 GB,30.99,"31,333","2,2",Green,13.503,9
Kingston ValueRAM 2 GB,,"2,667","2,1",Green,14.993,5
ADATA Gaming 4 GB,,"31,600","2,2",Black,11.25,9
Patriot Gamer 4 GB,,"31,600","2,2",Black / Green,11.25,9
G.Skill Ripjaws X 8 GB,46.16,"32,133","2,4",Black / Blue,8.439,9
Mushkin Essentials 4 GB,17.98,"31,333","1,4",Green,13.503,9
Wintec Value 16 GB,,"31,333","2,8",Green,13.503,9
Mushkin Essentials 8 GB,,"31,600","4,2",Green,13.75,11
Corsair CMV16GX3M2A1333C9 16 GB,77.7,"31,333","2,8",Green,13.503,9
Corsair Dominator Platinum 16 GB,,"31,600","2,8",Black / Silver,11.25,9
Corsair Vengeance 64 GB,,"31,600","8,8",Black / Silver,11.25,9
G.Skill Ripjaws Z 32 GB,,"32,133","4,8",Black / Red,10.314,11
Corsair Dominator Platinum 16 GB,,"32,400","2,8",Black / Silver,8.333,10
Corsair Vengeance LP 16 GB,,"31,866","2,8",Black / Yellow,10.718,10
Corsair Vengeance Pro 8 GB,,"31,600","2,4",Black / Silver,11.25,9
Corsair Vengeance Pro 16 GB,,"31,600","2,8",Black / Gold,11.25,9
G.Skill Aegis 8 GB,50,"31,600","1,8",,13.75,11
Corsair Vengeance Pro 16 GB,,"32,800","2,8",Black / Red,8.571,12
ADATA XPG Z1 8 GB,,"42,133","2,4",Red / Black,12.189,13
ADATA XPG Z1 32 GB,,"42,400","4,8",Red / Black,13.333,16
ADATA XPG Z1 16 GB,,"42,800","2,8",Red / Black,12.143,17
Kingston HyperX Savage 4 GB,,"31,600","1,4",Black / Red,11.25,9
Kingston HyperX Beast 16 GB,,"32,400","2,8",Black,9.167,11
Kingston HyperX Fury 8 GB,,"31,866","2,4",Blue / Silver,10.718,10
Crucial CT32G3ELSLQ4160B 32 GB,,"31,600","1,32",Blue / Silver,13.75,11
Patriot Viper 4 32 GB,,"43,000","4,8",Black / Red,10.667,16
G.Skill Ares 16 GB,42.99,"31,600","2,8",Blue,11.25,9
Kingston HyperX Fury 16 GB,,"42,666","4,4",Black / Silver,11.253,15
TEAMGROUP Vulcan 16 GB,,"31,600","2,8",Red,11.25,9
Kingston HX328C12T2K2/8 8 GB,,"32,800","2,4",Black / Blue,7.857,11
Corsair Vengeance LPX 16 GB,95.81,"42,666","2,8",Red,12.003,16
Kingston HyperX Fury 8 GB,,"31,600","1,8",Black,12.5,10
G.Skill Trident Z 16 GB,,"43,400","2,8",Red / Silver,9.412,16
Avexir Core 8 GB,,"42,400","1,8",Black / Silver,13.333,16
G.Skill Ripjaws V 32 GB,,"43,200","4,8",Red,10,16
G.Skill Ripjaws V 8 GB,,"42,800","1,8",Red,10.714,15
GeIL Dragon RAM Combo 16 GB,,"43,600","4,4",White / Gold,9.444,17
Patriot Signature Line 8 GB,,"42,400","2,4",Blue / Silver,14.167,17
Corsair Dominator Platinum 32 GB,,"43,200","4,8",Black / Silver,9.375,15
G.Skill Ripjaws V 16 GB,,"43,000","2,8",Red,9.333,14
G.Skill Ripjaws V 16 GB,,"43,200","2,8",Red,8.75,14
Corsair Vengeance LPX 32 GB,,"43,200","2,16",Red,10,16
G.Skill Ripjaws V 64 GB,,"43,200","8,8",Black,8.75,14
Kingston FURY 16 GB,,"42,133","2,8",Black / Silver,13.127,14
GeIL EVO X 16 GB,,"43,000","2,8",Black / Blue,10,15
TEAMGROUP Dark 16 GB,,"43,000","2,8",Black / Silver,10.667,16
G.Skill Trident Z RGB 32 GB,,"43,000","4,8",Black,10.667,16
Kingston FURY 16 GB,,"42,666","2,8",Black / White,12.003,16
Kingston Impact 64 GB,,"42,400","4,16",Black,12.5,15
TEAMGROUP Vulcan 8 GB,,"43,000","2,4",Black / Gray,10.667,16
TEAMGROUP Vulcan 16 GB,,"42,400","2,8",Black / Red,11.667,14
Patriot Viper Elite 8 GB,,"42,133","1,8",Black / Gray,13.127,14
Crucial Ballistix Tactical 16 GB,,"43,000","2,8",Black,10,15
Patriot Signature Line 16 GB,,"42,400","2,8",,14.167,17
Corsair Vengeance RGB 16 GB,,"43,000","2,8",White,10,15
Crucial CT4K16G4DFD8266 64 GB,234.02,"42,666","4,16",Green,14.254,19
Corsair Vengeance RGB 16 GB,,"43,000","2,8",Black,10.667,16
Corsair Vengeance RGB 32 GB,,"43,600","2,16",,10,18
G.Skill Ripjaws V 64 GB,1383.63,"43,000","4,16",Red,10.667,16
TEAMGROUP T-Force Night Hawk RGB 32 GB,,"43,200","2,16",White,10,16
TEAMGROUP T-Force Vulcan 16 GB,,"43,200","2,8",Black / Silver,10,16
Crucial Ballistix Sport LT 4 GB,,"42,400","1,4",Red,13.333,16
Crucial CT32G4RFD4266 32 GB,70.02,"42,666","1,32",Green / Black,14.254,19
Crucial CT8G4RFS424A 8 GB,28.99,"42,400","1,8",Green / Black,14.167,17
GeIL EVO POTENZA 16 GB,,"42,666","2,8",Black,12.003,16
Kingston HyperX Fury 32 GB,,"42,133","2,16",Red / Silver,13.127,14
V7 V7192008GBD 8 GB,,"42,400","1,8",Black,14.167,17
ADATA Flame 4 GB,,"42,400","1,4",Black / Orange,13.333,16
Patriot Viper Elite 16 GB,,"42,400","2,8",Silver / Red,12.5,15
G.Skill Trident Z RGB 32 GB,117.53,"42,666","4,8",Black,13.503,18
G.Skill Trident Z RGB 32 GB,,"43,466","2,16",Black,9.233,16
TEAMGROUP T-Force XCalibur RGB 16 GB,,"44,000","2,8",Black,9,18
TEAMGROUP T-Force XCalibur RGB SE 16 GB,,"44,000","2,8",Black,9,18
Corsair Vengeance LPX 32 GB,,"44,000","2,16",Black / Yellow,9.5,19
Crucial CT4K16G4VFS4266 64 GB,,"42,666","4,16",Green / Black,14.254,19
ADATA XPG SPECTRIX D41 16 GB,,"43,200","2,8",Red,10,16
ADATA XPG SPECTRIX D80 16 GB,,"43,200","2,8",Red,10,16
Corsair Vengeance RGB Pro 16 GB,,"43,200","2,8",Black,8.75,14
Corsair Vengeance RGB Pro 32 GB,,"43,000","2,16",White,10,15
Kingston HyperX Predator 8 GB,,"43,000","2,4",Black / Silver,10,15
Mushkin Silverline 32 GB,103.99,"42,666","2,16",Silver / Green,14.254,19
ADATA Premier 16 GB,,"42,666","2,8",Green / Black,14.254,19
G.Skill Trident Z Royal 16 GB,,"43,000","2,8",Gold,10.667,16
GeIL EVO SPEAR 16 GB,,"42,666","2,8",Black / Orange,14.254,19
Kingston HyperX Fury 32 GB,,"43,200","2,16",Black / White,11.25,18
V-Color SKYWALKER 16 GB,,"43,000","2,8",Black / Silver,10,15
Crucial CT16G4XFD8266 16 GB,139.99,"42,666","1,16",Green / Black,14.254,19
Corsair Vengeance LPX 128 GB,,"42,400","4,32",Black / Yellow,13.333,16
Patriot Signature Premium 16 GB,,"42,400","1,16",Black,14.167,17
Kingston HyperX Fury RGB 8 GB,50.99,"42,666","1,8",Black,12.003,16
Corsair Vengeance RGB Pro 16 GB,,"44,600","2,8",Black,7.826,18
Patriot Viper 4 Blackout 16 GB,,"43,600","2,8",Black,9.444,17
TEAMGROUP T-Force Dark Z 8 GB,,"43,200","1,8",Silver,10,16
Patriot Viper Venom RGB 16 GB,,"43,600","2,8",Black,9.444,17
OLOy MD4U163216CGDA 32 GB,,"43,200","2,16",Black,10,16
Corsair Vengeance LPX 64 GB,,"43,000","2,32",Black / Yellow,10,15
GeIL EVO SPEAR 32 GB,,"43,200","2,16",Black / Orange,10,16
G.Skill Trident Z Neo 32 GB,,"43,600","4,8",Black / Silver,7.778,14
Kingston KCP426NS6/4 4 GB,23.06,"42,666","1,4",Green / Black,14.254,19
Kingston HyperX Predator RGB 32 GB,,"43,600","4,8",Black,9.444,17
Kingston HyperX Predator RGB 64 GB,,"43,200","4,16",Black,10,16
Kingston HyperX Predator RGB 16 GB,,"43,200","1,16",Black,10,16
Crucial Ballistix 32 GB,,"43,000","2,16",White,10,15
Crucial Ballistix RGB 32 GB,,"43,200","2,16",White,10,16
G.Skill Trident Z Royal 256 GB,,"42,666","8,32",Gold,13.503,18
Corsair Vengeance RGB Pro 64 GB,,"43,000","2,32",Black,10.667,16
GeIL GeIL EVO POTENZA AMD 32GB (2 x 16GB) 288-Pin DDR4 SDRAM DDR4 3200 (PC4 25600) Desktop Memory Model GAPB432GB3200C16ADC 32 GB,,"43,200","2,16",Black,10,16
GeIL EVO SPEAR 16 GB,,"43,200","2,8",Black,10,16
TEAMGROUP Team T-FORCE VULCAN Z 64GB (2 x 32GB) 288-Pin DDR4 SDRAM DDR4 3000 (PC4 24000) Desktop Memory Model TLZGD464G3000HC16CDC01 64 GB,,"43,000","2,32",Gray,10.667,16
Thermaltake H-ONE 16 GB,,"43,200","2,8",Black / Silver,10,16
ADATA XPG GAMMIX D10 16 GB,,"43,000","2,8",Black / Silver,10.667,16
ADATA XPG SPECTRIX D50 32 GB,,"43,200","2,16",Black,10,16
TEAMGROUP Elite Plus 16 GB,,"42,666","2,8",Red / Black,14.254,19
Thermaltake TOUGHRAM RC 16 GB,,"43,200","2,8",Black,10,16
Kingston HyperX Fury RGB 64 GB,,"43,200","2,32",Black,10,16
Micron MT8JTF25664AZ-1G4D1 2 GB,22.1,"31,333","1,2",,13.503,9
G.Skill Trident Z Royal 64 GB,,"43,200","2,32",Gold,8.75,14
Apacer AU 16 GB,,"42,666","1,16",Black,14.254,19
TEAMGROUP Xtreem ARGB 32 GB,,"43,200","2,16",White,8.75,14
Neo Forza MARS 64 GB,,"43,200","2,32",Gray / Black,10,16
Neo Forza FAYE 8 GB,,"43,000","1,8",Silver / Black,10,15
Neo Forza FAYE 32 GB,,"43,000","2,16",Silver / Black,10,15
TEAMGROUP T-Create Classic 32 GB,,"42,666","2,16",Silver,14.254,19
G.Skill Trident Z5 32 GB,,"55,600","2,16",Silver / Black,12.857,36
TEAMGROUP T-Force Vulcan 32 GB,,"55,200","2,16",Black / Silver,14.615,38
Neo Forza Encke 16 GB,,"31,600","2,8",Gold / Black,13.75,11
V-Color Manta XPrism RGB 32 GB,,"56,000","2,16",Black,12,36
G.Skill TridentZ RGB 16 GB,,"44,600","2,8",Black,8.261,19
Kingston FURY 16 GB,,"42,400","1,16",Black,12.5,15
GeIL Orion AMD Edition 32 GB,,"43,200","2,16",Gray,10,16
GeIL Polaris RGB 32 GB,,"55,600","2,16",Gray,13.571,38
TEAMGROUP T-Force Vulcan Z 32 GB,,"44,000","2,16",Red,9,18
TEAMGROUP T-Force Delta RGB 16 GB,,"43,600","2,8",Black,7.778,14
Kingston FURY Renegade 16 GB,,"44,600","2,8",Black,8.261,19
G.Skill Trident Z5 RGB 32 GB,,"55,600","2,16",Black,12.857,36
Kingston Server Premier 32 GB,189.99,"42,933","1,32",,14.32,21
Lexar Hades OC 16 GB,,"43,200","1,16",Gray / Black,11.25,18
Lexar Hades OC 32 GB,,"43,600","2,16",Gray / Black,10,18
VisionTek OCPC PISTA RGB 16 GB,149.99,"55,200","2,8",Gray,13.846,36
TEAMGROUP Elite 4 GB,,"42,400","1,4",Black,13.333,16
TEAMGROUP T-Force Delta TUF Gaming Alliance RGB 8 GB,,"43,200","1,8",Black / Gold,10,16
TEAMGROUP T-Force Delta TUF Gaming Alliance RGB 32 GB,,"43,600","2,16",Black / Gold,8.889,16
ADATA XPG GAMMIX D45 16 GB,,"43,200","1,16",White,10,16
ADATA XPG GAMMIX D45 32 GB,,"43,200","2,16",Black,10,16
ADATA XPG GAMMIX D45 8 GB,,"43,600","1,8",Black,10,18
ADATA XPG SPECTRIX D50 32 GB,,"43,200","1,32",Black,10,16
ADATA XPG SPECTRIX D50 64 GB,,"43,200","2,32",Black,10,16
ADATA XPG SPECTRIX D50 32 GB,,"43,600","4,8",Black,10,18
Mushkin Silverline 16 GB,115.58,"42,133","1,16",Silver,14.065,15
Mushkin Proline 32 GB,104.99,"42,933","1,32",,14.32,21
G.Skill Trident Z 32 GB,,"56,400","2,16",White / Black,10,32
G.Skill Ripjaws V 64 GB,,"43,200","2,32",Red,8.75,14
G.Skill Trident Z Royal 256 GB,,"43,600","8,32",Gold,8.889,16
Patriot Signature Line 16 GB,,"55,600","2,8",Black,14.286,40
Patriot Signature Line 8 GB,,"55,600","1,8",Black,14.286,40
Patriot Viper Venom RGB 32 GB,,"43,200","2,16",Black,10,16
Silicon Power XPOWER Zenith RGB Gaming 8 GB,,"43,200","1,8",Black,10,16
Silicon Power XPOWER Zenith RGB Gaming 16 GB,,"43,200","1,16",Black,10,16
Silicon Power SP032GBLFU320X22 32 GB,,"43,200","2,16",,13.75,22
Silicon Power SP064GBSFU266X22 64 GB,,"42,666","1,64",,14.254,19
G.Skill Trident Z5 RGB 64 GB,,"56,000","2,32",Black,10.667,32
Corsair Vengeance 64 GB,,"55,600","2,32",Gray,12.857,36
Thermaltake TOUGHRAM XG RGB 16 GB,219.99,"44,600","2,8",White / Silver,8.261,19
TEAMGROUP Elite Plus 32 GB,,"55,200","2,16",Black,16.154,42
OLOy Blade RGB 16 GB,,"55,600","2,8",Black,14.286,40
GeIL Polaris RGB SYNC 32 GB,,"58,000","2,16",Red,9.5,38
OLOy Blade RGB 64 GB,,"55,600","2,32",White,12.857,36
TEAMGROUP Elite Plus 16 GB,,"43,200","2,8",Red / Black,13.75,22
TEAMGROUP Elite 32 GB,,"55,600","1,32",Black,16.429,46
TEAMGROUP Elite 16 GB,,"55,600","2,8",Black,16.429,46
TEAMGROUP Elite 64 GB,,"56,400","2,32",Black,16.25,52
TEAMGROUP Elite 32 GB,,"56,400","2,16",Black,16.25,52
ADATA XPG LANCER RGB 16 GB,,"56,400","1,16",White,10,32
Netac Shadow II 8 GB,,"43,200","1,8",Black,10,16
TEAMGROUP T-Force Vulcan 64 GB,,"55,600","2,32",Black,12.857,36
TEAMGROUP T-Force Vulcan 32 GB,,"56,400","1,32",Black,10.625,34
ADATA XPG GAMMIX D10 8 GB,,"43,600","1,8",Black,10,18
Mushkin Redline Lumina White 32 GB,112.99,"56,000","2,16",White,12,36
Acer Predator Hermes RGB 32 GB,,"58,000","2,16",Black,9,36
Kingston FURY Renegade 32 GB,229.48,"57,200","2,16",Silver / White,10.556,38
Crucial CT16G4SFD824A 16 GB,41,"42,400","1,16",Black / Green,14.167,17
Mushkin Redline 16 GB,34.99,"42,666","2,8",,12.003,16
Kingston FURY Impact 64 GB,189.99,"54,800","2,32",Black,15.833,38
G.Skill Trident Z 32 GB,211.69,"43,200","4,8",Silver / White,8.75,14
Kingston FURY Impact 16 GB,69.99,"54,800","2,8",Black,15.833,38
G.Skill Sniper 16 GB,39.99,"31,600","2,8",Black / Red,12.5,10
G.Skill Trident Z Royal 64 GB,421.88,"43,200","4,16",Gold,8.75,14
Mushkin Essentials 8 GB,20.58,"31,066","2,4",Green,13.133,7
G.Skill Ripjaws V 32 GB,1922.37,"43,200","2,16",Red,8.75,14
Mushkin Redline Lumina 64 GB,139.99,"43,200","2,32",Black,10,16
Patriot Viper Venom RGB 32 GB,114.99,"56,600","2,16",Black / White,12.121,40
V-Color TRA548G64D832Q 192 GB,1519.99,"56,400","4,48",White,10,32
Crucial CT8G3S160BM 8 GB,18,"31,600","1,8",Black / Green,13.75,11
Crucial CT32G4SFD8266 32 GB,66.9,"42,666","1,32",Green / Black,14.254,19
Corsair Vengeance RGB RT 32 GB,124.99,"43,200","4,8",Black,10,16
Mushkin Redline Lumina 32 GB,166.93,"43,200","2,16",White,8.75,14
G.Skill Trident Z 16 GB,656.48,"44,000","2,8",White / Gold,9.5,19
Corsair Dominator Platinum 32 GB,,"42,800","2,16",Black / Silver,10.714,15
G.Skill Trident Z Royal Elite 64 GB,,"44,000","2,32",Silver,9,18
G.Skill Trident Z 32 GB,110.99,"55,600","2,16",Black,12.857,36
G.Skill Ripjaws V 32 GB,175.63,"44,000","4,8",Red,8.5,17
Corsair Dominator 8 GB,185,"31,600","4,2",Black / Blue,10,8
G.Skill Ripjaws 8 GB,25.71,"31,333","2,4",Black / Red,13.503,9
G.Skill Ripjaws X 16 GB,126.68,"31,866","4,4",Black / Red,9.646,9
Corsair Vengeance 4 GB,24.99,"31,600","1,4",Black / Yellow,11.25,9
G.Skill Aegis 16 GB,,"31,600","2,8",,13.75,11
G.Skill Aegis 8 GB,21.66,"31,600","2,4",,13.75,11
Crucial CT32G4LFQ4213 32 GB,82.99,"42,133","1,32",Black / Green,14.065,15
Kingston ValueRAM 32 GB,72.77,"42,133","1,32",Black / Green,14.065,15
G.Skill Trident Z RGB 16 GB,108.22,"44,000","2,8",Black,9,18
G.Skill Trident Z RGB 32 GB,,"43,000","2,16",Black,9.333,14
G.Skill NT 16 GB,,"42,400","2,8",,14.167,17
Crucial CT8G4SFS8266 8 GB,21,"42,666","1,8",Green / Black,14.254,19
Crucial CT16G4RFD4266 16 GB,42.99,"42,666","1,16",Green / Black,14.254,19
G.Skill Trident Z RGB 32 GB,,"43,600","4,8",Black,10.556,19
Mushkin Essentials 32 GB,69.98,"42,400","2,16",Silver / Green,14.167,17
G.Skill Ripjaws V 64 GB,459.33,"44,000","8,8",Black,7.5,15
G.Skill Ripjaws V 32 GB,,"43,600","2,16",Black,7.778,14
Corsair Vengeance RGB RS 32 GB,159.99,"43,200","4,8",Black / Gray,10,16
Kingston FURY Beast 128 GB,320.39,"42,666","4,32",Black,12.003,16
Lexar Hades RGB 32 GB,,"43,600","2,16",Black,10,18
ADATA XPG CASTER RGB 32 GB,,"56,000","2,16",Black / Silver,10,30
Mushkin Enhanced Redline Stiletto 16 GB,75.7,"43,200","2,8",Black,8.75,14
VisionTek 901349 8 GB,58.55,"43,200","1,8",Black,13.75,22
Kingston FURY Renegade Pro 16 GB,96.93,"55,600","1,16",Black,12.857,36
Kingston FURY Renegade Pro 64 GB,371.99,"56,000","4,16",Black,10.667,32
V-Color TRA524G56S836O 192 GB,1439.99,"55,600","8,24",Black,12.857,36
Corsair XMS2 4 GB,,"2,800","2,2",Black / Blue,12.5,5
Kingston HyperX 4 GB,,"2,800","2,2",Blue / White,12.5,5
Kingston HyperX 2 GB,,"21,066","2,1",Blue / White,9.381,5
Kingston ValueRAM 1 GB,37.49,"2,800","1,1",Green,15,6
Kingston ValueRAM 2 GB,19.26,"2,800","1,2",Green,12.5,5
OCZ OCZ2V6672G 2 GB,36.35,"2,667","1,2",Green,14.993,5
Corsair XMS3 8 GB,,"31,333","4,2",Black / Blue,13.503,9
Kingston KVR1333D3N9K3/12G 12 GB,89.99,"31,333","3,4",Green,13.503,9
Kingston KVR1066D3N7/4G 4 GB,,"31,066","1,4",Green,13.133,7
PNY Optima 8 GB,,"31,333","2,4",Orange,13.503,9
G.Skill Ripjaws X + Turbulence II 4 GB,,"32,200","2,2",Black / Blue,6.364,7
Kingston KHX1600C9D3/4G 4 GB,,"31,600","1,4",Blue / Silver,11.25,9
Kingston KVR1066D3S7/1G 1 GB,,"31,066","1,1",Green,13.133,7
Mushkin Silverline 2 GB,,"31,333","1,2",Gray / Silver,13.503,9
Kingston KHX1866C11D3P1K2/8G 8 GB,,"31,866","2,4",Gray / Silver,11.79,11
Crucial CT2KIT102464BA1339 16 GB,,"31,333","2,8",Green,13.503,9
Corsair XMS3 8 GB,,"31,333","1,8",Black / Blue,13.503,9
G.Skill Ares 16 GB,,"31,866","2,8",Black / Blue,10.718,10
G.Skill Ripjaws X 16 GB,,"32,133","2,8",Black / Blue,8.439,9
Corsair Vengeance 16 GB,,"32,133","2,8",Black / Silver,9.376,10
Crucial Ballistix Sport 16 GB,,"31,333","2,8",Black / Silver,13.503,9
Kingston KVR13N9S8H/4 4 GB,33.83,"31,333","1,4",,13.503,9
Crucial Ballistix Tactical 4 GB,,"31,600","1,4",Black / Yellow,10,8
Kingston HyperX Beast 16 GB,,"32,400","2,8",Black,9.167,11
Corsair Vengeance Pro 16 GB,,"31,866","2,8",Black / Silver,9.646,9
Corsair Vengeance Pro 8 GB,,"31,866","2,4",Black / Red,9.646,9
Crucial Ballistix Sport XT 16 GB,,"31,600","2,8",Blue / Silver,11.25,9
Crucial Ballistix Sport XT 8 GB,,"31,866","2,4",,10.718,10
VisionTek 900390 2 GB,31.07,"31,600","1,2",Black,10,8
Corsair Vengeance LP 8 GB,,"31,600","2,4",Green,11.25,9
ADATA XPG V1.0 8 GB,,"31,600","2,4",Black / Silver,11.25,9
G.Skill Ripjaws Z 16 GB,62.21,"32,133","4,4",,9.376,10
Corsair Vengeance Pro 16 GB,,"32,666","2,8",Black / Red,9.002,12
Mushkin Essentials 32 GB,,"31,866","4,8",Black / Green,13.934,13
Patriot Viper 3 Low Profile Blue 16 GB,,"31,600","2,8",Black / Blue,11.25,9
G.Skill Ripjaws X 32 GB,,"32,133","4,8",Black / Red,10.314,11
Kingston HyperX Fury 8 GB,,"31,333","2,4",Black / Silver,13.503,9
Kingston HyperX Fury 8 GB,,"31,600","1,8",White / Silver,12.5,10
Kingston HyperX Fury 8 GB,,"31,866","1,8",Blue / Silver,10.718,10
Crucial Ballistix Sport 8 GB,,"42,400","2,4",Gray / Silver,13.333,16
G.Skill Trident X 8 GB,,"33,200","2,4",Black / Red,8.125,13
Kingston KTD-PE316LLQ/32G 32 GB,250.93,"31,600","1,32",Silver,13.75,11
Crucial CT2K32G3ELSDQ4186D 64 GB,,"31,866","2,32",Blue / Silver,11.79,11
Corsair Vengeance LPX 64 GB,,"42,400","8,8",Black,12.5,15
Corsair Dominator Platinum 32 GB,,"43,000","4,8",Black / Silver,10,15
Crucial Ballistix Elite 8 GB,,"42,666","1,8",Black,12.003,16
Kingston KVR16LE11L/8 8 GB,59,"31,600","1,8",Green,13.75,11
Corsair Vengeance LPX 32 GB,,"42,133","4,8",Black / Yellow,14.065,15
Kingston KVR21N15D8/8 8 GB,49.99,"42,133","1,8",Black / Green,14.065,15
Corsair Vengeance LPX 32 GB,,"43,000","4,8",Red,10,15
Crucial CT4K8G4RFD8213 32 GB,,"42,133","4,8",Black / Green,14.065,15
Wintec 3RSA213315R5H-64GQ 64 GB,,"42,133","4,16",Silver,14.065,15
G.Skill Ripjaws V 32 GB,,"42,133","4,8",Black / Red,14.065,15
G.Skill Ripjaws V 16 GB,,"43,600","4,4",Black,9.444,17
Corsair Vengeance Pro 32 GB,,"31,600","4,8",Black / Red,13.75,11
G.Skill Ripjaws V 16 GB,446,"43,000","4,4",Black / Red,10,15
Corsair Vengeance Pro 16 GB,,"32,133","2,8",Black / Red,10.314,11
Patriot Viper 4 16 GB,81.72,"42,400","2,8",Black / Red,12.5,15
G.Skill Ripjaws V 8 GB,,"42,666","1,8",Red,11.253,15
G.Skill Ripjaws V 16 GB,,"43,000","2,8",Black,10,15
G.Skill Ripjaws V 16 GB,,"43,000","2,8",Silver,10,15
G.Skill Ripjaws V 64 GB,1924.76,"43,200","4,16",Black,9.375,15
G.Skill Ripjaws V 32 GB,,"43,200","2,16",Black,10,16
Corsair Vengeance LPX 32 GB,,"43,600","4,8",Black / Yellow,10,18
Kingston Savage 8 GB,,"42,400","2,4",Black,10,12
Crucial CT2KIT51272BD160BJ 8 GB,,"31,600","2,4",Black / Green,13.75,11
G.Skill Ripjaws V 32 GB,2298.17,"43,600","4,8",Black,9.444,17
Mushkin Essentials 32 GB,,"42,133","2,16",Black / Green,14.065,15
Avexir ROG Red Tesla 32 GB,,"42,666","4,8",Black / Red,11.253,15
Corsair Dominator Platinum 8 GB,132.97,"42,800","2,4",Black / Silver,10.714,15
Kingston FURY 16 GB,,"42,133","1,16",Black / Green,13.127,14
Avexir Core 16 GB,,"42,666","2,8",Black / Blue,12.753,17
Crucial CT4K8G4WFS824A 32 GB,,"42,400","4,8",Black / Green,14.167,17
Kingston ValueRAM 32 GB,,"42,400","4,8",Green,14.167,17
Corsair Vengeance LED 16 GB,,"43,000","2,8",Black / Blue,10,15
G.Skill Trident Z 32 GB,,"43,200","2,16",Black / Orange,9.375,15
Corsair Vengeance Performance 64 GB,,"42,666","4,16",Black / Yellow,13.503,18
TEAMGROUP Vulcan 8 GB,,"42,400","1,8",Black / Red,11.667,14
Crucial Ballistix Sport LT 16 GB,,"42,666","2,8",White,12.003,16
Corsair Vengeance RGB 32 GB,299,"43,200","2,16",White,10,16
ADATA XPG GAMMIX D10 16 GB,,"42,666","2,8",Red / White,12.003,16
Patriot Viper Elite 8 GB,,"42,400","1,8",Gray,13.333,16
ADATA XPG GAMMIX D10 16 GB,,"42,666","2,8",Black / White,12.003,16
Corsair Vengeance RGB 32 GB,,"43,200","2,16",Black,10,16
G.Skill Aegis 16 GB,34.99,"42,400","1,16",Black / Red,14.167,17
G.Skill Trident Z 16 GB,,"44,133","2,8",Black / White,9.194,19
TEAMGROUP T-Force Dark 8 GB,,"42,666","1,8",Red / Black,11.253,15
Crucial Ballistix Sport LT 8 GB,,"42,400","1,8",Gray,13.333,16
GeIL EVO FORZA 16 GB,,"42,666","2,8",Red / Black,12.003,16
Kingston HyperX Fury 32 GB,,"42,666","2,16",Red / Silver,12.003,16
Crucial Ballistix Sport LT 32 GB,,"42,400","4,8",Silver / Gray,13.333,16
TEAMGROUP T-Force Vulcan TUF Gaming Alliance 16 GB,,"42,400","2,8",Gold / Black,11.667,14
ADATA XPG GAMMIX D10 4 GB,,"42,400","1,4",Black / White,13.333,16
ADATA XPG GAMMIX D10 8 GB,,"42,400","1,8",Red / White,13.333,16
Patriot Viper Venom RGB 16 GB,,"44,133","2,8",Black / Silver,9.194,19
ADATA XPG SPECTRIX D41 32 GB,,"42,666","2,16",Black,12.003,16
Corsair Vengeance RGB Pro 16 GB,,"43,466","2,8",Black,9.233,16
Crucial Ballistix Tactical 16 GB,,"43,000","1,16",Black,10,15
Crucial Ballistix Sport AT 16 GB,,"43,000","2,8",Silver / Black,11.333,17
TEAMGROUP T-Force Dark Pro 16 GB,,"43,466","2,8",Black / Silver,9.233,16
Corsair Vengeance RGB Pro 128 GB,,"42,666","8,16",White,12.003,16
Corsair Vengeance RGB Pro 16 GB,,"44,266","2,8",Black,8.908,19
Kingston HyperX Fury 64 GB,,"42,933","4,16",Black / White,11.592,17
Crucial Ballistix Sport LT 16 GB,,"43,000","2,8",Silver / Gray,10.667,16
Crucial Ballistix Sport LT 16 GB,,"43,200","2,8",Silver / Black,10,16
Crucial Ballistix Sport LT 32 GB,,"43,200","2,16",White / Silver,10,16
Crucial Ballistix Sport LT 32 GB,,"43,000","2,16",Silver / Black,10,15
Corsair Dominator Platinum RGB 16 GB,,"43,600","2,8",Black,8.889,16
Corsair Vengeance LPX 32 GB,,"43,000","4,8",Black / Yellow,10,15
TEAMGROUP T-Force Vulcan Z 8 GB,,"43,000","1,8",Red / Black,10.667,16
Patriot Viper Steel 16 GB,,"43,400","2,8",Silver / Black,9.412,16
Kingston HyperX Predator 64 GB,,"43,200","4,16",Black / Gray,10,16
Corsair Vengeance RGB Pro 32 GB,,"43,200","4,8",Black,10,16
Corsair Vengeance RGB Pro 32 GB,,"43,200","2,16",Black,10,16
G.Skill Trident Z Royal 16 GB,344,"44,400","2,8",Gold,8.182,18
G.Skill Trident Z Neo 64 GB,,"43,200","4,16",Silver / Black,10,16
OLOy WarHawk RGB 16 GB,,"43,200","2,8",Red / White,10,16
TEAMGROUP T-Force Dark 16 GB,,"43,200","2,8",Red / Black,10,16
Kingston HyperX Fury RGB 16 GB,,"43,000","2,8",Black,10,15
Kingston HyperX Predator RGB 16 GB,,"44,000","2,8",Black,9.5,19
Kingston HyperX Predator RGB 32 GB,,"43,000","2,16",Black,10,15
ADATA XPG GAMMIX D10 16 GB,,"43,200","2,8",Black / Silver,10,16
Crucial Ballistix 16 GB,,"43,000","2,8",White,10,15
Crucial Ballistix RGB 16 GB,,"43,200","2,8",Red,10,16
Crucial Ballistix RGB 32 GB,,"43,600","2,16",Red,8.889,16
Crucial Ballistix RGB 16 GB,,"43,600","2,8",Red,8.889,16
G.Skill Trident Z Royal 64 GB,,"43,200","2,32",Gold,10,16
G.Skill Trident Z Royal 64 GB,339,"42,666","2,32",Silver,13.503,18
Mushkin Essentials 64 GB,131.06,"42,666","2,32",Green / Black,14.254,19
Kingston HyperX Fury 128 GB,,"43,200","4,32",Black,10,16
V-Color Prism RGB 16 GB,,"43,200","2,8",Black / Silver,10,16
Corsair Vengeance LPX 16 GB,,"43,600","2,8",Black / Yellow,10.556,19
Corsair Dominator Platinum RGB 32 GB,,"44,000","4,8",White,9.5,19
ADATA XPG SPECTRIX D60G 16 GB,,"43,600","2,8",Black,7.778,14
Silicon Power XPOWER Turbine RGB 16 GB,,"43,200","2,8",Silver / Black,10,16
TEAMGROUP T-Force Xtreem ARGB 32 GB,,"43,600","2,16",Black,7.778,14
Neo Forza MARS 16 GB,,"43,600","2,8",Gray / Black,10,18
G.Skill Trident Z Royal 32 GB,,"44,000","2,16",Silver / Black,7,14
Corsair Dominator Platinum RGB First Edition 32 GB,,"55,200","2,16",Black,13.846,36
Acer Predator Apollo RGB 16 GB,,"43,200","2,8",Silver / Black,10,16
Acer Predator Apollo RGB 32 GB,,"44,000","2,16",Silver / Black,8.5,17
Acer Predator Talos 16 GB,,"43,200","1,16",White / Black,10,16
G.Skill Trident Z Royal 32 GB,,"44,600","2,16",Silver,8.261,19
G.Skill Trident Z Neo 64 GB,,"43,600","4,16",Black / White,7.778,14
G.Skill TridentZ RGB 16 GB,,"44,400","2,8",Black,8.182,18
G.Skill TridentZ RGB 16 GB,,"44,266","2,8",Black,8.908,19
HP V8 RGB 16 GB,,"43,000","2,8",Black / Silver,10.667,16
Corsair Vengeance RGB Pro 64 GB,,"43,000","4,16",Black,10.667,16
Kingston FURY 32 GB,,"43,200","2,16",Black,10,16
Kingston FURY 16 GB,,"42,400","2,8",Black,12.5,15
Kingston Fury Renegade RGB 128 GB,,"43,200","4,32",Black / Silver,10,16
Addlink Spider 4 32 GB,,"43,200","2,16",Black,10,16
TEAMGROUP T-Force Vulcan Z 16 GB,,"43,000","2,8",Red,10.667,16
TEAMGROUP T-Force Delta RGB 8 GB,,"43,000","1,8",Black,10.667,16
TEAMGROUP T-Force Delta RGB 32 GB,,"43,600","1,32",White,10,18
TEAMGROUP T-Force Delta RGB 16 GB,,"44,000","2,8",White,9,18
Kingston FURY Renegade 16 GB,,"42,666","2,8",Black,9.752,13
Kingston FURY Renegade 16 GB,,"44,000","1,16",Black,9.5,19
Kingston FURY Renegade 16 GB,194.58,"44,266","2,8",Black,8.908,19
Corsair Dominator Platinum RGB 64 GB,234.99,"43,200","4,16",Black,10,16
Lexar Hades OC 16 GB,,"43,600","2,8",Gray / Black,10,18
V-Color Prism Pro 16 GB,,"43,600","2,8",White,10,18
TEAMGROUP T-Force Dark Z 16 GB,,"43,200","2,8",Gray,10,16
TEAMGROUP T-Force Delta TUF Gaming Alliance RGB 64 GB,,"43,600","2,32",Black / Gold,8.889,16
ADATA XPG SPECTRIX D50 8 GB,,"44,133","1,8",Black,8.71,18
ADATA XPG SPECTRIX D50 16 GB,,"43,000","2,8",White,10.667,16
G.Skill Trident Z 32 GB,,"56,000","2,16",Black,13.333,40
G.Skill Sniper X 32 GB,,"43,600","2,16",White,10,18
G.Skill Trident Z RGB 64 GB,253.49,"42,666","2,32",,14.254,19
G.Skill F4-4133C19Q-32GTZSWF 32 GB,670.26,"44,133","4,8",Gray / White,9.194,19
G.Skill Aegis 8 GB,,"42,400","1,8",Black,14.167,17
TEAMGROUP Elite Plus 32 GB,,"55,600","2,16",Black,14.286,40
Silicon Power SP004GBLFU240N02 4 GB,17.64,"42,400","1,4",,14.167,17
Silicon Power SP001GBRDE333O01 1 GB,,333,"1,1",,15.015,2.5
ADATA XPG Z1 16 GB,,"43,200","2,8",Black,10,16
OLOy Blade RGB 32 GB,,"55,200","2,16",Platinum,13.846,36
Timetec PINNACLE Konduit RGB 64 GB,151.99,"43,200","2,32",White,10,16
Timetec PINNACLE Konduit RGB 32 GB,83.55,"43,200","1,32",White,10,16
Timetec PINNACLE Konduit 64 GB,,"43,600","2,32",Black,10,18
Crucial Ballistix 8 GB,,"42,666","1,8",Red,12.003,16
OLOy Blade RGB 16 GB,,"43,600","2,8",Black / Silver,10,18
Silicon Power XPOWER Zenith Gaming 32 GB,,"56,000","2,16",Black,13.333,40
Silicon Power XPOWER Zenith Gaming 32 GB,,"56,000","2,16",White,13.333,40
TEAMGROUP Elite Plus 32 GB,,"43,200","2,16",Black / Gold,13.75,22
TEAMGROUP T-Force Delta TUF Gaming Alliance RGB 64 GB,,"56,000","2,32",Black,12.667,38
TEAMGROUP T-Force Delta TUF Gaming Alliance RGB 16 GB,,"55,600","1,16",Black,12.857,36
ADATA XPG SPECTRIX D41 32 GB,,"43,200","2,16",Black,10,16
GeIL EVO V RGB 96 GB,,"56,800","2,48",Black,10.588,36
GOODRAM IRDM PRO 16 GB,,"43,600","1,16",White,9.444,17
ADATA XPG Lancer Blade RGB 16 GB,,"56,400","1,16",White,10,32
Netac Shadow II 32 GB,,"42,666","2,16",Black,14.254,19
TEAMGROUP T-Force Vulcan 16 GB,,"56,000","1,16",Red,10,30
OLOy OWL RGB 64 GB,,"43,200","2,32",White,10,16
OLOy Blade 16 GB,,"43,600","2,8",Black,10,18
YEYIAN Vetra 16 GB,,"42,666","1,16",Black,14.254,19
Acer Predator Pallas II 32 GB,,"56,400","2,16",Black,10,32
V-Color TRA548G56D846Q 192 GB,1399.99,"55,600","4,48",White,16.429,46
Kingston FURY Renegade Pro 256 GB,1639,"56,400","8,32",Black,10,32
V-Color TRA516G72S834O 128 GB,1599.99,"57,200","8,16",Black,9.444,34
Corsair Vengeance Performance 16 GB,37.99,"42,400","1,16",Black / Yellow,13.333,16
Corsair ValueSelect 16 GB,39.99,"42,133","2,8",Black / Yellow,14.065,15
G.Skill Trident Z Neo 16 GB,,"43,600","2,8",Black / White,7.778,14
Crucial CT32G3ELSDQ4186D 32 GB,58.99,"31,866","1,32",Blue / Silver,11.79,11
Corsair Vengeance Performance 16 GB,39.99,"42,666","1,16",Black / Yellow,13.503,18
G.Skill Trident Z Royal 32 GB,1449.32,"43,600","4,8",Gold,8.889,16
Kingston FURY Impact 16 GB,48.51,"42,666","2,8",Black,11.253,15
TEAMGROUP T-Create Classic 64 GB,203.99,"55,600","2,32",Black,16.429,46
G.Skill Ripjaws V 64 GB,172.42,"42,666","4,16",Red,11.253,15
TEAMGROUP Elite 16 GB,36.99,"42,666","2,8",Black,14.254,19
TEAMGROUP Elite 8 GB,19.98,"42,666","1,8",Black,14.254,19
G.Skill Ripjaws V 32 GB,,"44,000","2,16",Black,8.5,17
Kingston Server Premier 8 GB,35.1,"42,666","1,8",,14.254,19
Kingston Server Premier 8 GB,32.99,"43,200","1,8",,13.75,22
Mushkin Redline 64 GB,214.13,"43,200","2,32",White,8.75,14
Kingston FURY Renegade 32 GB,183.98,"56,800","2,16",Silver / White,10.588,36
G.Skill Ares 16 GB,,"32,133","2,8",Black / Blue,9.376,10
Kingston KVR16R11D4K4/32I 32 GB,,"31,600","4,8",Green,13.75,11
G.Skill Ripjaws 8 GB,,"42,800","1,8",Black / Blue,12.857,18
G.Skill Ripjaws 8 GB,19.98,"42,666","1,8",Green,14.254,19
Kingston Fury Renegade RGB 8 GB,41,"43,600","1,8",Black,8.889,16
G.Skill Aegis 16 GB,,"31,333","2,8",,13.503,9
Corsair Vengeance 32 GB,349.99,"43,000","2,16",Black,10.667,16
G.Skill Trident Z Royal 32 GB,240.9,"44,266","2,16",Black,7.97,17
TEAMGROUP T-Force Xtreem ARGB 16 GB,309.77,"43,200","2,8",White,8.75,14
Mushkin Redline Lumina 16 GB,52.94,"43,200","2,8",White,10,16
G.Skill F4-3200C16Q2-128GTZKW 128 GB,799,"43,200","8,16",Black / White,10,16
Crucial CT16G52C42S5 16 GB,57.5,"55,200","1,16",Black,16.154,42
TEAMGROUP T-Create Classic 64 GB,184.99,"55,200","2,32",Black,16.154,42
TEAMGROUP T-Create Classic 16 GB,44.99,"55,200","1,16",Black,16.154,42
Kingston FURY Renegade Pro 128 GB,726.2,"56,000","4,32",Black,10.667,32
Crucial Ballistix 2 GB,,"2,800","2,1",Yellow,10,4
Kingston KVR16LS11/4 4 GB,20.97,"31,600","1,4",Green,13.75,11
G.Skill Ripjaws 8 GB,21.33,"31,600","2,4",,13.75,11
Kingston KVR400D2D4R3/4G 4 GB,28.99,"2,400","1,4",Green,15,3
Crucial CT2K16G4SFD8266 32 GB,83.99,"42,666","2,16",Green / Black,14.254,19
G.Skill Trident Z RGB 64 GB,,"43,600","4,16",Black,10,18
G.Skill Trident Z Royal Elite 16 GB,109.99,"43,600","2,8",Gold,8.889,16
G.Skill Trident Z5 RGB 32 GB,132.83,"55,600","2,16",Silver / Black,14.286,40
Kingston FURY Renegade 32 GB,,"42,666","2,16",Black,9.752,13
Kingston Server Premier 32 GB,119.77,"43,200","1,32",,13.75,22
Kingston FURY Beast 64 GB,179.68,"43,200","4,16",Black,10,16
G.Skill Trident Z 32 GB,118.99,"56,000","2,16",Black,12,36
Patriot Viper 4 Blackout 32 GB,,"43,000","2,16",Black,10.667,16
Acer Predator Vesta II RGB 32 GB,,"56,000","2,16",Silver,10,30
Kingston FURY Renegade Pro 64 GB,378.99,"56,000","4,16",Black,10.667,32
Corsair CMV8GX3M2A1333C9 8 GB,47.14,"31,333","2,4",Green,13.503,9
Corsair CMV8GX3M1A1600C11 8 GB,41.19,"31,600","1,8",Green,13.75,11
Kingston KVR18R13D4K4/64 64 GB,,"31,866","4,16",Green,13.934,13
Mushkin Essentials 32 GB,363.89,"31,866","2,16",Black / Blue,13.934,13
G.Skill Aegis 32 GB,,"42,400","2,16",Black / Red,12.5,15
Crucial CT2K8G4DFD824A 16 GB,55,"42,400","2,8",Green,14.167,17
Crucial CT2K8G4DFS832A 16 GB,61.49,"43,200","2,8",Green / Black,13.75,22
Kingston HyperX Predator RGB 16 GB,,"43,600","2,8",Black,9.444,17
G.Skill Trident Z Royal Elite 32 GB,219.99,"43,600","4,8",Gold,8.889,16
G.Skill Ripjaws V 128 GB,,"42,666","4,32",Black,14.254,19
G.Skill TridentZ RGB 32 GB,,"44,266","2,16",Black,8.908,19
G.Skill TridentZ RGB 64 GB,670.87,"43,600","8,8",Black,7.778,14
Kingston Server Premier 16 GB,58.64,"42,666","1,16",,14.254,19
Kingston Server Premier 64 GB,220.88,"42,666","1,64",,14.254,19
Mushkin Redline 32 GB,118.98,"43,600","2,16",White,10,18
Silicon Power SP032GBLFU266X22 32 GB,,"42,666","2,16",,14.254,19
Silicon Power SP032GBLVU480F02 32 GB,,"54,800","1,32",,16.667,40
Thermaltake TOUGHRAM XG RGB 16 GB,159.99,"44,400","2,8",Black / Silver,8.636,19
Kingston FURY Renegade 16 GB,139.99,"56,800","1,16",Silver / Black,10.588,36
TEAMGROUP T-Force DELTAα RGB 32 GB,99.99,"55,600","2,16",Black,14.286,40
VisionTek 901343 8 GB,64.99,"42,933","1,8",Black,14.32,21
Kingston FURY Renegade Pro 128 GB,782,"55,600","8,16",Black,12.857,36
Kingston FURY Renegade Pro 256 GB,1699.66,"56,400","8,32",Black,10,32
Corsair Dominator 4 GB,,"21,066","2,2",Black / Blue,9.381,5
Corsair XMS3 6 GB,,"31,600","3,2",Black / White,11.25,9
Corsair Dominator 4 GB,,"21,066","2,2",Black / Blue,9.381,5
Corsair XMS2 2 GB,44.96,"2,800","2,1",Black / White,12.5,5
ADATA Gaming 1 GB,,"31,600","1,1",Black,11.25,9
Corsair XMS3 4 GB,,"31,600","2,2",Black / Blue,11.25,9
Kingston HyperX Blu 4 GB,,"31,600","2,2",Blue / Silver,11.25,9
ADATA AD3U1333B2G9-DRH 4 GB,,"31,333","2,2",Blue / Silver,13.503,9
Corsair XMS3 4 GB,,"31,333","2,2",Black / Blue,13.503,9
Kingston HyperX 1 GB,,"31,800","1,1",Blue / Silver,10,9
G.Skill Ripjaws 4 GB,,"31,333","2,2",Black / Red,10.503,7
G.Skill Ripjaws X 16 GB,,"31,333","4,4",Black / Blue,10.503,7
G.Skill Ripjaws 12 GB,,"31,333","3,4",Black / Red,13.503,9
G.Skill Ripjaws 24 GB,,"31,333","6,4",Black / Red,13.503,9
G.Skill Ripjaws X 4 GB,,"31,600","2,2",Black / Blue,7.5,6
Kingston HyperX 12 GB,,"31,600","3,4",Blue / Silver,11.25,9
Mushkin Essentials 2 GB,,"31,333","1,2",Green,13.503,9
ADATA Premier 4 GB,,"31,333","1,4",Green,13.503,9
ADATA AD3U1333C4G9-2 8 GB,,"31,333","2,4",Green,13.503,9
Samsung MV-3T4G3D/US 8 GB,,"31,600","2,4",Black,13.75,11
Corsair Vengeance 16 GB,,"31,866","4,4",Black / Red,9.646,9
G.Skill Ripjaws Z 64 GB,,"31,600","8,8",Black / Red,12.5,10
Corsair Vengeance 32 GB,,"31,866","4,8",Black / Silver,9.646,9
Corsair Dominator 16 GB,,"31,600","4,4",Black / Blue,11.25,9
Patriot Viper Xtreme Division 4 8 GB,150,"31,866","4,2",Black / Silver,9.646,9
G.Skill Ares 8 GB,31.34,"31,600","2,4",Black / Orange,11.25,9
Corsair XMS 32 GB,,"31,600","4,8",Black / Blue,11.25,9
Crucial Ballistix Elite 8 GB,,"31,866","1,8",Black / Silver,9.646,9
G.Skill Trident X 16 GB,,"32,133","2,8",Black / Red,8.439,9
Corsair Vengeance LP 16 GB,,"31,866","4,4",Black / Blue,9.646,9
Corsair Vengeance LP 8 GB,,"31,600","1,8",Black / Blue,12.5,10
Crucial Ballistix Tactical 32 GB,,"31,600","4,8",Black / Yellow,10,8
Kingston Black 4 GB,,"31,600","1,4",Black / Silver,11.25,9
Corsair Vengeance Pro 8 GB,,"32,133","2,4",Black / Red,10.314,11
PNY XLR8 16 GB,,"31,600","2,8",,11.25,9
Corsair Vengeance Pro 16 GB,,"31,600","2,8",Black / Blue,11.25,9
AMD AE34G1609U1 4 GB,40.13,"31,600","1,4",,11.25,9
ADATA XPG V2 16 GB,,"32,400","2,8",Black / Yellow,9.167,11
Avexir AVEXIR Core Series 8GB Kit 8 GB,,"32,800","4,2",Black / Blue,8.571,12
G.Skill Ripjaws X 4 GB,,"31,600","1,4",,11.25,9
Corsair Vengeance Pro 16 GB,,"33,000","4,4",Black / Red,8,12
Corsair Dominator Platinum 16 GB,,"32,666","2,8",Black / Silver,8.252,11
ADATA XPG V1.0 16 GB,,"31,866","2,8",Red / Silver,10.718,10
Crucial CT51264BA160BJ 4 GB,,"31,600","1,4",Black / Green,13.75,11
Kingston HyperX Fury 8 GB,,"31,600","1,8",Red / Silver,12.5,10
Kingston HyperX Fury 16 GB,,"31,866","2,8",Blue / Silver,10.718,10
Kingston HyperX Fury 8 GB,,"31,866","1,8",Red / Silver,10.718,10
G.Skill Sniper 4 GB,,"31,600","1,4",Black / Red,11.25,9
Corsair XMS3 8 GB,,"31,333","2,4",Black / Silver,13.503,9
AMD Radeon R3 Value 8 GB,,"31,333","2,4",Black / Red,13.503,9
Corsair Vengeance LPX 16 GB,,"42,666","4,4",Black / Yellow,11.253,15
G.Skill Value 32 GB,,"42,133","4,8",Black,14.065,15
Kingston HyperX Savage 8 GB,,"31,600","1,8",Black / Red,11.25,9
Kingston HyperX Savage 16 GB,,"32,133","2,8",Black / Red,10.314,11
Kingston HyperX Savage 16 GB,,"32,400","2,8",Black / Red,9.167,11
Transcend JM1333KSN-2G 2 GB,,"31,333","1,2",Black / Green,13.503,9
Patriot Extreme Performance 32 GB,172.66,"42,133","4,8",Black / White,14.065,15
TEAMGROUP Xtreem 16 GB,,"32,400","2,8",White,8.333,10
Corsair Vengeance LPX 32 GB,,"42,666","4,8",Black,11.253,15
TEAMGROUP Elite Plus 16 GB,,"42,400","2,8",Black / Gold,13.333,16
Corsair Vengeance LPX 16 GB,,"43,000","4,4",Black / Yellow,10,15
Corsair Dominator Platinum 16 GB,,"33,100","4,4",Black / Silver,7.742,12
Crucial Ballistix Elite 32 GB,,"42,666","4,8",Black,12.003,16
Crucial CT16G3ERSLQ81067 16 GB,,"31,066","1,16",Green,13.133,7
Crucial CT4K8G4RFS4213 32 GB,,"42,133","4,8",Green,14.065,15
Kingston KVR1333D3D4R9SK2/16G 16 GB,74.5,"31,333","2,8",Green,13.503,9
Kingston KVR16E11/4 4 GB,29.93,"31,600","1,4",Green,13.75,11
EVGA Superclocked 16 GB,,"31,600","2,8",Black,11.25,9
Toshiba PA5104U-1M4G 4 GB,,"31,600","1,4",Black / Blue,13.75,11
Corsair Vengeance LPX 16 GB,,"43,400","4,4",Black / Yellow,9.412,16
Corsair Vengeance LPX 128 GB,,"42,133","8,16",Black / Yellow,14.065,15
PNY Anarchy 8 GB,,"42,400","2,4",Black / Blue,12.5,15
PNY Anarchy 8 GB,,"42,400","1,8",Black / Red,12.5,15
G.Skill Ripjaws V 32 GB,,"43,200","4,8",Black,10,16
Kingston HyperX Fury 16 GB,,"31,866","2,8",Black,11.79,11
Corsair Vengeance LPX 8 GB,,"43,600","2,4",Black / Yellow,10,18
G.Skill Trident Z 8 GB,,"44,000","2,4",Red / Silver,9.5,19
TEAMGROUP Vulcan 16 GB,,"31,600","2,8",Black / Gold,11.25,9
GeIL Dragon RAM 16 GB,,"42,800","2,8",White / Gold,11.429,16
ADATA AX4U3000W8G16-DGZ 16 GB,,"43,000","2,8",Gold,10.667,16
G.Skill Ripjaws V 16 GB,,"43,000","1,16",Red,10,15
G.Skill Ripjaws V 16 GB,,"42,800","2,8",Black,11.429,16
Corsair Dominator Platinum 16 GB,,"43,200","4,4",Black / Silver,9.375,15
Corsair Vengeance Pro 32 GB,,"32,133","4,8",Black / Silver,10.314,11
G.Skill Trident Z 32 GB,,"43,200","2,16",Red / Silver,10,16
GeIL Dragon RAM 8 GB,,"43,600","2,4",White / Gold,9.444,17
Corsair Dominator Platinum 32 GB,,"42,133","4,8",Black / Silver,14.065,15
Mushkin Essentials 16 GB,46.99,"42,133","1,16",Black / Green,14.065,15
TEAMGROUP Delta 16 GB,,"43,000","2,8",Black / Red,10.667,16
Kingston ValueRAM 16 GB,,"42,133","2,8",Black / Green,14.065,15
Kingston ValueRAM 8 GB,,"42,133","1,8",Black / Green,14.065,15
Corsair Vengeance LED 16 GB,,"42,666","2,8",Black / Red,12.003,16
Corsair Vengeance LED 32 GB,,"43,400","4,8",Black / Red,9.412,16
Corsair Vengeance LED 32 GB,,"43,200","2,16",Black / White,10,16
Corsair Vengeance LED 64 GB,,"43,200","4,16",Black / White,10,16
Corsair Dominator Platinum ROG 16 GB,,"43,200","4,4",Black / Red,10,16
G.Skill Trident Z 16 GB,,"43,200","2,8",Black / White,8.75,14
G.Skill Trident Z 16 GB,,"44,266","2,8",Black / White,8.908,19
Patriot Viper Elite 16 GB,,"43,000","2,8",Black / Gray,10,15
Apacer Commando 16 GB,,"42,666","2,8",Black / Red,12.003,16
Corsair Vengeance RGB 16 GB,,"43,600","2,8",Black,10,18
TEAMGROUP T-Force Delta RGB 16 GB,,"42,400","1,16",Black,12.5,15
TEAMGROUP T-Force Delta RGB 16 GB,,"42,666","2,8",White,11.253,15
GeIL Super Luce 16 GB,,"43,200","2,8",White,10,16
G.Skill Trident Z RGB 32 GB,,"43,200","2,16",Black,9.375,15
Corsair Vengeance LPX 16 GB,,"42,666","2,8",Black / Yellow,12.003,16
Corsair Vengeance LPX 32 GB,,"43,000","2,16",Black / Yellow,10.667,16
Corsair Vengeance LPX 32 GB,,"43,200","2,16",Black / Yellow,10,16
Corsair Vengeance LPX 16 GB,,"42,400","2,8",Black / Yellow,11.667,14
Avexir Raiden 16 GB,,"43,000","4,4",Black / Green,10.667,16
Corsair Vengeance RGB 16 GB,,"43,466","2,8",Black,9.233,16
TEAMGROUP Elite 4 GB,,"31,600","1,4",Green / Black,13.75,11
Crucial Ballistix Sport LT 4 GB,,"42,666","1,4",Gray,12.003,16
GeIL SUPER LUCE RGB 16 GB,,"42,666","2,8",Black,12.003,16
TEAMGROUP T-Force Xtreem 32 GB,,"44,000","4,8",Black / Silver,9,18
Kingston HyperX Impact 16 GB,,"42,666","2,8",Black,11.253,15
Kingston HyperX Predator 16 GB,,"43,000","1,16",Black,10,15
Patriot Signature Line 8 GB,,"42,666","2,4",Black / White,14.254,19
ADATA XPG GAMMIX D10 64 GB,,"42,666","4,16",Black / White,12.003,16
Patriot Viper Venom RGB 16 GB,,"43,000","2,8",Black / Silver,10,15
Corsair Vengeance LPX 64 GB,,"43,200","4,16",Black / Yellow,10,16
G.Skill Trident Z 32 GB,,"43,600","4,8",Black / White,8.889,16
Kingston HyperX Predator RGB 16 GB,,"42,933","2,8",Black,10.228,15
ADATA XPG Z1 32 GB,,"42,400","2,16",Red / Black,13.333,16
Corsair Dominator Platinum ROG Edition 32 GB,,"43,200","4,8",Black / Red,10,16
Corsair Vengeance RGB 16 GB,,"44,600","2,8",Black,8.261,19
Corsair Vengeance RGB 32 GB,,"43,000","2,16",Black,10,15
Crucial Ballistix Sport AT 16 GB,,"42,666","2,8",Silver / Black,12.003,16
Crucial CT4K8G4DFD824A 32 GB,128.88,"42,400","4,8",Green / Black,14.167,17
G.Skill Trident Z RGB 128 GB,,"43,000","8,16",Black,9.333,14
Mushkin Silverline 32 GB,99.3,"42,133","2,16",Silver / Green,14.065,15
G.Skill Trident Z Royal 16 GB,,"43,200","2,8",Silver,8.75,14
G.Skill Trident Z Royal 16 GB,,"44,600","2,8",Silver,7.826,18
G.Skill Trident Z Royal 16 GB,,"43,000","2,8",Silver,10.667,16
Crucial Ballistix Sport LT 32 GB,,"43,000","4,8",Red / Black,10,15
Crucial Ballistix Sport LT 8 GB,,"43,000","1,8",Silver / Black,10.667,16
Crucial Ballistix Sport LT 16 GB,,"43,000","2,8",White / Silver,10,15
G.Skill Trident Z Royal 32 GB,228.81,"44,000","2,16",Silver,9.5,19
Corsair Dominator Platinum RGB 32 GB,159.99,"43,200","4,8",Black,10,16
G.Skill Trident Z 16 GB,,"43,600","2,8",Silver / White,8.889,16
TEAMGROUP Elite Plus 8 GB,,"42,400","2,4",Red / Black,13.333,16
Crucial Ballistix Sport LT 32 GB,,"42,400","4,8",Red / Black,13.333,16
GeIL SUPER LUCE RGB SYNC 8 GB,,"42,400","2,4",Black,13.333,16
Corsair Vengeance LPX 16 GB,,"43,200","2,8",Gray,9.375,15
G.Skill Trident Z Neo 32 GB,,"43,600","4,8",Black / Silver,8.889,16
TEAMGROUP T-Force Vulcan Z 8 GB,,"42,666","1,8",Black,13.503,18
OLOy WarHawk RGB 16 GB,,"43,000","2,8",Black / White,10.667,16
OLOy WarHawk RGB 32 GB,,"43,000","2,16",Red / White,10.667,16
GeIL EVO X II AMD 16 GB,,"43,600","2,8",Black,10,18
GeIL Evo X II RGB SYNC 16 GB,,"43,000","2,8",Black,10.667,16
Crucial Ballistix Tactical Tracer RGB 16 GB,,"43,200","2,8",Silver,10,16
Corsair Vengeance RGB Pro 16 GB,,"43,000","2,8",Black,10,15
ADATA XPG GAMMIX D30 16 GB,,"43,000","2,8",Silver / Black,10.667,16
ADATA XPG GAMMIX D30 32 GB,,"43,200","2,16",Silver / Black,10,16
Kingston HyperX Fury 64 GB,,"43,200","4,16",Black,10,16
Corsair Vengeance RGB Pro 64 GB,,"42,666","2,32",Black,12.003,16
TEAMGROUP T-Force Dark Za 32 GB,,"44,000","2,16",Black / Silver,9,18
Thermaltake TOUGHRAM 16 GB,169.99,"44,000","2,8",White / Silver,9.5,19
Thermaltake TOUGHRAM RGB 16 GB,,"44,000","2,8",Black / Silver,9.5,19
G.Skill Trident Z Neo 64 GB,508.78,"43,600","8,8",Black / Silver,7.778,14
Corsair Dominator Platinum RGB 32 GB,186.59,"43,200","2,16",Black,10,16
ADATA XPG GAMMIX D30 16 GB,,"43,600","2,8",Black / Silver,10,18
TEAMGROUP T-Force Xtreem ARGB 16 GB,,"43,200","2,8",Black,8.75,14
OLOy OWL 16 GB,,"43,200","2,8",Orange,10,16
OLOy OWL 16 GB,,"43,600","2,8",Orange,10,18
OLOy WarHawk RGB 64 GB,,"43,200","2,32",White,10,16
G.Skill Ripjaws V 32 GB,,"44,000","2,16",Black,8,16
G.Skill Ripjaws V 32 GB,,"44,266","2,16",Black,7.97,17
G.Skill Trident Z Royal 128 GB,,"44,000","4,32",Gold,9,18
Thermaltake TOUGHRAM RC 16 GB,,"44,000","2,8",Black,9.5,19
Timetec 75TT32NU2R8-16GK2 32 GB,,"43,200","2,16",Black,10,16
G.Skill Ripjaws V 256 GB,,"43,200","8,32",Black,8.75,14
Kingston HyperX Fury 32 GB,,"43,000","2,16",Black,10.667,16
Apacer AU 4 GB,,"42,133","1,4",Black,14.065,15
Neo Forza MARS 16 GB,,"43,200","2,8",Gray / Black,10,16
TEAMGROUP T-Create Classic 16 GB,,"42,666","2,8",Silver,14.254,19
G.Skill Trident Z Royal 32 GB,,"44,000","2,16",Black / Black,7,14
Silicon Power XPOWER Turbine 16 GB,,"43,000","2,8",Blue / Black,10.667,16
G.Skill Trident Z5 32 GB,,"56,000","2,16",Silver / Black,12,36
Acer Predator Apollo RGB 16 GB,,"43,200","2,8",Silver / Black,8.75,14
G.Skill Trident Z Royal Elite 32 GB,,"44,000","2,16",Silver,8,16
G.Skill Trident Z Royal Elite 16 GB,,"45,066","2,8",Silver,7.896,20
G.Skill Trident Z5 RGB 32 GB,,"55,600","2,16",Silver / Black,12.857,36
G.Skill Trident Z5 32 GB,112.99,"55,600","2,16",Black,12.857,36
G.Skill Ripjaws V 64 GB,,"42,666","2,32",Black,14.254,19
G.Skill Ripjaws V 16 GB,,"45,066","2,8",Black,7.896,20
G.Skill Ripjaws V 16 GB,,"44,800","2,8",Black,7.917,19
G.Skill Ripjaws V 128 GB,,"43,600","8,16",Black,7.778,14
G.Skill Trident Z Royal Elite 32 GB,,"44,000","2,16",Silver / Blue,9,18
G.Skill Trident Z Neo (For AMD Ryzen) 64 GB,,"42,666","4,16",Black / White,13.503,18
G.Skill Trident Z Neo 32 GB,,"43,600","4,8",Black / White,7.778,14
HP V10 RGB 16 GB,,"43,600","2,8",Silver / Black,7.778,14
Kingston Fury Renegade RGB 8 GB,50.12,"43,200","1,8",Black,10,16
Kingston FURY 16 GB,,"42,666","1,16",Black,12.003,16
GeIL Orion RGB AMD Edition 16 GB,,"43,200","2,8",Gray,10,16
GeIL Orion AMD Edition 16 GB,,"43,200","2,8",Red,10,16
GeIL Polaris RGB 32 GB,,"55,600","2,16",White,13.571,38
Kingston Fury Renegade RGB 32 GB,,"43,200","4,8",Black / Silver,10,16
TEAMGROUP T-Force Vulcan Z 8 GB,,"43,000","1,8",Red,10.667,16
TEAMGROUP T-Force Vulcan Z 8 GB,,"43,600","1,8",Gray,11.111,20
TEAMGROUP T-Force Delta RGB 8 GB,,"43,200","1,8",White,10,16
Kingston FURY Renegade 64 GB,,"42,666","2,32",Black,11.253,15
G.Skill Trident Z5 RGB 32 GB,,"55,200","2,16",Black,15.385,40
G.Skill Trident Z5 RGB 32 GB,,"56,000","2,16",Black,10.667,32
Kingston ValueRAM 32 GB,104.75,"54,800","1,32",,16.667,40
G.Skill Ripjaws S5 32 GB,,"55,200","2,16",White,10.769,28
G.Skill Ripjaws S5 32 GB,106.99,"55,600","2,16",White,10.714,30
V-Color XSky RGB 32 GB,,"56,400","2,16",Gold,10,32
V-Color XSky RGB 32 GB,,"56,600","2,16",Silver,9.697,32
TEAMGROUP T-Force Xtreem ARGB 16 GB,,"45,066","2,8",Black,7.896,20
Gigabyte AORUS RGB 16 GB,,"43,200","2,8",Silver,10,16
Lexar Hades OC 8 GB,,"43,200","1,8",Gray / Black,11.25,18
Lexar Ares RGB 16 GB,,"44,000","2,8",Black,9,18
TEAMGROUP T-Force Dark Z 32 GB,,"43,200","2,16",Gray,10,16
TEAMGROUP T-Force Dark Z 32 GB,,"43,200","2,16",Red,10,16
TEAMGROUP Elite 8 GB,,"42,666","1,8",Black,14.254,19
TEAMGROUP T-Force Delta TUF Gaming Alliance RGB 16 GB,,"42,933","2,8",Black / Gold,10.91,16
ADATA XPG SPECTRIX D50 16 GB,,"43,600","1,16",Black,10,18
ADATA XPG SPECTRIX D50 16 GB,,"44,133","2,8",Black,9.194,19
ADATA XPG SPECTRIX D50 8 GB,,"43,200","1,8",White,10,16
ADATA XPG SPECTRIX D50 16 GB,,"44,133","2,8",White,9.194,19
Mushkin Redline Lumina 16 GB,55.71,"43,600","2,8",White,10,18
Mushkin Redline Lumina 16 GB,70.98,"43,200","2,8",Black,10,16
Mushkin Redline 64 GB,511.57,"42,800","2,32",Red,12.143,17
G.Skill Sniper X 32 GB,,"42,400","2,16",Black / White,14.167,17
G.Skill F4-3600C17D-32GTZSW 32 GB,160.08,"43,600","2,16",Gray / White,9.444,17
G.Skill F4-4000C19D-32GTZSW 32 GB,,"44,000","2,16",Gray / White,9.5,19
TEAMGROUP Elite Plus 32 GB,,"56,000","2,16",Black,13.333,40
Silicon Power XPOWER Zenith RGB Gaming 16 GB,,"55,600","2,8",White,14.286,40
Silicon Power SP032GBLFU320X02 32 GB,,"43,200","1,32",,13.75,22
Silicon Power SP016GBLVU480F02 16 GB,,"54,800","1,16",,16.667,40
TEAMGROUP T-Force Vulcan 16 GB,,"54,800","1,16",Black,15,36
Corsair Dominator Platinum RGB 64 GB,,"55,600","2,32",Gray / Black,12.857,36
Corsair Dominator Platinum RGB 32 GB,,"56,000","2,16",Gray / Black,10,30
G.Skill Trident Z5 RGB Splave Edition 32 GB,,"56,400","2,16",Black,10,32
G.Skill Ripjaws S5 64 GB,,"56,000","2,32",Black,10.667,32
Thermaltake TOUGHRAM XG RGB 64 GB,230.41,"43,600","2,32",White / Silver,10,18
V-Color Manta XPrism RGB 64 GB,,"55,600","2,32",Silver,12.857,36
PROXMEM UNDERWORLD TUF 32 GB,,"55,600","2,16",Black / Gray,10,28
TEAMGROUP T-Force Delta RGB Valkyrie Edition 32 GB,,"55,600","2,16",Black,14.286,40
Kingston FURY Beast 64 GB,,"43,600","2,32",Black / Silver,10,18
Kingston FURY Beast RGB 32 GB,,"43,200","2,16",Black / Silver,10,16
OLOy WarHawk RGB 8 GB,,"43,600","1,8",Black / Silver,10,18
TEAMGROUP Elite Plus 32 GB,,"42,666","2,16",Black / Gold,14.254,19
TEAMGROUP Elite Plus 8 GB,,"42,400","1,8",Red / Black,13.333,16
TEAMGROUP T-Force Delta TUF Gaming Alliance RGB 16 GB,,"56,000","1,16",Black,12.667,38
Klevv CRAS XR5 RGB 32 GB,,"56,200","2,16",White / Black,10.323,32
GeIL EVO V RGB 48 GB,,"56,800","1,48",White,10.588,36
GeIL EVO V RGB 48 GB,,"58,400","2,24",White,10,42
GOODRAM IRDM PRO 16 GB,,"43,600","1,16",Black / Gold,9.444,17
GOODRAM IRDM 64 GB,,"56,400","2,32",Black,10,32
ADATA XPG LANCER RGB 32 GB,,"56,400","1,32",Black,10,32
TEAMGROUP T-Force Vulcan 16 GB,,"56,000","1,16",Black,10,30
Lexar LD4AS004G-R2666G 4 GB,,"42,666","1,4",Black,14.254,19
ADATA XPG GAMMIX D10 16 GB,,"43,600","1,16",Black,10,18
VisionTek 901344 16 GB,103.99,"42,933","1,16",Black,14.32,21
Lenovo Total Micro 16 GB,,"42,666","1,16",Black,14.254,19
OLOy OWL RGB 64 GB,,"43,600","2,32",White,10,18
Silicon Power SP048GBLVU520P02 48 GB,,"55,200","1,48",Black,16.154,42
TEAMGROUP T-Create Master 64 GB,450.78,"56,000","4,16",Black,10.667,32
V-Color TRA516G70S834Q 64 GB,679.99,"57,000","4,16",White,9.714,34
V-Color TRA548G68D834Q 192 GB,1699.99,"56,800","4,48",White,10,34
Kingston Fury Renegade RGB 16 GB,159.52,"57,600","1,16",Silver / White,10,38
Kingston FURY Renegade 16 GB,105.87,"56,800","1,16",Silver / White,10.588,36
Corsair WS 128 GB,818.99,"55,600","8,16",Black / Green,14.286,40
G.Skill Zeta R5 Neo 64 GB,499.99,"56,000","4,16",Black,10,30
Silicon Power SP032GBSFU320F02 32 GB,54.99,"43,200","1,32",,13.75,22
Patriot Viper Steel 16 GB,31.99,"42,400","1,16",Black,15,18
Kingston FURY Impact 8 GB,27.55,"43,200","1,8",Black,12.5,20
Kingston FURY Impact 32 GB,73.48,"42,666","2,16",Black,12.003,16
Mushkin Redline Lumina 64 GB,214.99,"56,000","2,32",Black,10,30
G.Skill Trident Z RGB 32 GB,,"44,000","2,16",Black,8.5,17
Kingston FURY Impact 32 GB,105.98,"54,800","2,16",Black,15.833,38
Kingston KTH-PL421LQ/32G 32 GB,,"42,133","1,32",Black / Green,14.065,15
G.Skill Ripjaws 32 GB,64.99,"42,133","2,16",Black,14.065,15
G.Skill Trident Z Neo 16 GB,311.14,"44,000","2,8",Black / White,8,16
Mushkin Proline 8 GB,29.99,"42,400","1,8",,14.167,17
G.Skill Trident Z Royal 16 GB,209,"43,600","2,8",Silver,8.889,16
Corsair Vengeance RGB RT 16 GB,93.99,"44,000","2,8",Black,9,18
Kingston FURY Impact 32 GB,72.98,"43,200","1,32",Black,12.5,20
Kingston KTD-PE426E/8G 8 GB,33.4,"42,666","1,8",Green,14.254,19
Kingston FURY Renegade Pro 256 GB,1337,"56,000","8,32",Black,10.667,32
Corsair CMV4GX3M1A1600C11 4 GB,24.99,"31,600","1,4",Green,13.75,11
Corsair Mac Memory 16 GB,79.98,"31,600","2,8",Black / Green,13.75,11
Corsair ValueSelect 8 GB,19.98,"42,133","1,8",Black / Yellow,14.065,15
G.Skill FORTIS 32 GB,,"42,133","2,16",Black / Red,14.065,15
G.Skill Trident Z Royal 32 GB,224.53,"44,000","2,16",Gold,8.5,17
Corsair Vengeance LPX 16 GB,,"44,000","2,8",Black / Yellow,8,16
G.Skill F4-4000C18Q2-64GTZKK 64 GB,,"44,000","8,8",Black,9,18
TEAMGROUP Night Hawk RGB Gen 2 16 GB,,"43,200","2,8",Black,10,16
Crucial CT2KIT51272AF667 8 GB,58.99,"2,667","2,4",Green,14.993,5
Kingston KVR800D2S6/2G 2 GB,11.75,"2,800","1,2",Green,15,6
Corsair CMV8GX3M2A1600C11 8 GB,46.12,"31,600","2,4",Green,13.75,11
ADATA ADDS1600W4G11-S 4 GB,17.2,"31,600","1,4",Black / Green,13.75,11
G.Skill Ripjaws V 32 GB,1262.43,"43,000","2,16",Red,10,15
G.Skill Ripjaws V 8 GB,,"43,733","2,4",Black,9.108,17
Kingston ValueRAM 4 GB,29.99,"42,133","1,4",Black / Green,14.065,15
G.Skill Aegis 32 GB,116.77,"42,133","4,8",Black / Red,14.065,15
Kingston ValueRAM 8 GB,78,"42,133","1,8",Black / Green,14.065,15
Kingston KCP316ND8/8 8 GB,18.88,"31,600","1,8",Black / Green,13.75,11
G.Skill Flare X 32 GB,,"42,133","2,16",Black,14.065,15
G.Skill Ripjaws 16 GB,34.99,"42,666","2,8",Green,14.254,19
Corsair Dominator Platinum RGB 32 GB,,"43,200","2,16",Black,8.75,14
Thermaltake TOUGHRAM 16 GB,159.99,"44,000","2,8",Black / Silver,9.5,19
G.Skill Trident Z Royal 256 GB,659.99,"43,200","8,32",Silver,10,16
G.Skill Trident Z Neo 64 GB,,"43,600","4,16",Black / Silver,7.778,14
Kingston FURY Beast 4 GB,29.56,"42,666","1,4",Black,12.003,16
Mushkin Proline 16 GB,69.78,"42,666","1,16",,14.254,19
Silicon Power SP016GBLFU240B02 16 GB,32.89,"42,400","1,16",,14.167,17
Corsair XMS2 2 GB,,"2,800","1,2",Black,12.5,5
Corsair Dominator 4 GB,,"31,600","2,2",Black / Blue,8.75,7
Crucial CT25664BA1067 2 GB,19.98,"31,066","1,2",Green,13.133,7
Kingston ValueRAM 1 GB,,"31,066","1,1",Green,13.133,7
Corsair XMS3 12 GB,,"31,600","6,2",Black / Blue,11.25,9
Corsair XMS3 8 GB,,"31,333","4,2",Black / Blue,13.503,9
Corsair Dominator GT 12 GB,,"31,600","3,4",Black / Blue,11.25,9
Corsair Dominator 8 GB,,"31,600","2,4",Black / Blue,11.25,9
Corsair CMV4GX3M1A1333C9 4 GB,34.98,"31,333","1,4",Black / Silver,13.503,9
Corsair VS2GB1333D3 G 2 GB,,"31,333","1,2",Black / White,13.503,9
Crucial Ballistix 1 GB,,"31,600","1,1",Orange,10,8
G.Skill ECO 4 GB,,"31,600","2,2",Silver,8.75,7
G.Skill ECO 8 GB,,"31,600","2,4",Silver,10,8
Kingston HyperX 4 GB,,"31,600","2,2",Blue / Silver,11.25,9
Patriot Gamer 6 GB,76.98,"31,600","3,2",Black / Green,11.25,9
Patriot Viper II Sector 7 Edition 12 GB,,"31,600","3,4",Black / Blue,10,8
G.Skill ECO 8 GB,,"31,333","2,4",White,10.503,7
G.Skill Ripjaws X 16 GB,,"31,333","4,4",Black / Red,13.503,9
OCZ Reaper Edition 8 GB,,"31,333","2,4",Black / Silver,13.503,9
Kingston ValueRAM 4 GB,,"31,333","2,2",Green,13.503,9
Mushkin Silverline 8 GB,32.99,"31,333","2,4",Black / Gray,13.503,9
Kingston KVR1333D3K2/2GR 2 GB,29.67,"31,333","2,1",Green,13.503,9
G.Skill Ripjaws X 4 GB,,"31,866","2,2",Black / Blue,8.574,8
Kingston HyperX Blu 4 GB,,"31,333","1,4",Blue / Silver,13.503,9
Kingston KHX1600C9D3P1K2/8G 8 GB,,"31,600","2,4",Gray / Silver,11.25,9
ADATA Premier 8 GB,,"31,333","2,4",Blue / Silver,13.503,9
G.Skill Ripjaws X 16 GB,,"32,133","4,4",Black / Red,10.314,11
Kingston KHX1866C11D3P1K2/4G 4 GB,,"31,866","2,2",Gray / Silver,11.79,11
Kingston Blu 8 GB,,"31,600","2,4",Blue / Silver,11.25,9
Crucial CT51264BD1339 4 GB,26.16,"31,333","1,4",Green,13.503,9
Crucial CT102464BA1339 8 GB,,"31,333","1,8",Green,13.503,9
Wintec Value 4 GB,,"2,800","1,4",Green,15,6
G.Skill Ripjaws Z 32 GB,177.69,"32,133","8,4",Black / Blue,8.439,9
Corsair Vengeance 16 GB,,"31,600","4,4",Black / Gold,11.25,9
Pareema MD313C81609S1 4 GB,,"31,333","1,4",Blue,13.503,9
G.Skill Sniper Gaming 16 GB,,"32,133","4,4",Black / Red,8.439,9
Crucial Ballistix Sport 8 GB,,"31,600","2,4",Black / Silver,11.25,9
Wintec Value 4 GB,,"31,333","2,2",Green,13.503,9
Kingston KHX1600C9D3LK2/8GX 8 GB,,"31,600","2,4",Green / Silver,11.25,9
Corsair Dominator GT 32 GB,,"31,866","4,8",Black / Red,9.646,9
G.Skill Ripjaws Z 16 GB,,"32,400","4,4",Black / Blue,8.333,10
Corsair Vengeance 16 GB,,"31,600","2,8",Black / Red,11.25,9
G.Skill Value 8 GB,18.23,"31,333","1,8",Black,13.503,9
"Patriot Intel Extreme Master, Limited Ed 16 GB",,"31,600","2,8",Black / Blue,11.25,9
"Patriot Intel Extreme Master, Limited Ed 32 GB",,"31,866","4,8",Black / Blue,10.718,10
Corsair Dominator Platinum 64 GB,,"32,133","8,8",Black / Silver,8.439,9
Corsair Vengeance LP 16 GB,,"31,600","2,8",Black / Blue,11.25,9
Corsair CMV16GX3M2A1600C11 16 GB,132.03,"31,600","2,8",Green,11.25,9
Kingston Black 8 GB,,"31,600","2,4",Black / Silver,11.25,9
Corsair Dominator Platinum 32 GB,,"31,866","4,8",Black / Silver,9.646,9
Crucial Ballistix Sport 8 GB,,"31,600","2,4",Black / Silver,11.25,9
Corsair Dominator Platinum 16 GB,,"32,133","2,8",Black / Silver,8.439,9
Corsair Vengeance Pro 8 GB,,"32,133","2,4",Black / Red,8.439,9
AMD AG316G2130U2K 16 GB,,"32,133","2,8",Black / Red,9.376,10
G.Skill Ripjaws X 16 GB,,"32,133","4,4",,8.439,9
TEAMGROUP TED38192M1333C9 8 GB,,"31,333","1,8",,13.503,9
TEAMGROUP Elite 4 GB,,"2,667","2,2",,14.993,5
TEAMGROUP Vulcan 32 GB,,"31,600","4,8",,11.25,9
Patriot PV316G240C0K 16 GB,,"32,400","2,8",Black / Silver,8.333,10
ADATA XPG V1.0 8 GB,,"31,600","1,8",Black / Silver,11.25,9
G.Skill Ripjaws Z 64 GB,,"31,866","8,8",,10.718,10
Corsair Vengeance Pro 32 GB,,"32,400","4,8",Black / Red,9.167,11
Crucial CT2K16G3R186DM 32 GB,,"31,866","2,16",Black / Green,13.934,13
VisionTek 900667 8 GB,55.93,"31,600","1,8",Black / Silver,13.75,11
Mushkin Proline 32 GB,,"31,866","4,8",Black / Green,13.934,13
ADATA XPG V2 8 GB,,"31,866","2,4",Yellow,10.718,10
Kingston HyperX Fury 8 GB,,"31,333","1,8",Black / Silver,13.503,9
Kingston HyperX Fury 4 GB,,"31,600","1,4",Red / Silver,12.5,10
Kingston HyperX Fury 4 GB,,"31,600","1,4",White / Silver,12.5,10
Kingston HyperX Fury 4 GB,,"31,866","1,4",Red / Silver,10.718,10
Corsair Vengeance Pro 16 GB,,"32,666","2,8",Black / Red,8.252,11
Kingston KVR16LN11K2/16 16 GB,,"31,600","2,8",Black / Green,13.75,11
Corsair Dominator Platinum 16 GB,,"42,800","4,4",Black / Silver,10.714,15
Corsair Vengeance LPX 16 GB,,"42,800","4,4",Black / Red,10.714,15
Crucial CT4K8G4DFD8213 32 GB,,"42,133","4,8",Black / Green,14.065,15
Kingston HyperX Savage 4 GB,,"32,133","1,4",Black / Red,10.314,11
Kingston HyperX Savage 8 GB,,"32,133","2,4",Black / Red,10.314,11
Corsair Dominator Platinum 16 GB,,"43,000","4,4",Black / Silver,10,15
Kingston HyperX Beast 8 GB,,"32,400","2,4",Black,9.167,11
TEAMGROUP Elite Plus 16 GB,,"31,600","2,8",Black / Gold,13.75,11
Corsair Vengeance Pro 16 GB,,"32,133","2,8",Black / Blue,10.314,11
G.Skill Ripjaws 4 16 GB,,"43,000","4,4",Black / Blue,10,15
TEAMGROUP Elite Plus 8 GB,,"42,133","1,8",Black / Gold,14.065,15
Corsair Vengeance Pro 16 GB,,"32,400","4,4",Black / Red,7.5,9
Corsair Dominator Platinum 32 GB,,"42,800","4,8",Black / Silver,10.714,15
Mushkin Blackline 32 GB,,"42,133","4,8",Black / White,11.252,12
Silicon Power SP004GBLTU133N02 4 GB,,"31,333","1,4",Black / Green,13.503,9
G.Skill Ripjaws 4 8 GB,,"42,133","2,4",Red,14.065,15
G.Skill Ripjaws 4 64 GB,,"42,400","8,8",Black,12.5,15
Crucial Ballistix Elite 4 GB,,"42,666","1,4",Black,12.003,16
G.Skill Ripjaws 4 16 GB,,"43,200","4,4",Black / Red,9.375,15
Patriot Viper 4 16 GB,,"43,000","4,4",Black / Red,10.667,16
Patriot Viper 4 32 GB,,"42,666","4,8",Black / Red,11.253,15
Patriot Viper 4 32 GB,,"42,800","4,8",Black / Red,11.429,16
Crucial Ballistix Tactical Tracer 16 GB,,"31,600","2,8",Black / Silver,10,8
Kingston KVR21N15/4 4 GB,,"42,133","1,4",Black / Green,14.065,15
Klevv CRAS 32 GB,,"42,666","4,8",Black / Silver,11.253,15
Crucial Ballistix Sport LT 8 GB,,"42,400","2,4",Silver,13.333,16
Crucial CT4K4G4RFS8213 16 GB,,"42,133","4,4",Green,14.065,15
Kingston KVR400D2S4R3K2/4G 4 GB,,"2,400","2,2",Green,15,3
Kingston KVR16LSE11/8 8 GB,49.99,"31,600","1,8",Green,13.75,11
Kingston KVR16LE11S8/4I 4 GB,28.99,"31,600","1,4",Green,13.75,11
Avexir Core 16 GB,,"31,600","2,8",Black / Red,13.75,11
Avexir Raiden 8 GB,,"32,133","2,4",White / Blue,8.439,9
Corsair Vengeance LPX 32 GB,,"42,400","4,8",Blue,11.667,14
Kingston HyperX Predator 32 GB,,"42,133","4,8",Black,12.189,13
Kingston HX424C12PBK4/32 32 GB,,"42,400","4,8",Black,10,12
EVGA SSC 16 GB,,"32,400","2,8",Black,9.167,11
PNY XLR8 16 GB,,"32,133","2,8",Black / Red,9.376,10
Kingston KTM-SX421LQ/32G 32 GB,,"42,133","1,32",Black / Green,14.065,15
Kingston KVR16LE11K4/32 32 GB,,"31,600","4,8",Black / Green,13.75,11
G.Skill Ripjaws 4 8 GB,,"43,200","2,4",Blue,10,16
Mushkin Essentials 8 GB,36.99,"42,133","2,4",Black / Green,14.065,15
PNY Anarchy 16 GB,,"42,133","2,8",Black / Blue,14.065,15
Corsair Vengeance LPX 8 GB,,"42,400","2,4",Red,11.667,14
Corsair Vengeance LP 8 GB,,"31,600","1,8",Black / Yellow,13.75,11
Corsair Vengeance Pro 8 GB,,"31,600","2,4",Black / Silver,13.75,11
G.Skill Ripjaws V 32 GB,,"43,000","4,8",Black / Red,10,15
Kingston HyperX Fury 8 GB,,"31,866","2,4",Black,11.79,11
Kingston HyperX Savage 16 GB,,"42,133","4,4",Black / White,12.189,13
G.Skill Ripjaws V 8 GB,,"42,800","2,4",Black / Red,11.429,16
G.Skill Ripjaws V 16 GB,,"42,800","4,4",Black / Red,11.429,16
Mushkin Redline 8 GB,,"43,200","2,4",Red / Silver,10,16
G.Skill Ripjaws V 64 GB,,"42,400","4,16",Black,11.667,14
Corsair Vengeance LPX 16 GB,,"42,400","4,4",Black / Yellow,12.5,15
Corsair Vengeance LPX 64 GB,,"43,000","4,16",Black / Yellow,10,15
G.Skill Ripjaws X 16 GB,,"31,600","2,8",Black / Red,11.25,9
G.Skill Ripjaws 8 GB,24.97,"42,133","2,4",Black / Blue,14.065,15
G.Skill Trident Z 16 GB,82,"43,600","2,8",Red / Silver,9.444,17
Corsair Vengeance LPX 16 GB,,"43,200","4,4",Black / Yellow,10,16
G.Skill Ripjaws V 32 GB,,"43,200","4,8",Black,8.75,14
G.Skill Ripjaws V 32 GB,1425.18,"43,200","2,16",Red,9.375,15
Crucial CT2KIT25664BA160BJ 4 GB,34.99,"31,600","2,2",Black / Green,13.75,11
G.Skill Aegis 32 GB,,"42,133","2,16",Black / Red,14.065,15
Crucial CT2K51264BF186DJ 8 GB,64.98,"31,866","2,4",Black / Green,13.934,13
Corsair Vengeance LPX 32 GB,,"43,000","2,16",Red,10,15
GeIL EVO POTENZA 8 GB,,"42,400","2,4",Red,12.5,15
Corsair Vengeance LPX 64 GB,,"42,133","4,16",Black,12.189,13
Corsair Vengeance LED 32 GB,,"43,000","2,16",Black / White,10,15
G.Skill Trident Z 32 GB,,"43,200","2,16",Silver / Black,8.75,14
Corsair Vengeance LED 32 GB,,"43,000","2,16",Black / Blue,10,15
Corsair Vengeance LED 64 GB,,"43,000","4,16",Black / Blue,10,15
Crucial Ballistix Sport LT 8 GB,,"42,400","2,4",Red,13.333,16
Corsair Dominator Platinum Blackout 32 GB,,"43,200","4,8",Black,8.75,14
TEAMGROUP Dark 16 GB,,"42,400","2,8",Black / Silver,11.667,14
G.Skill Trident Z 16 GB,,"43,600","2,8",Silver / Red,8.333,15
Kingston ValueRAM 32 GB,,"42,133","2,16",Green,14.065,15
TEAMGROUP Dark 16 GB,,"43,000","2,8",Black / Red,10.667,16
Kingston Predator 16 GB,121.38,"43,333","2,8",Black / Silver,9.601,16
Kingston Predator 16 GB,,"43,600","2,8",Black / Silver,9.444,17
TEAMGROUP Vulcan 16 GB,,"42,400","1,16",Black / Gray,12.5,15
TEAMGROUP Vulcan 32 GB,,"42,400","2,16",Black / Gray,12.5,15
ADATA XPG Z1 16 GB,,"42,666","2,8",Red / Black,12.003,16
Apacer Commando 32 GB,,"42,666","2,16",Black / Red,12.003,16
Crucial Ballistix Elite 8 GB,,"43,000","2,4",Black,10,15
Corsair Vengeance RGB 32 GB,,"43,333","2,16",,9.601,16
Corsair Vengeance LPX 16 GB,,"44,500","2,8",Black,8.444,19
Corsair Dominator Platinum Special Edition 32 GB,,"43,200","2,16",,8.75,14
Corsair Vengeance RGB 16 GB,,"43,600","2,8",White,10,18
TEAMGROUP T-Force Delta RGB 8 GB,,"42,400","1,8",Black,12.5,15
TEAMGROUP T-Force Delta RGB 16 GB,,"42,666","1,16",Black,11.253,15
TEAMGROUP T-Force Delta RGB 32 GB,,"43,000","2,16",White,10.667,16
Kingston ValueRAM 4 GB,55.54,"42,400","1,4",,14.167,17
ADATA ADATA 32GB (2 x 16GB) 288-Pin DDR4 SDRAM DDR4 3000 (PC4 24000) Desktop Memory Model AX4U3000316G16-DRG 32 GB,,"43,000","2,16",Red / White,10.667,16
Corsair Vengeance LPX 16 GB,,"44,400","2,8",Black / Red,8.636,19
Corsair Vengeance LPX 32 GB,,"44,266","4,8",Black / Yellow,8.908,19
Corsair Vengeance RGB 16 GB,,"43,200","2,8",Black,10,16
Corsair Vengeance LED 16 GB,,"43,200","2,8",Black / Red,10,16
Corsair Vengeance LED 32 GB,,"43,000","2,16",Black / Blue,10.667,16
Avexir Blitz 16 GB,,"43,200","2,8",Black / Silver,10,16
Corsair Dominator Platinum 32 GB,,"43,000","4,8",Black / Silver,10,15
G.Skill Sniper X 16 GB,362.25,"43,200","2,8",Black / Camo,10,16
G.Skill Trident Z 16 GB,,"44,000","2,8",Black / White,9,18
G.Skill Trident Z 32 GB,,"43,200","4,8",Black / White,11.25,18
TEAMGROUP T-Force Vulcan 16 GB,,"32,133","2,8",Gold,10.314,11
Crucial Ballistix Elite 16 GB,,"43,200","1,16",,10,16
Kingston HyperX Predator 32 GB,,"42,400","4,8",Black,10,12
Kingston HyperX Fury 32 GB,,"42,400","2,16",Red / Silver,12.5,15
GeIL SUPER LUCE RGB 8 GB,,"43,000","2,4",Black,10.667,16
Crucial CT2K8G3ERSLS4160B 16 GB,237.07,"31,600","2,8",Green / Black,13.75,11
Corsair Vengeance LPX 16 GB,,"44,333","2,8",Black / Yellow,8.77,19
Corsair Vengeance LPX 16 GB,,"44,500","2,8",Black / Yellow,8.444,19
Klevv BOLT 8 GB,,"43,000","1,8",Black / Gold,10,15
Klevv BOLT 16 GB,,"43,000","1,16",Black / Gold,10,15
ADATA XPG GAMMIX D10 16 GB,,"42,400","1,16",Black / White,13.333,16
ADATA XPG GAMMIX D10 8 GB,,"42,400","1,8",Black / White,13.333,16
ADATA XPG GAMMIX D10 8 GB,,"42,666","1,8",Black / White,12.003,16
Patriot Viper Venom RGB 16 GB,,"43,000","2,8",White / Black,10,15
Corsair Vengeance LPX 8 GB,,"42,400","2,4",Black / Yellow,11.667,14
Corsair Vengeance RGB Pro 16 GB,,"44,000","2,8",Black,9.5,19
Patriot Viper Elite 16 GB,,"42,666","1,16",Silver / Black,12.003,16
TEAMGROUP T-Force XCalibur RGB SE 16 GB,,"43,600","2,8",Black,10,18
Crucial Ballistix Sport LT 16 GB,,"42,666","1,16",White / Camo,12.003,16
Crucial Ballistix Sport LT 16 GB,,"42,400","2,8",Red / Black,13.333,16
ADATA XPG SPECTRIX D80 16 GB,,"43,000","2,8",Red,10.667,16
Corsair Vengeance LED 16 GB,,"42,933","2,8",Black,10.91,16
Corsair Vengeance LPX 128 GB,,"43,200","8,16",Black / Yellow,10,16
Kingston HyperX Predator 128 GB,,"43,000","8,16",Black / Silver,10,15
ADATA XPG GAMMIX D10 16 GB,,"43,200","2,8",Red / Silver,10,16
Kingston HyperX Fury 32 GB,,"43,466","2,16",Black / White,10.964,19
G.Skill Trident Z RGB 32 GB,,"42,933","2,16",Black,9.547,14
Corsair Vengeance RGB Pro 128 GB,,"43,200","8,16",Black,10,16
TEAMGROUP T-Force Vulcan 8 GB,,"42,400","1,8",Red / Black,13.333,16
G.Skill Trident Z Royal 16 GB,169,"44,266","2,8",Gold,8.908,19
G.Skill Trident Z Royal 16 GB,,"43,200","2,8",Gold,8.75,14
G.Skill Trident Z Royal 16 GB,92.92,"43,600","2,8",Gold,10,18
Samsung M393A2K40CB2-CTD 16 GB,,"42,666","1,16",Green / Black,14.254,19
ADATA XPG Spectrix D40 16 GB,,"43,000","2,8",Red / Black,10.667,16
G.Skill Trident Z Royal 32 GB,,"43,000","2,16",Silver,10.667,16
G.Skill Ripjaws V 4 GB,,"42,400","1,4",Red / Black,14.167,17
Crucial Ballistix Sport LT 16 GB,,"43,200","1,16",Silver / Black,10,16
Corsair Vengeance LPX 64 GB,,"44,266","8,8",Black / Yellow,8.908,19
Crucial Ballistix Sport LT 16 GB,,"43,200","1,16",White / Silver,10,16
Corsair Vengeance RGB Pro 128 GB,,"43,600","8,16",Black,10,18
Crucial Ballistix Sport LT 16 GB,,"43,000","1,16",Red / Black,10,15
G.Skill Trident Z Royal 16 GB,,"44,800","2,8",Silver,7.5,18
Corsair Vengeance LPX 32 GB,,"44,400","4,8",Black / Yellow,7.727,17
G.Skill Flare X 16 GB,,"42,933","2,8",Black,10.91,16
GeIL EVO SPEAR 16 GB,,"42,400","2,8",Black / Orange,13.333,16
GeIL EVO FORZA 16 GB,,"42,400","2,8",Red / Black,13.333,16
TEAMGROUP T-Force Vulcan 16 GB,,"43,200","2,8",Red / Black,10,16
Crucial CT2K4G4DFS632A 8 GB,,"43,200","2,4",Green / Black,13.75,22
OLOy MD4U083618IASA 8 GB,,"43,600","1,8",White / Gray,10,18
Corsair Dominator Platinum RGB 128GB (8 x 16GB) 288-Pin DDR4 SDRAM DDR4 3800 (PC4 30400) Desktop Memory Model CMT128GX4M8X3800C19 128 GB,,"43,800","8,16",Black,10,19
Corsair Dominator Platinum RGB 16 GB,79.98,"43,200","2,8",Black,10,16
Corsair Vengeance RGB Pro 32 GB,,"43,000","4,8",White,10,15
Corsair Vengeance LPX 16 GB,,"43,000","2,8",Gray,10,15
Kingston KSM26ES8/8ME 8 GB,,"42,666","1,8",Green,14.254,19
G.Skill Trident Z Royal 16 GB,136.79,"44,000","2,8",Gold,8.5,17
G.Skill Trident Z Neo 64 GB,,"43,200","4,16",Silver / Black,8.75,14
G.Skill Trident Z Neo 16 GB,59.99,"43,000","2,8",Silver / Black,10.667,16
TEAMGROUP T-Force Vulcan Z 8 GB,,"42,666","2,4",Black,13.503,18
TEAMGROUP T-Force Vulcan Z 8 GB,,"43,200","2,4",Black,10,16
TEAMGROUP T-Force Vulcan Z 16 GB,,"43,200","1,16",Red,10,16
OLOy WarHawk RGB 16 GB,,"43,600","2,8",Red / White,10,18
Crucial Ballistix Elite 16 GB,,"44,000","2,8",Black,9,18
Crucial Ballistix Sport LT 16 GB,,"42,666","1,16",Red / Black,12.003,16
Kingston HyperX Fury RGB 32 GB,,"43,000","4,8",Black,10,15
Kingston HyperX Fury RGB 16 GB,,"43,466","2,8",Black,9.233,16
Kingston HyperX Fury RGB 16 GB,,"42,666","1,16",Black,12.003,16
Kingston HyperX Fury RGB 16 GB,,"43,000","1,16",Black,10,15
Kingston HyperX Fury RGB 32 GB,,"43,000","2,16",Black,10,15
Kingston HyperX Fury RGB 64 GB,,"43,000","4,16",Black,10,15
ADATA XPG GAMMIX D30 32 GB,,"43,200","2,16",Silver / Black,10,16
ADATA XPG GAMMIX D30 16 GB,,"43,600","2,8",Silver / Black,9.444,17
G.Skill Trident Z Royal 64 GB,,"43,600","4,16",Gold,8.889,16
G.Skill Trident Z Neo 32 GB,,"43,800","4,8",Black / Silver,7.368,14
Kingston HyperX Predator RGB 16 GB,,"43,000","2,8",Black,10,15
V-Color Prism Plus RGB 16 GB,,"43,200","2,8",Black,10,16
Silicon Power XPOWER Turbine 16 GB,,"42,666","2,8",Blue,12.003,16
Silicon Power XPOWER Turbine 16 GB,,"43,600","2,8",Blue,10,18
Thermaltake TOUGHRAM 16 GB,144.98,"43,200","2,8",White / Silver,10,16
Thermaltake TOUGHRAM RGB 16 GB,165.39,"44,400","2,8",Black / Silver,8.636,19
Corsair Vengeance LPX 16 GB,,"43,600","2,8",Black / Yellow,11.111,20
Crucial Ballistix 32 GB,,"42,666","2,16",White,12.003,16
Crucial Ballistix 16 GB,,"42,666","2,8",Red,12.003,16
Crucial Ballistix RGB 64 GB,,"43,600","2,32",White,8.889,16
Crucial Ballistix RGB 16 GB,,"43,000","2,8",White,10,15
OLOy WarHawk RGB 32 GB,,"44,000","2,16",Black / Silver,9.5,19
OLOy MD4U162619BGDA 32 GB,,"42,666","2,16",Black,14.254,19
OLOy MD4U083216BHDA 16 GB,,"43,200","2,8",Red,10,16
OLOy MD4U162616DJDA 32 GB,,"42,666","2,16",Black,12.003,16
OLOy MD4U1640190DJ0DA 32 GB,,"44,000","2,16",Black,9.5,19
Kingston HyperX Fury 16 GB,,"43,000","1,16",Black,10,15
TEAMGROUP T-Force Vulcan TUF Gaming Alliance 16 GB,,"43,000","2,8",Black / Gold,10.667,16
G.Skill Trident Z RGB 32 GB,,"44,266","4,8",Black,7.97,17
Kingston ValueRAM 8 GB,,"42,933","1,8",Green / Black,14.32,21
Samsung SAMSUNG 64GB 288-Pin DDR4 SDRAM ECC DDR4 2933 (PC4 23400) LR DIMM Model M386A8K40CM2-CVF 64 GB,,"42,933","1,64",Green / Black,14.32,21
G.Skill Trident Z Royal 128 GB,,"43,600","4,32",Silver,8.889,16
G.Skill Trident Z Neo 16 GB,,"43,800","2,8",Black / Silver,8.421,16
Kingston HyperX 256 GB,,"43,200","8,32",Black,10,16
Kingston HyperX Fury 64 GB,,"43,600","4,16",Black,10,18
Silicon Power XPOWER Turbine RGB 16 GB,,"43,600","2,8",Silver / Black,10,18
Silicon Power GAMING 32 GB,,"43,200","2,16",Red / Black,10,16
Neo Forza NMUD340D81-1600CA10 4 GB,,"31,600","1,4",,13.75,11
Silicon Power XPOWER Gaming 16 GB,,"43,000","2,8",Black / Silver,10.667,16
Acer Predator Apollo RGB 32 GB,,"43,600","2,16",Silver / Black,8.889,16
G.Skill Trident Z5 RGB 32 GB,,"56,000","2,16",Silver / Black,12,36
G.Skill Trident Z Royal 64 GB,,"44,266","2,32",Silver,8.908,19
G.Skill Trident Z Royal 16 GB,,"44,800","2,8",Gold,7.083,17
Corsair Dominator Platinum RGB 32 GB,,"54,800","2,16",Black,14.167,34
Corsair Dominator Platinum RGB 32 GB,,"55,600","2,16",Black,14.286,40
G.Skill Trident Z5 32 GB,124.27,"55,600","2,16",Black,14.286,40
G.Skill Trident Z5 32 GB,,"55,600","2,16",Silver / Black,14.286,40
G.Skill Trident Z Neo 16 GB,,"44,000","2,8",Black / White,7,14
G.Skill TridentZ RGB 256 GB,,"43,200","8,32",Black,11.875,19
G.Skill TridentZ RGB 128 GB,,"43,600","8,16",Black,7.778,14
TEAMGROUP T-Force Delta RGB 32 GB,,"55,600","2,16",Black,14.286,40
TEAMGROUP T-Force Delta RGB 32 GB,,"55,600","2,16",White,14.286,40
Kingston FURY Beast RGB 16 GB,,"43,200","1,16",Black,10,16
Kingston FURY Renegade 8 GB,49.99,"43,200","1,8",Black,10,16
Kingston FURY 16 GB,,"43,600","1,16",Black,10,18
Kingston FURY 32 GB,,"42,666","2,16",Black,12.003,16
GeIL Orion RGB AMD Edition 8 GB,,"43,600","1,8",Red,10,18
GeIL Orion RGB AMD Edition 8 GB,,"43,600","1,8",Gray,10,18
GeIL Orion AMD Edition 32 GB,,"43,600","2,16",Gray,10,18
Kingston Fury Renegade RGB 32 GB,103.82,"43,200","1,32",Black / Silver,10,16
Addlink Spider 4 16 GB,,"43,200","2,8",Black,10,16
TEAMGROUP T-Force Delta RGB 32 GB,,"42,666","1,32",Black,13.503,18
Kingston FURY Renegade 32 GB,98.99,"42,666","1,32",Black,11.253,15
Kingston FURY Renegade 32 GB,99.99,"43,200","1,32",Black,10,16
Kingston FURY Renegade 32 GB,,"43,600","1,32",Black,10,18
Kingston FURY Renegade 8 GB,,"44,000","1,8",Black,9.5,19
G.Skill Trident Z5 RGB 32 GB,,"55,600","2,16",White / Black,10,28
G.Skill Trident Z5 RGB 32 GB,,"56,000","2,16",Black,12,36
Kingston Server Premier 32 GB,119.77,"43,200","1,32",,13.75,22
G.Skill Ripjaws S5 64 GB,,"56,000","2,32",White,10,30
ADATA XPG GAMMIX D20 16 GB,,"43,200","1,16",Black / Silver,10,16
V-Color XSky RGB 32 GB,,"56,000","2,16",White,12,36
V-Color XSky RGB 32 GB,,"56,000","2,16",Silver,12,36
TEAMGROUP T-Force Xtreem ARGB 16 GB,,"44,800","2,8",Black,8.333,20
Lexar Hades RGB 16 GB,,"43,200","1,16",Black,11.25,18
Lexar Hades RGB 16 GB,,"43,200","1,16",Black,11.25,18
TEAMGROUP T-Force Vulcan 32 GB,,"55,600","2,16",Black,14.286,40
TEAMGROUP T-Force Vulcan 32 GB,,"54,800","2,16",Red,15,36
V-Color SKYWALKER PLUS 32 GB,,"43,600","2,16",Black,10,18
TEAMGROUP Elite 32 GB,,"42,400","2,16",Black,13.333,16
TEAMGROUP T-Force Xtreem 16 GB,,"45,333","2,8",Black / White,8.251,22
ADATA XPG SPECTRIX D50 16 GB,,"43,200","1,16",White,10,16
ADATA XPG SPECTRIX D50 32 GB,,"43,600","1,32",White,10,18
PNY XLR8 Gaming EPIC-X RGB 16 GB,,"44,400","2,8",Black,8.636,19
Mushkin Redline Lumina 16 GB,89.99,"43,200","2,8",Black,8.75,14
Mushkin Redline 16 GB,84.99,"44,133","2,8",White,9.194,19
Mushkin Redline Lumina 16 GB,74.53,"44,133","2,8",Black,9.194,19
Mushkin Proline 16 GB,55.32,"43,200","1,16",,13.75,22
Mushkin Proline 32 GB,83.11,"42,933","1,32",,15.002,22
G.Skill F4-3600C16Q2-64GTZSW 64 GB,352.56,"43,600","8,8",Gray / White,8.889,16
G.Skill Ares 32 GB,,"31,600","4,8",Blue,11.25,9
G.Skill Trident Z Neo 128 GB,,"43,600","8,16",Black / White,7.778,14
G.Skill Trident Z Neo 32 GB,,"43,800","2,16",Black / White,8.421,16
G.Skill Trident Z Neo 32 GB,,"44,000","2,16",Black / White,8,16
G.Skill Ripjaws 4 8 GB,,"42,400","1,8",Black,12.5,15
G.Skill Ripjaws S5 32 GB,,"55,200","2,16",Black,15.385,40
TEAMGROUP Elite Plus 8 GB,,"54,800","1,8",Black,16.667,40
G.Skill Trident Z RGB 16 GB,,"43,200","2,8",Black,10,16
Acer UD100 16 GB,,"42,666","1,16",Black,14.254,19
Acer Predator Apollo RGB 16 GB,,"44,133","2,8",Silver / Black,9.194,19
Acer Predator Vesta RGB 16 GB,,"43,600","2,8",Silver,7.778,14
Corsair Vengeance RGB Pro 16 GB,,"44,000","2,8",Black,8,16
Patriot Viper Venom RGB 16 GB,,"44,000","2,8",Black,9.5,19
Patriot Viper Steel 64 GB,,"43,000","2,32",Gray,10.667,16
Silicon Power XPOWER Zenith RGB Gaming 16 GB,,"55,200","2,8",White,14.615,38
Silicon Power XPOWER Turbine 32 GB,,"42,666","2,16",Blue / Black,12.003,16
Silicon Power XPOWER Turbine 32 GB,,"44,133","2,16",Blue / Black,9.194,19
Silicon Power SP004GBLFU213N02 4 GB,53.52,"42,133","1,4",,14.065,15
G.Skill Trident Z5 64 GB,,"56,000","2,32",Black / White,10.667,32
TEAMGROUP Night Hawk RGB Gen 2 32 GB,,"43,200","2,16",Black,10,16
Thermaltake TOUGHRAM XG RGB 16 GB,165.99,"43,600","2,8",Black / Silver,10,18
Thermaltake TOUGHRAM XG RGB 32 GB,309.99,"44,000","2,16",Black / Silver,9.5,19
Thermaltake TOUGHRAM XG RGB 16 GB,150.41,"44,000","2,8",Black / Silver,9.5,19
Neo Forza FAYE 16 GB,,"43,600","2,8",Black / Silver,10,18
V-Color Manta XPrism RGB 32 GB,,"57,800","2,16",Silver,9.744,38
OLOy Blade RGB 16 GB,,"55,600","2,8",Platinum,11.429,32
Timetec PINNACLE Konduit 16 GB,,"43,600","2,8",Black,10,18
Timetec PINNACLE Konduit RGB 64 GB,,"43,600","2,32",White,10,18
Thermaltake TOUGHRAM XG RGB D5 32 GB,,"55,600","2,16",White / Silver,12.857,36
ADATA XPG CASTER RGB 16 GB,,"56,000","1,16",Black / Silver,13.333,40
Crucial CT4G4DFS6266 4 GB,28.99,"42,666","1,4",Green,14.254,19
Kingston FURY Beast 64 GB,,"43,200","2,32",Black / Silver,10,16
OLOy Blade RGB 64 GB,,"43,600","2,32",Black / Silver,10,18
Timetec 75TT16NUL2R8-8GK2 16 GB,,"31,600","2,8",Green,13.75,11
TEAMGROUP Elite Plus 16 GB,,"42,133","2,8",Black / Gold,14.065,15
TEAMGROUP Elite Plus 8 GB,,"42,666","2,4",Black / Gold,14.254,19
TEAMGROUP Elite Plus 16 GB,,"42,666","2,8",Red / Black,14.254,19
TEAMGROUP T-Force Delta TUF Gaming Alliance RGB 32 GB,,"56,000","1,32",Black,12.667,38
GeIL ORION V AMD 32 GB,,"56,000","2,16",Red,10,30
TEAMGROUP Elite 16 GB,,"54,800","2,8",Black,16.667,40
TEAMGROUP Elite 16 GB,,"55,200","2,8",Black,16.154,42
GeIL EVO V RGB 16 GB,,"54,800","2,8",Black,16.667,40
GeIL EVO V RGB 24 GB,,"58,400","1,24",White,10,42
GOODRAM IRDM PRO 16 GB,,"43,600","1,16",White / Red,10,18
GOODRAM IRDM PRO 32 GB,,"43,600","2,16",Black / Gold,9.444,17
ADATA XPG LANCER RGB 16 GB,,"56,400","1,16",Black,10,32
ADATA XPG Lancer Blade RGB 64 GB,,"56,400","2,32",Black,10,32
ADATA XPG Lancer Blade RGB 64 GB,,"56,400","2,32",White,10,32
Netac Shadow II 8 GB,,"42,666","1,8",Black,14.254,19
TEAMGROUP T-Force Vulcan 64 GB,,"56,400","2,32",Black,10.625,34
Mushkin Redline Lumina 32 GB,,"55,600","2,16",Black,10,28
Mushkin Redline Lumina 32 GB,114.99,"56,000","2,16",Black,12,36
Mushkin Redline 96 GB,,"55,200","2,48",Black,16.154,42
TEAMGROUP Xtreem ARGB 48 GB,,"57,600","2,24",Black,9.474,36
Acer Predator Pallas II 32 GB,,"56,600","2,16",Silver,10.303,34
Acer Predator Hermes RGB 48 GB,,"56,800","2,24",White,10.588,36
Acer Predator Hermes RGB 48 GB,,"57,200","2,24",Black,10,36
Acer Predator Hermes RGB 32 GB,,"57,600","2,16",White,9.474,36
TEAMGROUP T-Create Master 64 GB,499.99,"56,400","4,16",Black,10,32
V-Color TRA524G80S840R3Q 96 GB,,"58,000","4,24",White,10,40
Kingston FURY Renegade Pro 64 GB,469.99,"56,800","4,16",Black,14.118,48
Kingston FURY Renegade Pro 256 GB,1200,"55,600","8,32",Black,12.857,36
V-Color TRA524G64S832O 192 GB,1679.99,"56,400","8,24",Black,10,32
V-Color TRA532G68D834O 256 GB,2719.99,"56,800","8,32",Black,10,34
G.Skill Ripjaws 32 GB,99.99,"43,200","2,16",Blue / Black,11.25,18
Kingston KCP424SD8/16 16 GB,31.03,"42,400","1,16",Green / Black,14.167,17
Corsair Vengeance Performance 8 GB,34.98,"42,666","1,8",Black / Yellow,13.503,18
Patriot Viper Steel 16 GB,32.99,"42,666","1,16",Silver / Black,13.503,18
G.Skill Trident Z Neo 16 GB,179.37,"44,000","2,8",Black / White,8,16
Corsair Dominator Platinum RGB 64 GB,,"55,600","2,32",Black,14.286,40
G.Skill Trident Z Royal Elite 16 GB,,"44,000","2,8",Silver,7,14
VisionTek 900848 16 GB,124.4,"31,600","1,16",Green / Black,13.75,11
G.Skill Ripjaws 16 GB,57.99,"43,200","2,8",Black / Blue,11.25,18
Kingston FURY Impact 64 GB,158.31,"42,666","2,32",Black,12.003,16
Crucial Ballistix Sport LT 64 GB,,"43,200","4,16",White / Silver,10,16
Mushkin Redline 64 GB,124.05,"43,200","2,32",,13.75,22
G.Skill Trident Z RGB 32 GB,,"44,000","4,8",,9,18
Crucial CT2KIT51264BF160BJ 8 GB,53.99,"31,600","2,4",Black / Green,13.75,11
G.Skill Trident Z Royal 16 GB,139.99,"43,600","2,8",Gold,7.778,14
G.Skill Trident Z Royal 32 GB,529.86,"44,000","4,8",Silver,7.5,15
G.Skill F3-12800CL9D-4GBNQ 4 GB,57,"31,600","2,2",Red / Silver,11.25,9
Corsair Vengeance 8 GB,39.99,"31,600","1,8",Black / Silver,11.25,9
G.Skill Trident Z 32 GB,,"43,200","4,8",Red / Silver,8.75,14
G.Skill Trident Z 32 GB,156.87,"43,600","4,8",Red / Silver,9.444,17
G.Skill FORTIS 32 GB,115,"42,400","4,8",Black / Red,13.333,16
Crucial CT16G4WFD824A 16 GB,84.99,"42,400","1,16",Green,14.167,17
Patriot Signature Line 8 GB,17.98,"42,133","1,8",Green,14.065,15
Thermaltake TOUGHRAM 16 GB,199.99,"44,400","2,8",White / Silver,8.636,19
Crucial Ballistix 32 GB,,"43,000","2,16",Red,10,15
Corsair Dominator Platinum RGB 16 GB,79.98,"43,200","2,8",White,10,16
Silicon Power SP016GBLFU320X22 16 GB,,"43,200","2,8",,13.75,22
V-Color TRA532G56S436O 256 GB,1288.99,"55,600","8,32",Black,12.857,36
Corsair VS1GSDS533D2 1 GB,19.98,"2,533","1,1",Green,15.009,4
Mushkin Essentials 4 GB,27.87,"2,800","2,2",Green,12.5,5
Mushkin 996647 8 GB,21.31,"31,333","2,4",Green,13.503,9
Kingston KVR13N9S8K2/8 8 GB,44.99,"31,333","2,4",Green,13.503,9
Mushkin 992082 32 GB,98.94,"31,333","1,32",Silver,13.503,9
Samsung M393A1G43DB0-CPB0 8 GB,16.48,"42,133","1,8",Black / Green,14.065,15
G.Skill Trident Z 32 GB,,"43,200","2,16",Red / Silver,8.75,14
Kingston ValueRAM 16 GB,99.5,"42,400","1,16",Green,14.167,17
Corsair Vengeance Performance 32 GB,,"43,600","4,8",Black,8.889,16
Mushkin Essentials 16 GB,36.84,"42,400","2,8",Green / Black,14.167,17
Kingston KTH-PL426/16G 16 GB,61.8,"42,666","1,16",Green / Black,14.254,19
G.Skill Ripjaws V 64 GB,289,"43,600","4,16",Red / Black,10.556,19
G.Skill Trident Z Royal 32 GB,,"43,600","2,16",Silver,8.889,16
Corsair Dominator Platinum RGB 64 GB,254.99,"43,600","4,16",Black,10,18
Kingston KSM24ED8/16ME 16 GB,109,"42,400","1,16",Green / Black,14.167,17
G.Skill Trident Z Royal Elite 32 GB,,"43,600","2,16",Silver,8.889,16
Kingston Fury Renegade RGB 16 GB,,"43,200","1,16",Black / Silver,10,16
Kingston ValueRAM 32 GB,81.48,"42,666","1,32",Green,14.254,19
Kingston Server Premier 16 GB,52.48,"43,200","1,16",,13.75,22
Kingston ValueRAM 8 GB,25,"43,200","1,8",,13.75,22
Kingston ValueRAM 32 GB,76.78,"43,200","1,32",,13.75,22
Kingston ValueRAM 8 GB,24.25,"42,666","1,8",,14.254,19
Mushkin Redline Lumina 64 GB,203.56,"43,200","2,32",White,10,16
Mushkin Redline Lumina 16 GB,61.9,"43,600","2,8",Black,10,18
G.Skill Trident Z Royal 32 GB,,"43,600","2,16",Silver,7.778,14
G.Skill F4-4000C18Q-32GTZ 32 GB,196.71,"44,000","4,8",Gray / Red,9,18
Corsair Dominator Platinum RGB 16 GB,79.98,"43,200","2,8",White,10,16
Silicon Power SP008GBSFU320X02 8 GB,,"43,200","1,8",,13.75,22
Thermaltake TOUGHRAM XG RGB 16 GB,230.98,"44,600","2,8",Black / Silver,8.261,19
V-Color TRA532G60S432Q 128 GB,649.99,"56,000","4,32",White,10.667,32
Kingston FURY Renegade Pro 32 GB,156.99,"55,600","1,32",Black,12.857,36
Kingston FURY Renegade Pro 64 GB,339.99,"55,600","4,16",Black,12.857,36
Corsair XMS3 DHX 4 GB,,"31,333","2,2",Black / White,13.503,9
Corsair Dominator 6 GB,,"31,600","3,2",Black / White,10,8
Corsair XMS2 DHX 4 GB,,"2,800","2,2",Black / White,10,4
Crucial CT2CP12872AA667 2 GB,,"2,667","1,2",Green,14.993,5
Crucial CT2KiT51272AB667 8 GB,,"2,667","2,4",Green,14.993,5
Kingston HyperX 1 GB,,"21,066","1,1",Blue / White,9.381,5
Kingston ValueRAM 2 GB,45,"2,800","2,1",Green,15,6
Patriot Extreme Performance 4 GB,,"2,800","2,2",Black / Silver,12.5,5
Patriot Sector 5 4 GB,,"31,600","2,2",Black / Red,11.25,9
PNY XLR8 4 GB,,"21,066","2,2",Black,9.381,5
OCZ Value 1 GB,34.95,"2,667","1,1",Green,14.993,5
OCZ Platinum 4 GB,,"21,066","2,2",Black / Silver,9.381,5
OCZ Gold Edition 4 GB,,"31,066","2,2",Black / Gold,13.133,7
Corsair XMS3 4 GB,,"31,333","2,2",Black / White,13.503,9
Corsair Dominator GT 12 GB,,"32,000","3,4",Black / Red,9,9
Corsair Dominator 3 GB,,"31,600","3,1",Black / Blue,10,8
ADATA Plus 6 GB,,"31,600","3,2",Red / Silver,10,8
G.Skill PI 6 GB,,"31,600","3,2",Black / Blue,7.5,6
G.Skill Ripjaws 8 GB,,"31,600","2,4",Black / Blue,10,8
G.Skill ECO 4 GB,29.99,"31,600","2,2",Silver,11.25,9
Corsair XMS3 4 GB,,"31,600","1,4",Black / Blue,11.25,9
Kingston HyperX 8 GB,,"31,333","4,2",Blue / Silver,10.503,7
ADATA AD2U800B1G5-RHS 1 GB,,"2,800","1,1",Blue / Silver,12.5,5
G.Skill F3-10600CL8D-4GBHK 4 GB,,"31,333","2,2",Blue / Silver,12.003,8
G.Skill ECO 4 GB,,"31,333","2,2",White,10.503,7
G.Skill F3-8500CL7D-2GBNQ 2 GB,,"31,066","2,1",Red / Silver,13.133,7
G.Skill Ripjaws X 4 GB,49.98,"31,333","2,2",Black / Red,13.503,9
GeIL Value PLUS 4 GB,,"31,333","2,2",Black / Silver,13.503,9
Patriot Viper II ‘Sector 7’ Edition 12 GB,,"32,000","3,4",Black / Blue,9,9
OCZ Gold 4 GB,,"31,333","2,2",Black / Gold,13.503,9
Kingston KVR1333D3/2GR 2 GB,22.1,"31,333","1,2",Green,13.503,9
G.Skill Ripjaws X + Turbulence II 8 GB,,"32,200","2,4",Black / Red,8.182,9
Kingston KHX1333C7AD3K2/8G 8 GB,,"31,333","2,4",Blue / Silver,10.503,7
Kingston HyperX T1 4 GB,,"31,600","2,2",Blue,11.25,9
Kingston HyperX T1 8 GB,,"31,600","2,4",Blue,11.25,9
Crucial Ballistix Sport 4 GB,,"2,800","2,2",Black / Silver,12.5,5
Crucial CT12864BC1067 1 GB,,"31,066","1,1",Green,13.133,7
Kingston KHX1600C9S3K2/4GX 4 GB,40.99,"31,600","2,2",Blue / Silver,11.25,9
Kingston KVR533D2S4/2G 2 GB,,"2,533","1,2",Green,15.009,4
Mushkin Essentials 4 GB,24.63,"31,066","2,2",Green,13.133,7
Patriot PSD22G8002S 2 GB,,"2,800","1,2",Green,15,6
PNY XLR8 8 GB,,"31,600","2,4",Black / Silver,11.25,9
Corsair Dominator GT 8 GB,,"31,866","2,4",Black / Red,9.646,9
G.Skill Sniper Gaming + Turbulence 24 GB,,"31,600","6,4",Black / Red,8.75,7
Corsair Vengeance 8 GB,,"31,600","2,4",Black / White,11.25,9
Corsair XMS3 16 GB,,"31,600","4,4",Black / White,11.25,9
G.Skill Ripjaws X 16 GB,166.85,"31,600","4,4",Black / Blue,11.25,9
Crucial CT3KIT25664BD160B 6 GB,,"31,600","3,2",Green,13.75,11
G.Skill Sniper 16 GB,,"31,600","4,4",Black / Red,11.25,9
"Patriot Gamer 2 Series, Division 2 Editi 16 GB",,"31,333","4,4",Black / Blue,13.503,9
G.Skill F3-12800CL11D-8GBSQ 8 GB,,"31,600","2,4",Green,13.75,11
ADATA XPG Gaming 8 GB,,"31,600","2,4",Green,11.25,9
GeIL Pristine 4 GB,,"31,333","1,4",Green,13.503,9
Crucial CT2KIT102464BF1339 16 GB,69.98,"31,333","2,8",Green,13.503,9
G.Skill Ripjaws X 8 GB,,"31,333","4,2",Black / Red,13.503,9
G.Skill Ripjaws X 8 GB,,"31,600","4,2",Black / Blue,8.75,7
G.Skill Ripjaws Z 16 GB,,"31,600","4,4",Black / Red,11.25,9
G.Skill Ripjaws Z 16 GB,,"31,866","4,4",Black / Red,9.646,9
G.Skill Ripjaws Z 32 GB,119.4,"31,600","8,4",Black / Red,11.25,9
G.Skill Ripjaws Z 16 GB,,"32,133","4,4",Black / Red,10.314,11
Corsair Vengeance 16 GB,,"31,866","4,4",Black / Red,9.646,9
Pareema MD313C81609L1 4 GB,,"31,333","1,4",Blue,13.503,9
Crucial Ballistix Elite 4 GB,,"31,600","1,4",Black / Silver,10,8
G.Skill Ripjaws Z 8 GB,,"32,133","4,2",Black / Blue,8.439,9
Mushkin Blackline 16 GB,,"31,600","4,4",Black,11.25,9
G.Skill Ripjaws Z 16 GB,,"32,400","4,4",Black / Blue,7.5,9
Crucial Ballistix 4 GB,,"31,333","1,4",Black / Yellow,10.503,7
G.Skill F3-10666CL9D-16GBSQ 16 GB,31.82,"31,333","2,8",Green,13.503,9
Crucial Ballistix Sport 6 GB,,"31,333","3,2",Black / Silver,13.503,9
GeIL Evo Two 32 GB,,"31,333","4,8",Black / Red,13.503,9
G.Skill Ripjaws X 8 GB,,"31,600","2,4",Black / Blue,8.75,7
G.Skill Ripjaws Z 32 GB,,"32,133","4,8",Black / Blue,8.439,9
Crucial Ballistix Tactical Tracer 8 GB,,"31,600","2,4",Black / Silver,10,8
Kingston HyperX 16 GB,,"31,866","4,4",Blue / Silver,9.646,9
Corsair Vengeance 16 GB,,"31,866","2,8",Black / Red,9.646,9
Kingston KHX2400C11D3K4/8GX 8 GB,,"32,400","4,2",Blue / Silver,9.167,11
Corsair XMS 64 GB,,"31,333","8,8",Black / Silver,13.503,9
G.Skill Trident X 16 GB,,"32,600","2,8",,8.462,11
GeIL EVO VELOCE 16 GB,,"32,400","2,8",White,9.167,11
Patriot Viper 3 8 GB,,"31,866","2,4",Black / Silver,9.646,9
Patriot Viper 3 16 GB,,"32,133","2,8",Black / Silver,10.314,11
Corsair XMS3 4 GB,,"31,600","1,4",Black / White,13.75,11
Crucial CT2KIT51264BA160B 8 GB,31.2,"31,600","2,4",Green,13.75,11
Corsair Vengeance 8 GB,,"32,400","2,4",Black / Silver,8.333,10
Kingston KVR16S11K2/16 16 GB,87.91,"31,600","2,8",Green,13.75,11
Corsair Dominator Platinum 32 GB,,"32,133","4,8",Black / Silver,8.439,9
Corsair Vengeance 8 GB,,"31,600","1,8",Black / Blue,12.5,10
G.Skill Ripjaws Z 32 GB,,"31,866","4,8",Black / Blue,9.646,9
G.Skill Trident X 32 GB,,"31,866","4,8",Black / Red,8.574,8
Kingston Blu 16 GB,,"31,333","2,8",Blue / Silver,13.503,9
Crucial Ballistix Sport 8 GB,,"31,600","1,8",Black / Silver,11.25,9
Crucial Ballistix Tactical 8 GB,,"31,600","2,4",Black / Yellow,10,8
Kingston HyperX Beast 8 GB,,"32,400","2,4",Black,9.167,11
Kingston HyperX Beast 32 GB,,"31,600","4,8",Black,11.25,9
Kingston HyperX 16 GB,,"31,866","2,8",Gray / Silver,11.79,11
ADATA XPG Gaming Series v2.0 8 GB,,"32,400","2,4",,8.333,10
ADATA XPG Gaming Series v2.0 16 GB,,"32,400","2,8",Black / Green,9.167,11
Kingston HyperX 10th Anniversary 4 GB,,"31,866","1,4",Gray / Silver,9.646,9
Patriot Signature 4 GB,,"31,333","1,4",,13.503,9
Crucial CT2KIT102464BA160B 16 GB,,"31,600","2,8",Green,13.75,11
G.Skill Sniper 16 GB,,"32,133","2,8",Black / Red,9.376,10
G.Skill Ares 32 GB,,"32,133","4,8",Black / Blue,9.376,10
Corsair Vengeance Pro 16 GB,,"31,866","2,8",Black / Blue,9.646,9
PNY XLR8 8 GB,,"31,600","1,8",,11.25,9
ADATA XPG™ Gaming v2.0 8 GB,,"32,400","2,4",,9.167,11
Crucial Ballistix Sport XT 32 GB,,"31,866","4,8",,10.718,10
Mushkin Blackline 16 GB,,"32,133","2,8",Black,10.314,11
G.Skill Trident X 32 GB,,"32,800","4,8",,8.571,12
AMD Performance Edition 16 GB,,"31,866","2,8",Black / Red,9.646,9
ADATA XPG V2 16 GB,,"32,400","2,8",Black / Silver,9.167,11
Crucial Ballistix Tactical 16 GB,,"31,866","2,8",Black / Yellow,9.646,9
TEAMGROUP Elite 8 GB,,"31,333","2,4",Red / Silver,13.503,9
Avexir Core 8 GB,,"31,333","1,8",Black / Blue,13.503,9
Corsair Vengeance Pro 32 GB,,"31,600","4,8",Black / Blue,11.25,9
G.Skill Ripjaws Z 32 GB,,"31,866","4,8",Black / Blue,10.718,10
Transcend TS512MSK64V3N 4 GB,41.94,"31,333","1,4",,13.503,9
GeIL EVO POTENZA 8GB 8 GB,,"32,666","2,4",,8.252,11
Corsair Vengeance Performance 16 GB,,"32,133","2,8",Black / Gold,10.314,11
Crucial CT2K8G3W186DM 16 GB,,"31,866","2,8",Black / Green,13.934,13
Corsair Vengeance Performance 16 GB,,"31,600","2,8",Black / Gold,11.25,9
Corsair Vengeance Pro 32 GB,,"32,666","4,8",Black / Red,8.252,11
Patriot Viper 3 Low Profile Blue 32 GB,,"31,600","4,8",Black / Blue,11.25,9
Patriot Viper 3 Low Profile Red 8 GB,,"32,133","2,4",Black / Red,10.314,11
Patriot Viper 3 Low Profile Red 16 GB,,"32,133","2,8",Black / Red,10.314,11
Corsair Vengeance Pro 16 GB,,"32,133","4,4",Black / Red,8.439,9
Kingston HyperX Fury 4 GB,,"31,333","1,4",Black / Silver,13.503,9
Kingston HyperX Fury 16 GB,,"31,333","2,8",Red / Silver,13.503,9
Kingston HyperX Fury 8 GB,,"31,333","2,4",Red / Silver,13.503,9
Crucial Ballistix Tactical 16 GB,,"31,600","4,4",Black / Yellow,10,8
Mushkin Redline 16 GB,,"31,600","2,8",Red / Silver,8.75,7
PNY MD16384KD3-1866-X9 16 GB,,"31,866","2,8",Black / Silver,9.646,9
PNY MD32768K4D3-1600-X9 32 GB,,"31,600","4,8",Black / White,11.25,9
Corsair Vengeance LPX 16 GB,,"42,666","4,4",Black / Red,11.253,15
Corsair Vengeance LPX 16 GB,,"42,800","4,4",Black / Yellow,10.714,15
G.Skill Ripjaws 32 GB,95.92,"42,666","4,8",Red,11.253,15
G.Skill Value 16 GB,,"42,400","4,4",Black,12.5,15
ADATA XPG Z1 16 GB,,"42,800","4,4",Red / Black,12.143,17
ADATA XPG Z1 32 GB,,"42,800","4,8",Red / Black,12.143,17
Crucial Ballistix Sport 16 GB,,"42,400","2,8",Gray / Silver,13.333,16
Corsair Dominator Platinum 8 GB,,"33,000","2,4",Black / Silver,8,12
Kingston HyperX Beast 32 GB,,"32,400","4,8",Black,9.167,11
Crucial CT2K8G4VFS4213 16 GB,,"42,133","2,8",Black / Green,14.065,15
G.Skill Trident X 16 GB,,"33,100","4,4",Black / Red,7.742,12
Kingston Impact Black 8 GB,,"31,600","1,8",Black,11.25,9
TEAMGROUP Vulcan 8 GB,,"32,133","2,4",Orange,9.376,10
TEAMGROUP Elite Plus 16 GB,,"31,333","2,8",Black / Gold,13.503,9
TEAMGROUP Elite Plus 8 GB,,"31,600","1,8",Black / Gold,13.75,11
TEAMGROUP Xtreem 16 GB,,"32,400","2,8",White,8.333,10
TEAMGROUP Zeus Blue 8 GB,,"31,600","2,4",Blue,11.25,9
ADATA XPG V1.0 8 GB,,"31,600","1,8",Red / White,11.25,9
Crucial CT2K32G3ELSLQ4160B 64 GB,,"31,600","2,32",Blue / Silver,13.75,11
TEAMGROUP Elite 4 GB,,"31,333","2,2",Black / Silver,13.503,9
Patriot Extreme Performance 16 GB,,"42,133","4,4",Black / White,14.065,15
Crucial Ballistix 16 GB,,"31,866","2,8",Black / White,9.646,9
G.Skill Ripjaws Z 64 GB,,"32,400","8,8",Black / Blue,8.333,10
Corsair Vengeance LPX 32 GB,,"42,666","4,8",Blue,11.253,15
Corsair Vengeance LPX 32 GB,,"42,666","4,8",Red,11.253,15
Wintec Server 64 GB,,"31,333","4,16",Silver,13.503,9
Corsair Vengeance LPX 16 GB,,"42,133","4,4",Black / Blue,14.065,15
Mushkin Blackline 16 GB,,"42,400","2,8",Black / White,12.5,15
Corsair Vengeance LPX 32 GB,,"42,800","4,8",Black,10.714,15
Corsair Vengeance LPX 16 GB,,"42,133","4,4",Black,14.065,15
Corsair Dominator Platinum 64 GB,,"42,666","8,8",Black / Silver,11.253,15
Corsair Vengeance LPX 16 GB,,"43,000","4,4",Black / Red,10,15
G.Skill Ripjaws 4 32 GB,,"43,000","8,4",Blue,10,15
Mushkin Redline 8 GB,,"43,000","1,8",Red / White,10,15
Crucial Ballistix Elite 16 GB,,"42,666","2,8",Black,12.003,16
Corsair TW3X4G1333C9A 4 GB,,"31,333","2,2",Black / Blue,13.503,9
Samsung M393B1K70DH0-CK008/Q 8 GB,,"31,600","1,8",Black / Green,13.75,11
Klevv Urbane 16 GB,,"31,600","2,8",Silver,11.25,9
Klevv CRAS 16 GB,,"43,000","4,4",Black / Silver,10.667,16
Klevv CRAS 16 GB,,"42,666","4,4",Black / Silver,11.253,15
Kingston HyperX Fury 64 GB,,"42,133","8,8",Black / Silver,13.127,14
Kingston HyperX Fury 32 GB,,"42,666","4,8",Black / Silver,11.253,15
Kingston KTL-TS421/8G 8 GB,48.99,"42,133","1,8",Green,14.065,15
Crucial CT204872BB160B 16 GB,,"31,600","1,16",Green,13.75,11
Kingston KVR16R11D4K4/32 32 GB,118.99,"31,600","4,8",Green,13.75,11
Kingston KVR16LR11D4K4/64 64 GB,399,"31,600","4,16",Blue,13.75,11
Kingston KVR16LR11D4/16HA 16 GB,32.99,"31,600","1,16",Green,13.75,11
Kingston KVR1333D3E9SK2/16G 16 GB,128.88,"31,333","2,8",Green,13.503,9
Kingston KVR16E11/8 8 GB,33.29,"31,600","1,8",Green,13.75,11
Kingston KVR16LE11/8I 8 GB,68.98,"31,600","1,8",Green,13.75,11
Mushkin Essentials 32 GB,,"31,600","4,8",Black / Green,13.75,11
Corsair Vengeance LPX 4 GB,,"42,400","1,4",Red,12.5,15
TEAMGROUP Dark 16 GB,,"31,600","2,8",Black,11.25,9
EVGA Superclocked 8 GB,,"31,866","2,4",Black,9.646,9
EVGA Superclocked 16 GB,,"31,866","2,8",Black,9.646,9
Corsair Dominator Platinum 16 GB,,"42,133","4,4",Black / Silver,14.065,15
Corsair Vengeance LPX 16 GB,,"43,300","4,4",Black / Yellow,9.697,16
Corsair Dominator Platinum 128 GB,,"42,800","8,16",Black / Silver,10.714,15
G.Skill Ripjaws 4 8 GB,,"43,200","2,4",Black,10,16
PNY Anarchy X 16 GB,,"42,666","4,4",Black / Red,11.253,15
PNY Anarchy 32 GB,,"32,133","4,8",Black / Red,9.376,10
Corsair Vengeance LPX 8 GB,,"42,133","2,4",Red,14.065,15
Corsair Vengeance LP 8 GB,,"31,600","1,8",Red,13.75,11
G.Skill Ripjaws V 16 GB,,"42,133","4,4",Black / Red,14.065,15
G.Skill Ripjaws V 16 GB,,"42,666","4,4",Black / Red,11.253,15
G.Skill Ripjaws V 8 GB,,"43,200","2,4",Black,10,16
G.Skill Ripjaws V 16 GB,,"43,200","4,4",Black,10,16
Kingston HyperX Fury 8 GB,,"42,666","1,8",Black / White,11.253,15
Corsair Vengeance LPX 32 GB,,"42,400","2,16",Red,12.5,15
G.Skill Trident Z 16 GB,,"43,000","2,8",Red / Silver,10,15
G.Skill Ripjaws V 32 GB,,"42,800","4,8",Black / Red,10.714,15
Kingston HyperX Savage 8 GB,,"42,133","1,8",Black / White,12.189,13
Kingston HyperX Savage 16 GB,,"42,400","4,4",Black / White,10,12
Kingston HyperX Savage 8 GB,,"42,800","2,4",Black / White,10,14
Kingston HyperX Savage 8 GB,,"43,000","1,8",Black / White,10,15
Corsair Vengeance Pro 32 GB,,"32,133","4,8",Black / Red,10.314,11
G.Skill Trident Z 8 GB,,"43,000","2,4",Red / Silver,10,15
Patriot Viper 4 8 GB,57.31,"42,800","2,4",Black / Red,11.429,16
Kingston Impact 8 GB,,"42,400","1,8",Black / Silver,11.667,14
Corsair Vengeance Pro 16 GB,,"31,866","2,8",Black / Red,11.79,11
Corsair Vengeance Pro 32 GB,,"31,866","4,8",Black / Silver,11.79,11
ADATA XPG V3 16 GB,,"32,133","2,8",Black / Red,9.376,10
ADATA AX4U3000W4G16-DGZ 8 GB,,"43,000","2,4",Gold,10.667,16
G.Skill Ripjaws V 64 GB,,"42,800","4,16",Red,10.714,15
G.Skill Trident Z 32 GB,1601.89,"43,200","4,8",Red / Silver,10,16
Kingston D1G64KL110 8 GB,,"31,600","1,8",Black / Green,13.75,11
Patriot Viper 4 16 GB,,"42,666","2,8",Black / Red,11.253,15
Corsair Dominator Platinum 64 GB,,"42,800","4,16",Black / Silver,10.714,15
G.Skill Ripjaws V 16 GB,,"43,400","2,8",Black,9.412,16
G.Skill Ripjaws V 32 GB,,"43,400","4,8",Black,9.412,16
AMD R7 Performance 8 GB,,"42,133","1,8",Black / Red,14.065,15
Corsair Vengeance LPX 8 GB,,"44,000","2,4",Black / Yellow,9.5,19
G.Skill Ripjaws V 16 GB,,"43,200","2,8",Silver,10,16
G.Skill Ripjaws V 16 GB,,"43,600","2,8",Black,9.444,17
Corsair Vengeance LPX 16 GB,,"43,466","2,8",Black / Yellow,9.233,16
Corsair Vengeance LPX 16 GB,,"43,733","4,4",Black / Yellow,9.108,17
Corsair Vengeance LPX 32 GB,,"43,466","4,8",Black / Yellow,9.233,16
Corsair Vengeance LPX 8 GB,,"42,400","2,4",Red,13.333,16
GeIL EVO POTENZA 16 GB,,"42,133","2,8",Red,14.065,15
G.Skill Ripjaws V 32 GB,,"42,800","2,16",Black,10,14
G.Skill Trident Z 64 GB,,"43,000","4,16",Red / Silver,9.333,14
G.Skill Ripjaws V 8 GB,,"43,866","2,4",Black,9.312,18
Corsair Vengeance LPX 64 GB,,"43,333","4,16",Red,9.601,16
G.Skill Ripjaws V 32 GB,,"43,000","2,16",Red,9.333,14
G.Skill Ripjaws V 16 GB,,"43,200","2,8",Red,9.375,15
G.Skill Ripjaws V 32 GB,,"43,200","4,8",Red,9.375,15
Avexir Raiden 8 GB,,"42,800","2,4",White / Blue,10.714,15
G.Skill Ripjaws V 64 GB,,"43,400","4,16",Red,9.412,16
EVGA SuperSC 16 GB,,"43,000","2,8",Black,10,15
Corsair Dominator Platinum 32 GB,,"42,400","4,8",Black / Silver,12.5,15
G.Skill Aegis 16 GB,,"42,400","4,4",Black / Red,12.5,15
Kingston Savage 16 GB,,"42,400","2,8",Black,10,12
Kingston Savage 16 GB,,"42,400","4,4",Black,10,12
Corsair Dominator Platinum 16 GB,,"42,400","4,4",Black / Silver,12.5,15
Crucial CT2KIT51272BA186DJ 8 GB,,"31,866","2,4",Black / Green,13.934,13
G.Skill Ripjaws V 32 GB,,"43,333","4,8",Red / Silver,9.601,16
Mushkin Silverline 16 GB,,"42,133","2,8",Silver,14.065,15
Corsair Vengeance LPX 16 GB,,"43,866","4,4",Red,9.312,18
Kingston D4G72M151 32 GB,,"42,133","1,32",Black / Green,14.065,15
Avexir Core 8 GB,,"42,400","2,4",Black / White,13.333,16
Crucial CT102472BD160B 8 GB,34.99,"31,600","1,8",Black / Green,13.75,11
Corsair Vengeance LED 32 GB,,"42,666","2,16",Black / Red,12.003,16
Corsair Vengeance LED 32 GB,,"42,666","4,8",Black / Red,12.003,16
Patriot Viper Elite 16 GB,,"42,666","2,8",Black / Blue,11.253,15
G.Skill Trident Z 16 GB,,"43,200","2,8",Silver / White,8.75,14
G.Skill Trident Z 128 GB,,"43,200","8,16",Silver / White,8.75,14
Corsair Vengeance LED 16 GB,,"43,200","2,8",Black / Blue,10,16
Corsair Dominator Platinum Blackout 32 GB,,"43,200","2,16",Black,8.75,14
TEAMGROUP Dark 8 GB,,"42,400","2,4",Black / Silver,11.667,14
G.Skill Trident Z RGB 32 GB,,"43,466","4,8",Black,9.233,16
G.Skill Trident Z RGB 16 GB,,"44,133","2,8",Black,9.194,19
TEAMGROUP T-Force / Night Hawk 16 GB,,"43,200","2,8",Black / Red,10,16
TEAMGROUP T-Force / Night Hawk 16 GB,,"43,000","2,8",Black / White,10.667,16
Corsair Vengeance RGB 64 GB,,"42,666","8,8",Black,12.003,16
G.Skill FORTIS 16 GB,,"42,133","2,8",Black / Red,14.065,15
Kingston HyperX Predator 64 GB,,"43,000","4,16",Black,10,15
G.Skill Flare X 16 GB,,"42,133","2,8",Black,14.065,15
G.Skill Flare X 16 GB,,"42,133","2,8",Red,14.065,15
G.Skill Flare X 64 GB,,"42,133","4,16",Red,14.065,15
G.Skill Trident Z RGB 128 GB,,"43,333","8,16",Black,9.601,16
Corsair Dominator Platinum 32 GB,,"43,600","4,8",Black / Silver,8.889,16
Kingston KCP421NS8/4 4 GB,32.99,"42,133","1,4",Black / Green,14.065,15
G.Skill Trident Z 64 GB,,"43,600","4,16",Black / White,9.444,17
Patriot Viper 4 8 GB,76.45,"43,600","2,4",Red / Black,9.444,17
TEAMGROUP Vulcan 16 GB,,"42,666","2,8",Black / Gray,11.253,15
TEAMGROUP Vulcan 8 GB,,"42,400","2,4",Black / Gray,11.667,14
TEAMGROUP Vulcan 8 GB,,"43,000","2,4",Black / Red,10.667,16
Patriot Viper 4 16 GB,,"43,400","2,8",Red / Black,9.412,16
G.Skill Ripjaws V 16 GB,,"43,333","2,8",Black,9.601,16
Crucial Ballistix Elite 32 GB,,"43,000","2,16",Black,10,15
Patriot Viper Elite 16 GB,,"42,400","2,8",Black / Red,13.333,16
Crucial Ballistix Sport LT 16 GB,,"42,666","2,8",White,12.003,16
G.Skill Trident Z 128 GB,,"43,866","8,16",Black / White,9.829,19
Corsair Vengeance RGB 32 GB,,"43,600","4,8",Black,10,18
Corsair Vengeance RGB 32 GB,,"43,200","4,8",Black,10,16
Corsair Dominator Platinum 16 GB,,"43,200","2,8",,8.75,14
Patriot Signature Line 16 GB,,"42,400","1,16",Black / Green,14.167,17
GeIL SUPER LUCE RGB SYNC 16 GB,,"42,400","2,8",Black,13.333,16
Crucial Sport LT 8 GB,,"42,666","1,8",White / Silver,12.003,16
TEAMGROUP T-Force Delta RGB 4 GB,,"42,400","1,4",Black,12.5,15
TEAMGROUP T-Force Delta RGB 8 GB,,"42,666","1,8",Black,11.253,15
TEAMGROUP T-Force Delta RGB 8 GB,,"42,400","1,8",White,12.5,15
TEAMGROUP T-Force Delta RGB 32 GB,,"42,400","2,16",White,12.5,15
TEAMGROUP T-Force Delta RGB 8 GB,,"42,666","2,4",White,11.253,15
TEAMGROUP Night Hawk 32 GB,,"43,000","2,16",Black / Red,10.667,16
TEAMGROUP Night Hawk 32 GB,,"43,000","2,16",Black / Blue,10.667,16
ADATA XPG V1.0 16 GB,,"31,600","2,8",Red / White,13.75,11
ADATA AX4U2400W4G16-DRG 8 GB,,"42,400","2,4",Red / White,13.333,16
ADATA AX4U2666W4G16-DRG 8 GB,,"42,666","2,4",Red / White,12.003,16
Corsair Vengeance LPX 16 GB,,"43,000","4,4",Black / Yellow,10.667,16
Corsair Vengeance LPX 64 GB,,"42,933","8,8",Black / Yellow,10.91,16
Corsair Vengeance RGB 32 GB,,"43,300","4,8",White,9.697,16
Corsair Vengeance RGB 64 GB,,"43,733","4,16",Black,9.108,17
Corsair Vengeance LPX 64 GB,,"43,733","4,16",Black / Yellow,9.108,17
Corsair Vengeance RGB 32 GB,,"43,000","4,8",Black,10.667,16
Corsair Vengeance LPX 16 GB,,"43,200","2,8",Red / Black,8.75,14
G.Skill Trident Z 64 GB,877.11,"43,200","8,8",Black / Yellow,10,16
G.Skill Sniper X 16 GB,,"43,600","2,8",Black / Camo,10.556,19
G.Skill Trident Z RGB 32 GB,,"44,000","4,8",Black,9,18
G.Skill Trident Z RGB 32 GB,,"44,133","4,8",Black,8.226,17
G.Skill Trident Z 16 GB,,"44,000","2,8",Black / White,9.5,19
TEAMGROUP T-Force Dark 16 GB,,"42,666","1,16",Silver / Black,11.253,15
TEAMGROUP T-Force Dark 4 GB,,"42,666","1,4",Red / Black,11.253,15
TEAMGROUP T-Force Night Hawk RGB 32 GB,,"43,000","2,16",White,10.667,16
TEAMGROUP Elite Plus 16 GB,,"42,400","1,16",Red / Black,13.333,16
TEAMGROUP T-Force Vulcan 16 GB,,"32,133","2,8",Orange,10.314,11
TEAMGROUP Elite 16 GB,,"31,600","2,8",Black,13.75,11
TEAMGROUP Xtreem LV 16 GB,,"32,600","4,4",Red / Black,7.692,10
ADATA XPG GAMMIX D10 32 GB,,"42,666","2,16",Red / Silver,12.003,16
Crucial Ballistix Sport LT 32 GB,,"42,666","4,8",Gray,12.003,16
Crucial Ballistix Sport LT 16 GB,,"42,400","1,16",Gray,13.333,16
Corsair Vengeance LP 8 GB,,"31,600","2,4",Black,13.75,11
GeIL EVO FORZA 8 GB,,"42,666","2,4",Red / Black,12.003,16
GeIL EVO POTENZA 16 GB,,"42,133","2,8",Red / Black,14.065,15
GeIL EVO POTENZA 8 GB,,"43,000","2,4",Red / Black,10.667,16
GeIL EVO POTENZA 8 GB,,"42,133","2,4",Black,14.065,15
Corsair Vengeance RGB 32 GB,,"43,000","2,16",Black,10.667,16
Corsair Vengeance RGB 32 GB,,"43,000","4,8",White,10.667,16
Corsair Vengeance LED 32 GB,,"43,000","2,16",Black / White,10.667,16
TEAMGROUP T-Force Night Hawk RGB 16 GB,,"44,000","2,8",White,9,18
TEAMGROUP T-Force Dark 32 GB,,"43,200","4,8",Silver / Black,10,16
TEAMGROUP T-Force Dark 32 GB,,"42,400","4,8",Red / Black,11.667,14
TEAMGROUP T-Force Dark 64 GB,,"43,200","4,16",Red / Black,10,16
TEAMGROUP T-Force Vulcan 16 GB,,"42,400","4,4",Silver / Black,11.667,14
Kingston HyperX Fury 64 GB,,"42,133","4,16",White / Silver,13.127,14
Patriot Signature Line 8 GB,,"42,133","1,8",Green / Black,14.065,15
Patriot Signature Line 8 GB,,"42,400","1,8",Green / Black,14.167,17
Corsair Vengeance RGB 128 GB,,"43,200","8,16",Black,10,16
G.Skill Ripjaws 32 GB,,"44,000","4,8",Black / Blue,9,18
Crucial Ballistix Sport LT 16 GB,,"42,666","2,8",White,12.003,16
Compustocx CSXA-LO-1333-4G-KIT 4 GB,,"31,333","1,4",Green / Black,13.503,9
Crucial Ballistix Tactical Tracer 16 GB,,"42,666","2,8",Silver,12.003,16
Crucial Ballistix Sport LT 32 GB,,"42,400","4,8",White / Camo,13.333,16
Corsair Vengeance LPX 16 GB,,"44,133","2,8",Black / Yellow,9.194,19
G.Skill Sniper X 32 GB,,"43,600","2,16",Silver / Camo,10.556,19
KFA2 Hall Of Fame Extreme 16 GB,,"44,000","2,8",White / Silver,9.5,19
ADATA XPG GAMMIX D10 16 GB,,"42,666","1,16",Black / White,12.003,16
ADATA XPG GAMMIX D10 16 GB,,"42,666","1,16",Black / White,12.003,16
ADATA XPG GAMMIX D10 32 GB,,"42,666","4,8",Black / White,12.003,16
ADATA XPG GAMMIX D10 32 GB,,"43,000","2,16",Black / White,10.667,16
ADATA XPG GAMMIX D10 8 GB,,"42,400","1,8",Red / White,13.333,16
ADATA XPG GAMMIX D10 16 GB,,"43,000","1,16",Red / White,10.667,16
Corsair Vengeance LPX 32 GB,,"42,933","4,8",Black / Yellow,10.91,16
Corsair Vengeance RGB Pro 32 GB,,"42,666","4,8",White,12.003,16
Corsair Vengeance RGB Pro 64 GB,,"43,600","8,8",Black,10,18
G.Skill Flare X 16 GB,,"42,933","2,8",Black,9.547,14
G.Skill Trident Z RGB 64 GB,,"43,000","4,16",Black,10.667,16
ADATA XPG SPECTRIX D41 16 GB,,"42,666","2,8",Red,12.003,16
Kingston KSM26RD8/16HAI 16 GB,,"42,666","2,8",Green / Black,14.254,19
ADATA XPG SPECTRIX D41 16 GB,,"43,600","2,8",Red,9.444,17
ADATA XPG SPECTRIX D80 16 GB,,"43,600","2,8",Red,9.444,17
Corsair Vengeance RGB Pro 32 GB,,"42,933","4,8",Black,10.91,16
TEAMGROUP T-Force Dark Pro 16 GB,,"43,200","2,8",Red / Black,8.75,14
Crucial Ballistix Sport AT 32 GB,,"42,666","2,16",Silver / Black,12.003,16
Crucial Ballistix Sport AT 8 GB,,"43,000","1,8",Silver / Black,11.333,17
Crucial Ballistix Sport LT 8 GB,,"42,666","2,4",Silver / Gray,12.003,16
G.Skill Trident Z 16 GB,149.4,"43,200","2,8",Black / White,9.375,15
Corsair Vengeance RGB Pro 64 GB,,"42,666","4,16",White,12.003,16
Corsair Vengeance RGB Pro 128 GB,,"43,000","8,16",Black,10.667,16
Corsair Vengeance RGB Pro 128 GB,,"42,666","8,16",Black,12.003,16
GeIL EVO SPEAR 8 GB,,"42,400","2,4",Black,13.333,16
ADATA AD4S266638G19-R 8 GB,,"42,666","1,8",Green,14.254,19
ADATA AD4S240038G17-2 16 GB,,"42,400","2,8",Green,14.167,17
G.Skill Trident Z 32 GB,,"43,600","4,8",Silver / White,8.889,16
TEAMGROUP T-Force Xtreem 16 GB,,"44,000","2,8",Black / White,9,18
Crucial CT16G4VFS4266 16 GB,84.99,"42,666","1,16",Green / Black,14.254,19
Corsair Vengeance RGB Pro 64 GB,,"42,933","4,16",Black,10.91,16
Crucial Ballistix Elite 32 GB,,"43,200","2,16",Black / White,10,16
TEAMGROUP XCalibur Phantom Gaming RGB 16 GB,,"43,200","2,8",Black,10,16
Kingston HyperX Predator 32 GB,,"43,000","4,8",Black / Silver,10,15
Crucial Ballistix Sport AT 32 GB,,"43,200","2,16",Silver / Black,10,16
Crucial Ballistix Sport LT 8 GB,,"43,000","1,8",Silver / Black,10,15
Crucial Ballistix Sport AT 32 GB,,"43,200","4,8",Silver / Black,10,16
Crucial Ballistix Sport LT 32 GB,,"43,000","2,16",Red / Black,10,15
Crucial Ballistix Sport LT 16 GB,,"43,000","1,16",White / Silver,10,15
Corsair Dominator Platinum RGB 64 GB,,"43,000","4,16",Black,10,15
Corsair Dominator Platinum RGB 128 GB,,"43,600","8,16",Black,10,18
Corsair Dominator Platinum RGB 128 GB,,"43,200","8,16",Black,10,16
G.Skill Trident Z Royal 32 GB,,"43,000","2,16",Gold,10.667,16
G.Skill Trident Z Royal 64 GB,,"43,000","4,16",Gold,10.667,16
G.Skill F4-2133C15D-16GNS 16 GB,,"42,133","2,8",Black,14.065,15
G.Skill Ripjaws V 16 GB,,"42,800","2,8",Red,12.143,17
G.Skill Trident Z 16 GB,,"44,133","2,8",Silver / White,9.194,19
G.Skill Trident Z 16 GB,129,"44,000","2,8",Silver / White,9,18
GeIL EVO POTENZA 16 GB,,"43,000","2,8",Black,10.667,16
Kingston KSM24RS8/8MEI 8 GB,48.22,"42,400","1,8",Green / Black,14.167,17
Corsair Dominator Platinum RGB 64 GB,,"43,466","4,16",Black,9.233,16
GeIL EVO POTENZA 16 GB,,"43,000","2,8",Black / Red,10.667,16
G.Skill Flare X 32 GB,,"42,933","2,16",Black,9.547,14
Crucial Ballistix Elite 8 GB,,"43,200","1,8",Black,9.375,15
Corsair Dominator Platinum RGB 16 GB,,"44,600","2,8",Black / Silver,8.261,19
Corsair Dominator Platinum RGB 32 GB,,"44,266","4,8",Black / Silver,8.908,19
TEAMGROUP T-Force T1 16 GB,,"42,400","2,8",Black / Red,12.5,15
G.Skill Trident Z 32 GB,,"43,200","4,8",Silver / White,10,16
TEAMGROUP T-Force Dark 8 GB,,"42,400","2,4",Red / Black,11.667,14
TEAMGROUP T-Force Vulcan Z 8 GB,,"43,000","1,8",Silver / Black,10.667,16
TEAMGROUP T-Force Vulcan Z 8 GB,,"43,000","2,4",Silver / Black,10.667,16
TEAMGROUP T-Force Vulcan Z 16 GB,,"43,000","1,16",Red / Black,10.667,16
G.Skill Trident Z Royal 32 GB,,"43,600","4,8",Gold,9.444,17
G.Skill Trident Z Royal 32 GB,429,"44,000","2,16",Gold,9.5,19
TEAMGROUP T-Force Vulcan Z 16 GB,,"42,666","1,16",Black,13.503,18
TEAMGROUP T-Force Vulcan Z 16 GB,,"42,666","1,16",Red,13.503,18
TEAMGROUP T-Force Vulcan Z 8 GB,,"42,666","2,4",Red,13.503,18
Corsair Vengeance LPX 16 GB,,"44,266","2,8",Black / Yellow,7.501,16
Corsair Vengeance RGB Pro 32 GB,,"44,000","4,8",Black,9,18
Kingston HyperX Fury RGB 8 GB,,"42,400","1,8",Black,12.5,15
Kingston HyperX Fury RGB 64 GB,,"42,666","4,16",Black,12.003,16
Corsair Vengeance LPX 16 GB,,"44,866","2,8",Black / Yellow,7.398,18
Patriot Viper 4 Blackout 16 GB,,"44,000","2,8",Black,9.5,19
TEAMGROUP T-Force Dark Z 16 GB,,"42,666","1,16",Red / Black,11.253,15
GeIL EVO POTENZA 16 GB,,"43,200","2,8",Black,10,16
GeIL EVO POTENZA 32 GB,,"43,200","2,16",Red,10,16
G.Skill Trident Z RGB 64 GB,,"43,600","4,16",Black,8.889,16
ADATA XPG GAMMIX D30 32 GB,,"43,000","2,16",Silver / Black,10.667,16
ADATA XPG GAMMIX D30 16 GB,,"43,200","2,8",Silver / Black,10,16
G.Skill Trident Z Royal 32 GB,,"43,600","4,8",Silver,10,18
G.Skill Trident Z Royal 32 GB,,"43,600","2,16",Gold,10,18
G.Skill Trident Z Royal 32 GB,,"43,600","2,16",Gold,8.889,16
G.Skill Trident Z Royal 32 GB,,"43,600","4,8",Silver,7.778,14
OLOy MD4U163216CFDA 32 GB,,"43,200","2,16",Red,10,16
Corsair Dominator Platinum RGB 64 GB,,"43,200","4,16",Black,10,16
OLOy MD4U323016DJDA 64 GB,,"43,000","2,32",Black,10.667,16
Corsair Vengeance LPX 256 GB,,"43,000","8,32",Black / Yellow,10.667,16
Corsair Vengeance RGB Pro 128 GB,,"42,666","4,32",Black,12.003,16
Thermaltake TOUGHRAM 16 GB,139.99,"43,600","2,8",Black / Silver,10,18
Thermaltake TOUGHRAM 16 GB,189.99,"44,400","2,8",Black / Silver,8.636,19
Thermaltake TOUGHRAM RGB 16 GB,199.99,"44,400","2,8",White / Silver,8.636,19
Crucial Ballistix 32 GB,,"42,666","2,16",Red,12.003,16
Crucial Ballistix 64 GB,,"43,600","2,32",Red,8.889,16
Crucial Ballistix 64 GB,,"43,200","2,32",Black,10,16
Crucial Ballistix RGB 32 GB,,"43,200","2,16",Red,10,16
G.Skill Trident Z Royal 64 GB,489.99,"43,600","8,8",Silver,7.778,14
GeIL EVO SPEAR Phantom Gaming 16 GB,,"43,000","2,8",Black,10.667,16
GeIL GeIL EVO X II 16GB (2 x 8GB) 288-Pin DDR4 SDRAM DDR4 3600 (PC4 28800) Desktop Memory Model GEXSB416GB3600C18ADC 16 GB,,"43,600","2,8",Black,10,18
GeIL GeIL EVO POTENZA 16GB (2 x 8GB) 288-Pin DDR4 SDRAM DDR4 3600 (PC4 28800) Desktop Memory Model GPB416GB3600C18ADC 16 GB,,"43,600","2,8",Black,10,18
OLOy MD4U083016BHDA 16 GB,,"43,000","2,8",Red,10.667,16
OLOy MD4U162417BFDA 32 GB,,"42,400","2,16",Red,14.167,17
OLOy MD4U082616BHDA 16 GB,,"42,666","2,8",Red,12.003,16
TEAMGROUP T-Force Dark Z 32 GB,,"43,600","2,16",Red / Black,10,18
PNY Performance 8 GB,22.99,"42,666","1,8",Black,14.254,19
Crucial CT16G4RFD8266-2G6E1 16 GB,,"42,666","1,16",Green / Black,14.254,19
Corsair Vengeance RGB Pro 128 GB,,"43,200","4,32",Black,10,16
Thermaltake H-ONE 8 GB,,"42,666","1,8",Black / Silver,14.254,19
Patriot Signature Line 64 GB,196.85,"43,200","2,32",Black,13.75,22
ADATA XPG GAMMIX D10 32 GB,,"43,600","2,16",Black,10,18
ADATA XPG SPECTRIX D50 32 GB,,"43,000","2,16",Black,10.667,16
ADATA XPG SPECTRIX D50 32 GB,,"43,600","2,16",Black,10,18
G.Skill Trident Z Royal 16 GB,,"44,266","2,8",Silver,7.501,16
G.Skill Trident Z Royal 32 GB,,"44,000","2,16",Silver,8.5,17
Kingston HyperX Predator 64 GB,,"43,200","2,32",Black,10,16
Neo Forza NMUD480E82-3200DB21 16 GB,,"43,200","2,8",Black,10,16
G.Skill Trident Z Royal 64 GB,,"43,600","4,16",Gold,7.778,14
G.Skill Trident Z Neo 64 GB,,"43,800","2,32",Black / Silver,9.474,18
Neo Forza FAYE 16 GB,,"43,200","2,8",Black,10,16
V-Color SKYWALKER PLUS 32 GB,,"43,200","2,16",Silver / Black,10,16
G.Skill Trident Z Neo 32 GB,,"43,800","2,16",Black / Silver,9.474,18
G.Skill Trident Z Royal 64 GB,,"43,200","2,32",Silver,8.75,14
Kingston HyperX Fury 64 GB,,"42,400","4,16",Black,12.5,15
Kingston HyperX Predator RGB 256 GB,,"43,200","8,32",Black,10,16
Apacer AU 8 GB,,"42,133","1,8",Black,14.065,15
Neo Forza FAYE 16 GB,,"43,200","1,16",Silver / Black,10,16
TEAMGROUP T-Force Xtreem ARGB 16 GB,104.92,"43,200","2,8",White,10,16
TEAMGROUP T-Force Xtreem ARGB 32 GB,,"43,200","2,16",Black,8.75,14
OLOy Blade RGB 32 GB,,"54,800","2,16",Black / Silver,16.667,40
OLOy Blade 32 GB,,"54,800","2,16",Black / Silver,16.667,40
Acer Predator Apollo RGB 32 GB,,"43,600","2,16",Silver / Black,7.778,14
Acer Predator Talos 32 GB,,"43,200","2,16",White / Black,10,16
Acer Predator Talos 16 GB,,"43,600","2,8",White / Black,10,18
OLOy Blade RGB 16 GB,,"54,800","2,8",Black,16.667,40
G.Skill Trident Z Royal Elite 32 GB,,"43,600","2,16",Gold,7.778,14
G.Skill Trident Z Royal Elite 64 GB,,"43,600","4,16",Silver,7.778,14
G.Skill Trident Z Royal 16 GB,755.35,"43,600","2,8",Gold,7.778,14
G.Skill Trident Z Royal 16 GB,,"44,000","2,8",Silver,7,14
G.Skill Trident Z Royal 16 GB,,"44,800","2,8",Silver,7.917,19
OLOy Blade RGB 32 GB,,"43,200","2,16",Silver,8.75,14
OLOy Blade RGB 32 GB,,"43,600","2,16",Silver,7.778,14
OLOy Blade RGB 16 GB,,"44,000","2,8",Silver,7.5,15
V-Color Manta XPrism RGB 32 GB,,"56,200","2,16",Black,11.613,36
V-Color Manta XPrism RGB 32 GB,,"56,200","2,16",White,11.613,36
V-Color Manta XPrism RGB 32 GB,,"56,400","2,16",White,10,32
G.Skill Trident Z Royal Elite 32 GB,,"44,000","2,16",Gold,9,18
G.Skill Trident Z Royal 16 GB,,"44,266","2,8",Silver,8.908,19
G.Skill TridentZ RGB 32 GB,,"44,266","2,16",Black,7.501,16
Corsair Dominator Platinum RGB 128 GB,,"43,200","8,16",White,10,16
Corsair Dominator Platinum RGB 32 GB,174.99,"43,600","4,8",Black,10,18
HP V10 RGB 16 GB,,"43,200","2,8",Silver / Black,8.75,14
Kingston FURY 32 GB,,"42,400","2,16",Black,12.5,15
GeIL Orion RGB AMD Edition 32 GB,,"44,000","1,32",Gray,9,18
GeIL Orion RGB AMD Edition 16 GB,,"43,600","1,16",Gray,10,18
GeIL Orion RGB AMD Edition 16 GB,,"43,000","2,8",Red,10.667,16
GeIL Orion AMD Edition 16 GB,39.99,"43,600","2,8",Gray,10,18
GeIL Polaris RGB 16 GB,,"55,200","1,16",Red,13.077,34
Kingston Fury Renegade RGB 64 GB,,"43,200","2,32",Black / Silver,10,16
Kingston Fury Renegade RGB 64 GB,,"43,600","2,32",Black / Silver,10,18
TEAMGROUP T-Force Vulcan Z 32 GB,,"43,200","1,32",Red,10,16
TEAMGROUP T-Force Vulcan Z 16 GB,,"43,000","1,16",Gray,10.667,16
TEAMGROUP T-Force Vulcan Z 32 GB,,"43,600","1,32",Gray,10,18
TEAMGROUP T-Force Delta RGB 32 GB,,"42,666","2,16",White,12.003,16
TEAMGROUP T-Force Delta RGB 8 GB,,"43,000","1,8",Black,10.667,16
TEAMGROUP T-Force Delta RGB 16 GB,,"43,200","1,16",White,10,16
TEAMGROUP T-Force Delta RGB 16 GB,,"43,200","1,16",Black,10,16
TEAMGROUP T-Force Delta RGB 64 GB,,"43,200","2,32",Black,10,16
Kingston FURY Renegade 64 GB,,"42,666","4,16",Black,9.752,13
Kingston FURY Renegade 32 GB,,"42,666","4,8",Black,9.752,13
Kingston FURY Renegade 128 GB,,"42,666","4,32",Black,11.253,15
Kingston FURY Renegade 32 GB,,"43,200","4,8",Black,10,16
G.Skill Trident Z5 RGB 64 GB,,"55,600","2,32",Black,10.714,30
G.Skill Trident Z5 RGB 32 GB,,"55,200","2,16",Black,15.385,40
G.Skill Trident Z5 RGB 32 GB,,"55,200","2,16",White / Black,15.385,40
G.Skill Trident Z5 RGB 32 GB,,"55,600","2,16",White / Black,12.857,36
G.Skill Trident Z5 RGB 32 GB,,"55,600","2,16",Black,14.286,40
Kingston Server Premier 16 GB,139,"43,200","1,16",,13.75,22
Kingston Server Premier 32 GB,,"42,666","1,32",,14.254,19
Kingston Server Premier 32 GB,104.21,"42,666","1,32",,14.254,19
Kingston Server Premier 8 GB,38.69,"43,200","1,8",,13.75,22
Kingston ValueRAM 64 GB,207.25,"54,800","2,32",,16.667,40
G.Skill Ripjaws S5 32 GB,,"55,200","2,16",Black,10.769,28
G.Skill Ripjaws S5 32 GB,,"55,600","2,16",Black,10.714,30
PNY XLR8 16 GB,,"43,600","1,16",Black,10,18
ADATA XPG GAMMIX D20 64 GB,,"43,200","2,32",Gray / Silver,10,16
V-Color XSky RGB 32 GB,,"56,600","2,16",White,9.697,32
V-Color XSky RGB 32 GB,,"56,600","2,16",Black,9.697,32
TEAMGROUP T-Force Xtreem ARGB 128 GB,,"43,200","8,16",Black,10,16
Lexar Hades RGB 16 GB,,"43,600","1,16",Black,10,18
Lexar Hades RGB 16 GB,,"43,200","2,8",Black,11.25,18
V-Color SKYWALKER PLUS 64 GB,,"43,200","2,32",Silver,10,16
TEAMGROUP T-Force Dark Za 32 GB,,"43,200","2,16",Black,10,16
TEAMGROUP T-Force Dark Za 64 GB,,"43,200","2,32",Black,10,16
TEAMGROUP T-Force Dark Za 32 GB,,"44,000","2,16",Black,9,18
TEAMGROUP Elite 16 GB,,"43,200","2,8",Black,13.75,22
TEAMGROUP T-Create Expert 16 GB,178.18,"43,600","2,8",Gray,7.778,14
TEAMGROUP T-Force Xtreem 16 GB,,"44,800","2,8",Black / White,8.333,20
TEAMGROUP T-Force Delta TUF Gaming Alliance RGB 64 GB,,"43,200","2,32",Black / Gold,10,16
ADATA XPG GAMMIX D45 32 GB,,"43,200","2,16",White,10,16
ADATA XPG GAMMIX D45 32 GB,,"43,600","2,16",Black,10,18
ADATA XPG SPECTRIX D50 8 GB,,"43,000","1,8",Black,10.667,16
ADATA XPG SPECTRIX D50 8 GB,,"43,600","1,8",Black,10,18
ADATA XPG SPECTRIX D50 32 GB,,"44,133","2,16",Black,9.194,19
PNY XLR8 Gaming EPIC-X RGB 16 GB,,"44,600","2,8",Black,8.261,19
V-Color XSky RGB 32 GB,,"56,200","2,16",Gold,11.613,36
Mushkin Redline Lumina 32 GB,,"44,000","2,16",White,9,18
Mushkin Redline Lumina 16 GB,,"44,000","2,8",White,9,18
Mushkin Redline Lumina 64 GB,261.99,"43,200","2,32",Black,8.75,14
Mushkin Redline 32 GB,152.18,"43,200","2,16",Black,10,16
Mushkin Redline 16 GB,,"42,666","2,8",Black,12.003,16
Mushkin Redline 64 GB,,"43,600","2,32",Black,8.889,16
Mushkin Redline 16 GB,,"43,000","2,8",Red,12,18
Mushkin Redline 16 GB,69.3,"42,666","2,8",Red,12.003,16
Mushkin Redline 16 GB,,"43,200","2,8",White,8.75,14
Mushkin Silverline 4 GB,32.46,"42,133","1,4",Silver,14.065,15
G.Skill Trident Z Royal 32 GB,,"44,600","2,16",Gold,8.261,19
G.Skill Trident Z Royal 64 GB,,"43,600","8,8",White,7.778,14
G.Skill Trident Z 64 GB,,"55,600","2,32",White / Black,10.714,30
G.Skill Trident Z 32 GB,,"55,600","2,16",White / Black,12.857,36
G.Skill Trident Z 32 GB,,"56,000","2,16",White / Black,13.333,40
G.Skill Sniper X 16 GB,,"42,666","2,8",Black / White,14.254,19
G.Skill F4-3200C16D-16GTZKO 16 GB,,"43,200","2,8",Black / Orange,10,16
G.Skill F4-3600C17Q-64GTZ 64 GB,250.21,"43,600","4,16",Gray / Red,9.444,17
G.Skill F4-3866C19Q2-128GTZSW 128 GB,,"43,866","8,16",Gray / White,9.829,19
G.Skill F4-4200C19Q2-64GTZKK 64 GB,,"44,200","8,8",Black,9.048,19
G.Skill Ripjaws 4 8 GB,,"43,000","1,8",Red,10.667,16
TEAMGROUP Elite Plus 32 GB,,"54,800","2,16",Silver,16.667,40
Acer Predator Vesta RGB 16 GB,,"43,200","2,8",Silver,11.25,18
Patriot Viper Venom RGB 16 GB,,"43,600","1,16",Black,10,18
Patriot Viper Venom RGB 32 GB,,"43,600","2,16",Black,10,18
Silicon Power XPOWER Zenith Gaming 8 GB,,"43,600","1,8",Black,10,18
Silicon Power XPOWER Zenith Gaming 16 GB,,"43,600","1,16",Black,10,18
Silicon Power XPOWER Zenith Gaming 16 GB,,"43,600","2,8",Black,10,18
Silicon Power XPOWER Zenith Gaming 8 GB,,"43,200","1,8",Black,10,16
Silicon Power XPOWER Zenith RGB Gaming 16 GB,,"55,600","2,8",Black,14.286,40
Silicon Power XPOWER Zenith RGB Gaming 32 GB,,"55,600","2,16",White,14.286,40
Silicon Power XPOWER Zenith Gaming 64 GB,,"55,600","2,32",Black,14.286,40
Silicon Power XPOWER Zenith Gaming 64 GB,,"55,600","2,32",White,14.286,40
Silicon Power XPOWER Turbine 16 GB,,"43,200","1,16",Blue / Black,10,16
Silicon Power SP008GBLFU213N22 8 GB,,"42,133","2,4",,14.065,15
Silicon Power SP008GBLFU240B02 8 GB,,"42,400","1,8",,14.167,17
Silicon Power SP008GBLFU320B02 8 GB,,"43,200","1,8",,13.75,22
Silicon Power SP016GBLFU266B22 16 GB,,"42,666","2,8",,14.254,19
Silicon Power SP016GBLFU266X22 16 GB,,"42,666","2,8",,14.254,19
Silicon Power SP032GBLFU320F22 32 GB,,"43,200","2,16",,13.75,22
Silicon Power SP032GBSFU266X02 32 GB,,"42,666","1,32",,14.254,19
Silicon Power SP008GBLVU480G02 8 GB,,"54,800","1,8",,16.667,40
Silicon Power SP064GBLVU480F22 64 GB,,"54,800","2,32",,16.667,40
TEAMGROUP T-Force Vulcan 16 GB,,"55,600","1,16",Black,12.857,36
TEAMGROUP T-Force Vulcan 8 GB,,"55,200","1,8",Red,15.385,40
TEAMGROUP T-Force Vulcan 32 GB,,"55,200","1,32",Red,15.385,40
G.Skill Trident Z5 64 GB,,"56,000","2,32",Black,10.667,32
TEAMGROUP Night Hawk RGB Gen 2 16 GB,,"43,000","2,8",Black,10.667,16
TEAMGROUP Night Hawk RGB Gen 2 32 GB,,"43,600","2,16",White,10,18
ADATA XPG GAMMIX D10 32 GB,,"43,200","2,16",Silver,10,16
Mushkin Redline 32 GB,,"56,000","2,16",Black,12,36
Mushkin Redline 32 GB,,"55,600","2,16",Black,12.857,36
Neo Forza FAYE 32 GB,,"44,000","2,16",Black / Silver,9.5,19
Neo Forza FAYE 32 GB,,"44,600","2,16",Black / Silver,8.261,19
Neo Forza FAYE 16 GB,,"44,600","2,8",Black / Silver,8.261,19
TEAMGROUP T-Force Delta RGB 64 GB,,"55,600","2,32",Black / Silver,14.286,40
Neo Forza MARS 32 GB,,"44,000","2,16",Gray / Black,9.5,19
TEAMGROUP Elite Plus 16 GB,,"55,200","1,16",Black,16.154,42
TEAMGROUP Elite Plus 8 GB,,"55,200","1,8",Silver,16.154,42
TEAMGROUP Elite Plus 64 GB,,"55,200","2,32",Silver,16.154,42
OLOy Blade RGB 32 GB,,"55,600","2,16",Black,12.857,36
TEAMGROUP T-Create Classic 32 GB,,"43,200","1,32",Silver / Black,13.75,22
TEAMGROUP T-Force Zeus 64 GB,,"43,200","2,32",Red / Black,10,16
TEAMGROUP T-Force Zeus 32 GB,,"43,200","1,32",Red / Black,10,16
PROXMEM SPEAR 32 GB,,"56,800","2,16",Black / Silver,11.176,38
PROXMEM KERBEROS 16 GB,,"43,600","2,8",Black / Silver,10,18
Timetec PINNACLE Konduit 64 GB,,"43,200","2,32",White,10,16
Timetec PINNACLE Konduit 64 GB,,"43,200","2,32",Black,10,16
Timetec PINNACLE Konduit RGB 16 GB,,"43,200","2,8",Black,10,16
Timetec PINNACLE Konduit RGB 8 GB,,"43,200","1,8",Black,10,16
Timetec PINNACLE Konduit 32 GB,,"43,600","2,16",Black,10,18
Timetec PINNACLE Konduit RGB 8 GB,,"43,600","1,8",Black,10,18
PROXMEM KERBEROS TUF 32 GB,,"56,400","2,16",Black / Silver,10,32
ADATA XPG CASTER RGB 32 GB,,"56,400","2,16",Black / Silver,10,32
GeIL Polaris RGB 32 GB,,"56,400","2,16",Black,11.875,38
Crucial CT16G48C40D8U5 16 GB,,"54,800","1,16",Black,16.667,40
TEAMGROUP T-Force Vulcan alpha 16 GB,,"55,600","1,16",Black,14.286,40
Kingston FURY Beast 16 GB,,"55,200","2,8",Black,15.385,40
OLOy Blade RGB 32 GB,,"57,200","2,16",Black,10,36
Mushkin Enhanced Redline Stiletto 16 GB,,"43,600","2,8",Black,8.889,16
Mushkin Enhanced Redline Stiletto 32 GB,,"43,200","2,16",Black,8.75,14
Kingston FURY Beast RGB 32 GB,,"43,600","2,16",Black / Silver,10,18
OLOy WarHawk RGB 16 GB,,"44,000","2,8",White / Silver,9,18
GeIL ORION V RGB 32 GB,,"55,200","2,16",Black,13.077,34
GeIL ORION V RGB 32 GB,,"56,000","2,16",Red,12.667,38
TEAMGROUP Elite Plus 8 GB,,"42,666","1,8",Black / Gold,14.254,19
TEAMGROUP Elite Plus 8 GB,,"43,200","1,8",Black / Gold,13.75,22
TEAMGROUP Elite Plus 16 GB,,"42,666","2,8",Black / Gold,14.254,19
TEAMGROUP Elite Plus 16 GB,,"43,200","2,8",Black / Gold,13.75,22
TEAMGROUP Elite Plus 32 GB,,"42,133","2,16",Red / Black,14.065,15
TEAMGROUP Elite Plus 32 GB,,"43,200","2,16",Red / Black,13.75,22
GeIL EVO V RGB 16 GB,,"54,800","2,8",White,16.667,40
Silicon Power XPOWER Zenith Gaming 32 GB,,"55,600","2,16",White,14.286,40
GOODRAM IRDM PRO 8 GB,,"43,600","1,8",White / Red,10,18
GOODRAM IRDM PRO 16 GB,,"43,600","2,8",Black / Gold,9.444,17
GOODRAM IRP-W4000D4V64L18S/16GDC 16 GB,,"44,000","2,8",White,9,18
Apacer Panther RGB 32 GB,,"55,200","2,16",Silver / Black,14.615,38
ADATA XPG LANCER RGB 16 GB,,"56,800","1,16",Black,10,34
ADATA XPG Lancer Blade RGB 32 GB,,"56,400","1,32",Black,10,32
Netac Shadow II 16 GB,,"42,666","2,8",Black,14.254,19
Netac Shadow II 16 GB,,"42,666","1,16",Black,14.254,19
TEAMGROUP T-Force Vulcan 8 GB,,"55,600","1,8",Black,14.286,40
TEAMGROUP T-Force Vulcan 16 GB,,"56,400","1,16",Red,9.375,30
Lexar LD4AS016G-R2666U 16 GB,,"42,666","1,16",Black,14.254,19
Lexar LD4AS008G-R2666GSST 8 GB,,"42,666","1,8",Black,14.254,19
GeIL EVO X II AMD 8 GB,,"43,000","1,8",Black,12,18
GeIL EVO X II AMD 16 GB,,"42,400","1,16",White,15.833,19
GeIL EVO X II AMD 16 GB,,"43,600","2,8",Black,10,18
ADATA XPG GAMMIX D10 8 GB,,"43,200","1,8",White,10,16
ADATA XPG GAMMIX D10 32 GB,,"43,200","2,16",White,10,16
VisionTek 901351 32 GB,142.41,"43,200","1,32",Black,13.75,22
Kingston KTD-PE426D8/16G 16 GB,64.34,"42,666","1,16",Green,14.254,19
OLOy Blade 16 GB,,"43,600","2,8",Black,7.778,14
G.Skill Value 8 GB,,"31,866","1,8",Black,11.79,11
Silicon Power SP096GBLVU560P22 96 GB,,"55,600","2,48",Black,16.429,46
Silicon Power XPOWER Zenith Gaming 16 GB,,"56,000","1,16",White,10,30
Silicon Power XPOWER Zenith Gaming 32 GB,,"56,800","2,16",White,11.765,40
Mushkin Redline Lumina White 32 GB,,"56,800","2,16",White,9.412,32
Mushkin Redline Lumina 32 GB,,"56,800","2,16",Black,9.412,32
Mushkin Redline Pro 64 GB,,"54,800","2,32",Black / White,16.667,40
Mushkin Redline Pro 64 GB,,"55,600","2,32",Black / White,16.429,46
Mushkin Redline Pro 32 GB,,"55,600","2,16",Black / White,16.429,46
Mushkin Redline 64 GB,,"54,800","2,32",Black,16.667,40
Acer Predator Pallas II 32 GB,,"56,400","2,16",Silver,10,32
Acer Predator Pallas II 32 GB,,"57,200","2,16",Black,9.444,34
Acer Predator Vesta II RGB 64 GB,,"56,000","2,32",Black,10.667,32
Acer Predator Hermes RGB 32 GB,,"56,400","2,16",White,10,32
Acer Predator Hermes RGB 32 GB,,"57,200","2,16",White,9.444,34
Acer Predator Hermes RGB 32 GB,,"57,200","2,16",Black,9.444,34
Acer Predator Hermes RGB 32 GB,,"58,000","2,16",Silver,9,36
Kingston FURY Renegade Pro 16 GB,105.99,"56,400","1,16",Black,10,32
Kingston FURY Renegade Pro 256 GB,1378.07,"55,600","8,32",Black,10,28
V-Color TRA516G56S836O 128 GB,805.99,"55,600","8,16",Black,12.857,36
V-Color TRA524G60S832O 192 GB,1519.99,"56,000","8,24",Black,10.667,32
Mushkin Redline 32 GB,85.99,"43,200","2,16",,13.75,22
Kingston KVR16R11D4/16HA 16 GB,39.92,"31,600","1,16",Green,13.75,11
Crucial CT2K102464BF186D 16 GB,39,"31,866","2,8",Black / Green,13.934,13
Kingston KVR1333D3E9SK2/8G 8 GB,28.8,"31,333","2,4",Green,13.503,9
Corsair ValueSelect 16 GB,39.99,"42,133","1,16",Black,14.065,15
Kingston FURY Beast 64 GB,168.28,"42,666","4,16",Black,12.003,16
G.Skill Trident X 16 GB,,"32,666","2,8",Black / Red,8.252,11
Kingston KVR16LS11/8 8 GB,26.99,"31,600","1,8",Green,13.75,11
Corsair Mac Memory 8 GB,43.88,"31,066","2,4",Black / Green,13.133,7
Kingston KVR21R15S4/8 8 GB,31.19,"42,133","1,8",Black / Green,14.065,15
G.Skill Ripjaws 4 GB,15.77,"42,400","1,4",Black,13.333,16
G.Skill Ripjaws 16 GB,72.02,"42,666","1,16",Black,13.503,18
Corsair Vengeance Performance 8 GB,29.99,"42,400","2,4",Black,13.333,16
Kingston KCP316NS8/4 4 GB,20.3,"31,600","1,4",Black / Green,13.75,11
G.Skill Trident Z 32 GB,,"43,200","2,16",Silver / White,9.375,15
G.Skill Trident Z Royal 16 GB,161.72,"43,600","2,8",Silver,7.778,14
G.Skill Trident Z Royal 32 GB,,"43,600","4,8",Gold,7.778,14
G.Skill Trident Z Royal 128 GB,,"43,200","4,32",Silver,8.75,14
Kingston Server Premier 32 GB,111.08,"43,200","1,32",,13.75,22
Kingston ValueRAM 8 GB,25.68,"43,200","1,8",,13.75,22
Mushkin Redline Lumina 32 GB,134.88,"43,600","2,16",White,10,18
G.Skill Zeta R5 Neo 64 GB,529.99,"56,400","4,16",Black,10,32
G.Skill F3-12800CL9S-4GBSQ 4 GB,12.83,"31,600","1,4",Green,11.25,9
Mushkin Essentials 16 GB,36.99,"31,066","2,8",Green,13.133,7
Corsair XMS 8 GB,,"31,600","1,8",Black / White,13.75,11
Kingston ValueRAM 48 GB,78.98,"31,600","3,16",Black / Green,13.75,11
G.Skill Ripjaws 4 GB,14.59,"42,133","1,4",Black / Blue,14.065,15
Corsair Vengeance 8 GB,34.43,"42,666","2,4",Black / Yellow,13.503,18
Patriot Signature Line 8 GB,17.98,"42,400","1,8",Green / Black,14.167,17
G.Skill Trident Z Royal Elite 16 GB,,"43,600","2,8",Silver,7.778,14
Corsair Dominator Platinum RGB 32 GB,159.99,"43,200","4,8",Black,10,16
Kingston Server Premier 8 GB,29.9,"42,933","1,8",,14.32,21
Kingston ValueRAM 4 GB,20.37,"43,200","1,4",,13.75,22
Mushkin Redline 64 GB,,"42,666","2,32",,12.003,16
Mushkin Redline 32 GB,230.71,"43,200","2,16",Red,10,16
Silicon Power SP016GBSFU320X22 16 GB,,"43,200","2,8",,13.75,22
TEAMGROUP T-Force Zeus 16 GB,34.99,"43,200","2,8",Red / Black,13.75,22
TEAMGROUP T-Force Zeus 8 GB,,"43,200","1,8",Red / Black,13.75,22
Kingston FURY Impact 16 GB,45.58,"42,666","1,16",Black,12.003,16
Mushkin Redline 32 GB,97.99,"55,600","2,16",Black,16.429,46
Kingston FURY Impact 32 GB,107.99,"54,800","1,32",Black,15.833,38
G.Skill Ripjaws 16 GB,179.95,"31,600","4,4",Black / Red,11.25,9
G.Skill F3-8500CL7D-8GBSQ 8 GB,177,"31,066","2,4",Green,13.133,7
Mushkin 991643 2 GB,,"31,066","1,2",Green,13.133,7
Mushkin Essentials 4 GB,23.99,"31,333","2,2",Green,13.503,9
G.Skill F3-12800CL9D-8GBSQ 8 GB,21.66,"31,600","2,4",Green,11.25,9
Mushkin Essentials 8 GB,21.99,"31,066","1,8",Green,13.133,7
Mushkin Essentials 8 GB,15.72,"31,600","1,8",Green,13.75,11
G.Skill Sniper Gaming 16 GB,,"31,600","2,8",Black / Red,11.25,9
G.Skill F3-1600C11D-16GSL 16 GB,33.75,"31,600","2,8",Green,13.75,11
Corsair CMSO16GX3M2C1600C11 16 GB,74.98,"31,600","2,8",Green,11.25,9
G.Skill Aegis 16 GB,79,"31,333","2,8",,13.503,9
G.Skill Ares 32 GB,110.36,"32,133","4,8",Black / Red,10.314,11
Samsung M393B1G73DB0-YK0 8 GB,26,"31,600","1,8",Black / Green,13.75,11
Kingston KTD-PE421/8G 8 GB,23.98,"42,133","1,8",Green,14.065,15
Kingston KVR13E9/8I 8 GB,42.99,"31,333","1,8",Green,13.503,9
Kingston KVR13LR9D4/16I 16 GB,38.99,"31,333","1,16",Green,13.503,9
Samsung M471B5273DH0-CH9 4 GB,13.5,"31,333","1,4",Black / Green,13.503,9
G.Skill Ripjaws 32 GB,66.98,"42,666","2,16",Black,13.503,18
G.Skill Ripjaws V 32 GB,762.24,"43,200","4,8",Black,9.375,15
Kingston ValueRAM 16 GB,74.98,"42,133","1,16",Green,14.065,15
Crucial CT8G4WFD8213 8 GB,,"42,133","1,8",Black / Green,14.065,15
Crucial CT16G4SFD8266 16 GB,41,"42,666","1,16",Green / Black,14.254,19
Kingston HyperX Impact 16 GB,49.77,"42,666","1,16",Black,11.253,15
Kingston HyperX Impact 32 GB,,"42,666","2,16",Black,11.253,15
G.Skill Sniper X 64 GB,163.51,"43,600","4,16",Silver / Camo,10.556,19
Mushkin Essentials 16 GB,36.84,"42,133","2,8",Green / Black,14.065,15
G.Skill Trident Z 32 GB,,"43,200","2,16",Black / White,9.375,15
G.Skill Trident Z 32 GB,,"43,200","2,16",Silver / Black,9.375,15
Crucial Ballistix Sport LT 8 GB,,"43,200","1,8",Silver / Black,10,16
G.Skill Trident Z Royal 64 GB,587.92,"43,200","8,8",Silver,8.75,14
G.Skill Trident Z Royal 32 GB,,"43,600","4,8",Gold,7.778,14
Silicon Power SP016GBSFU266F02 16 GB,,"42,666","1,16",Black,14.254,19
GeIL Orion AMD Edition 16 GB,54.5,"43,600","2,8",Red,10,18
Kingston Server Premier 32 GB,102.46,"42,666","1,32",,14.254,19
Kingston Server Premier 8 GB,29.99,"42,666","1,8",,14.254,19
Kingston ValueRAM 16 GB,42.99,"43,200","1,16",,13.75,22
TEAMGROUP Elite 32 GB,,"42,666","1,32",Black,14.254,19
Mushkin Redline 16 GB,43.23,"42,933","2,8",,11.592,17
Mushkin Silverline 16 GB,62.86,"42,400","1,16",Silver,14.167,17
Mushkin Proline 16 GB,58.98,"42,666","1,16",,14.254,19
G.Skill F4-3600C17D-32GTZ 32 GB,118.92,"43,600","2,16",Gray / Red,9.444,17
Patriot Viper Venom RGB 16 GB,,"43,600","2,8",Black,10,18
Silicon Power XPOWER Zenith Gaming 32 GB,,"55,600","2,16",Black,14.286,40
Silicon Power SP016GBLFU266B02 16 GB,74.92,"42,666","1,16",,14.254,19
TEAMGROUP T-Create Classic 64 GB,,"43,200","2,32",Silver / Black,13.75,22
Patriot Signature Line 16 GB,44.99,"54,800","1,16",Black,19.167,46
TEAMGROUP Elite 16 GB,,"56,400","1,16",Black,16.25,52
ADATA XPG LANCER RGB 32 GB,,"56,800","2,16",White,10,34
VisionTek 901345 32 GB,146.96,"42,933","1,32",Black,14.32,21
VisionTek 901350 16 GB,113.83,"43,200","1,16",Black,13.75,22
V-Color TRA524G72S834R3Q 96 GB,999.99,"57,200","4,24",White,9.444,34
Kingston FURY Renegade Pro 32 GB,189.99,"56,400","1,32",Black,10,32
Corsair Dominator 4 GB,,"31,600","2,2",Black / Blue,10,8
Corsair Dominator 12 GB,,"31,600","6,2",Black / Blue,10,8
Corsair Dominator 8 GB,,"31,333","4,2",Black / Green,10.503,7
Corsair Dominator 6 GB,,"31,600","3,2",Black / Blue,8.75,7
Corsair XMS2 2 GB,,"2,800","2,1",Black / White,10,4
Corsair VS1GB667D2 1 GB,,"2,667","1,1",Green,14.993,5
Corsair VS2GB800D2 2 GB,,"2,800","1,2",Green,12.5,5
Crucial Ballistix 1 GB,,"2,800","1,1",Yellow,10,4
Crucial Ballistix 2 GB,,"2,800","1,2",Yellow,10,4
Crucial CT2CP25672AA667 4 GB,,"2,667","2,2",Green,14.993,5
Crucial CT2KIT25664BA1067 4 GB,,"31,066","2,2",Green,13.133,7
Crucial CT3KIT25664BA1067 6 GB,,"31,066","3,2",Green,13.133,7
Crucial Ballistix Tracer 4 GB,,"2,800","2,2",Black,10,4
Kingston ValueRAM 4 GB,,"2,667","2,2",Green,14.993,5
OCZ Titanium XTC 4 GB,,"2,800","2,2",Black / Silver,10,4
Kingston HyperX 4 GB,,"31,600","2,2",Blue / White,10,8
Corsair XMS3 8 GB,,"32,000","2,4",Black / Blue,9,9
Corsair XMS3 8 GB,,"31,600","2,4",Black / Silver,11.25,9
Corsair Dominator GT 12 GB,,"31,866","6,2",Black / Red,9.646,9
Corsair Vengeance 8 GB,,"31,600","2,4",Black / Silver,11.25,9
G.Skill PI 8 GB,,"31,600","4,2",Black / Blue,7.5,6
G.Skill Trident+ Turbulence II 16 GB,,"31,600","4,4",Black / Red,8.75,7
G.Skill ECO 4 GB,,"31,600","2,2",Black / Silver,10,8
Kingston HyperX 2 GB,,"31,600","2,1",Blue / Silver,11.25,9
Kingston HyperX 8 GB,,"31,600","4,2",Blue / Silver,11.25,9
Kingston HyperX 12 GB,,"31,600","6,2",Blue / Silver,11.25,9
Patriot Gamer 12 GB,195,"31,600","3,4",Black / Green,11.25,9
Patriot Gamer 24 GB,,"31,600","6,4",Black / Green,11.25,9
OCZ Gold 6 GB,,"31,600","3,2",Black / Gold,10,8
OCZ Reaper HPC 4 GB,,"31,600","2,2",Black / Silver,10,8
Patriot PSD34G16002H 4 GB,,"31,600","1,4",Black / Silver,11.25,9
Mushkin Ridgeback 6 GB,,"31,600","3,2",Black,10,8
ADATA Premier 4 GB,,"31,333","2,2",Green,13.503,9
Corsair XMS3 12 GB,,"31,333","3,4",Black / White,13.503,9
Corsair XMS3 4 GB,42.49,"31,333","1,4",Black / White,13.503,9
Crucial Ballistix Tracer 2 GB,,"31,333","1,2",Black / Silver,10.503,7
Kingston Blu 2 GB,,"31,333","2,1",Blue / Silver,13.503,9
Kingston Blu 4 GB,,"31,333","2,2",Blue / Silver,13.503,9
Kingston HyperX T1 6 GB,,"32,000","3,2",Blue,9,9
G.Skill ECO 4 GB,,"31,333","2,2",White,13.503,9
G.Skill Ripjaws 16 GB,,"31,333","4,4",Black / Red,13.503,9
G.Skill F3-10666CL9T-6GBNQ 6 GB,,"31,333","3,2",Red / Silver,13.503,9
G.Skill F3-10666CL9T2-12GBNQ 12 GB,,"31,333","6,2",Red / Silver,13.503,9
G.Skill NS 2 GB,,"31,333","1,2",Green,13.503,9
G.Skill Value 4 GB,,"31,333","1,4",Black,13.503,9
G.Skill PI + Turbulence II 4 GB,,"32,400","2,2",Black / Blue,6.667,8
OCZ Reaper HPC 16 GB,,"31,333","4,4",Black / Silver,13.503,9
Patriot Gamer 2 8 GB,,"31,333","2,4",Black / Blue,13.503,9
OCZ Gold 4 GB,,"31,333","1,4",Black / Gold,13.503,9
OCZ Gold 4 GB,,"32,000","2,2",Black / Gold,10,10
Mushkin Silverline 12 GB,,"31,333","3,4",Black / Gray,13.503,9
Patriot G Series Sector 5 Edition 8 GB,,"31,333","2,4",Black / Red,13.503,9
Patriot Viper II Sector 5 Edition 4 GB,,"32,500","2,2",Black / Red,7.2,9
GeIL Ultra PLUS 4 GB,,"31,333","2,2",Black / Silver,9.002,6
Kingston HyperX 6 GB,,"32,250","3,2",Blue,8,9
Kingston KVR1333D3K3/6GR 6 GB,,"31,333","3,2",Green,13.503,9
Kingston KVR1066D3K2/4GR 4 GB,,"31,066","2,2",Green,13.133,7
Mushkin Essentials 4 GB,23.99,"31,333","2,2",Green,13.503,9
Kingston HyperX 24 GB,,"31,600","6,4",Blue / Silver,11.25,9
G.Skill Ripjaws X 4 GB,,"32,133","2,2",Black / Red,8.439,9
Patriot Signature 8 GB,,"31,600","2,4",Green,13.75,11
Mushkin Blackline 4 GB,,"31,600","2,2",Black / Silver,7.5,6
Corsair Dominator 24 GB,,"31,600","6,4",Black / Blue,11.25,9
G.Skill ECO 8 GB,,"31,600","4,2",Silver,11.25,9
Corsair XMS3 4 GB,,"31,600","2,2",Black / Blue,11.25,9
OCZ Gold 12 GB,,"31,600","6,2",Black / Gold,10,8
Corsair XMS 8 GB,,"31,600","2,4",Black / Blue,10,8
Kingston HyperX T1 Black 24 GB,,"31,600","6,4",Black,11.25,9
Crucial Ballistix Sport 2 GB,,"2,800","1,2",Black / Silver,12.5,5
Corsair Vengeance 4 GB,,"32,000","2,2",Black / Silver,9,9
G.Skill Sniper Low Voltage 8 GB,,"31,600","2,4",Black / Red,11.25,9
Crucial CT2KIT25664AC800 4 GB,28.99,"2,800","2,2",Green,15,6
Crucial CT2KIT6464AC667 1 GB,,"2,667","2,512",Green,14.993,5
G.Skill F2-6400CL5S-2GBSK 2 GB,,"2,800","1,2",Black / Silver,12.5,5
G.Skill F3-10600CL9D-8GBSQ 8 GB,99,"31,333","2,4",Green,13.503,9
G.Skill F2-6400CL6D-8GBSQ 8 GB,,"2,800","2,4",Green,15,6
G.Skill F2-6400CL5S-2GBSQ 2 GB,24.49,"2,800","1,2",Green,12.5,5
Kingston KVR1066D3S7/4G 4 GB,,"31,066","1,4",Green,13.133,7
Kingston KHX1600C9S3K2/8GX 8 GB,,"31,600","2,4",Blue / Silver,11.25,9
PNY Optima 4 GB,,"31,066","1,4",Green,13.133,7
G.Skill Ripjaws 24 GB,,"31,600","6,4",Black / Blue,8.75,7
Transcend aXeRAM 8 GB,,"32,000","2,4",Black / White,9,9
Samsung MV-2V1G4D/US 2 GB,,"2,800","2,1",Black,15,6
Samsung MV-2V2G4D/US 4 GB,,"2,800","2,2",Black,15,6
Corsair XMS3 12 GB,,"31,600","3,4",Black / Silver,11.25,9
Corsair Vengeance 4 GB,,"31,600","2,2",Black / Yellow,11.25,9
Corsair Vengeance 8 GB,,"31,600","2,4",Black / Blue,11.25,9
Mushkin Redline 8 GB,,"31,866","2,4",Red,9.646,9
Patriot Gamer 2 8 GB,,"31,333","2,4",Green,10.503,7
Patriot Gamer 2 8 GB,,"31,600","2,4",Green,11.25,9
Kingston KHX1600C9D3X1K2/8GX 8 GB,,"31,600","2,4",Black / Silver,11.25,9
Mushkin Blackline 6 GB,,"31,600","3,2",Black / Silver,8.75,7
Corsair XMS3 8 GB,,"31,600","2,4",Black / White,11.25,9
Wintec Value 4 GB,,"31,333","1,4",Green,13.503,9
Samsung MV-3V4G3/US 4 GB,,"31,600","1,4",Black,13.75,11
Kingston Blu 4 GB,,"31,600","1,4",Blue / Silver,11.25,9
Wintec One 4 GB,,"31,600","2,2",Black / Silver,11.25,9
G.Skill Ripjaws X 8 GB,69,"31,600","2,4",Black / Blue,11.25,9
Patriot Gamer 2 8 GB,,"31,333","1,8",Black / Blue,13.503,9
Patriot Gamer 2 16 GB,,"31,333","2,8",Black / Blue,13.503,9
Crucial CT2KIT51264BD1339 8 GB,,"31,333","2,4",Green,13.503,9
Mushkin Essentials 8 GB,28.99,"31,333","2,4",Green,13.503,9
GeIL EVO CORSA 16 GB,,"31,866","4,4",Black / Yellow,9.646,9
Wintec Value 2 GB,,"2,800","2,1",Green,15,6
Kingston KVR1333D3N9/4GKC 4 GB,,"31,333","1,4",Green,13.503,9
Wintec Value 8 GB,,"31,333","1,8",Green,13.503,9
Kingston KVR1333D3S8S9/2GKC 2 GB,,"31,333","1,2",Green,13.503,9
Corsair Vengeance LP 16 GB,,"31,600","4,4",Black / Yellow,11.25,9
G.Skill Ripjaws Z 16 GB,,"32,133","4,4",Black / Blue,8.439,9
GeIL EVO CORSA 32 GB,,"31,333","4,8",Black / Yellow,13.503,9
Corsair Vengeance 8 GB,,"31,600","2,4",Black / Gold,11.25,9
Patriot G2 8 GB,,"31,600","4,2",Black / Blue,11.25,9
G.Skill Ripjaws X 8 GB,,"31,600","4,2",Black / Red,11.25,9
Pareema MD313C80809L2 4 GB,,"31,333","2,2",Blue,13.503,9
Pareema MD313D81609L1 8 GB,,"31,333","1,8",Green,13.503,9
Crucial Ballistix 2 GB,,"31,600","1,2",Black / Yellow,10,8
Mushkin Silverline 16 GB,,"31,333","4,4",Gray / Silver,13.503,9
Mushkin Essentials 8 GB,15.45,"31,333","1,8",Green,13.503,9
Kingston KHX1600C9D3K8/32GX 32 GB,,"31,600","8,4",Blue / Silver,11.25,9
G.Skill Ripjaws Z 64 GB,,"31,333","8,8",Black / Red,13.503,9
Kingston KHX1866C9D3K2/8GX 8 GB,,"31,866","2,4",Blue / Silver,9.646,9
Mushkin Essentials 24 GB,,"31,333","3,8",Green,13.503,9
Mushkin Silverline 24 GB,,"31,333","3,8",Gray / Silver,13.503,9
Corsair Dominator GT 8 GB,,"32,133","2,4",Black / Red,8.439,9
AMD Entertainment Edition 2 GB,,"31,600","1,2",Blue,11.25,9
AMD Performance Edition 4 GB,,"31,600","2,2",Black / Red,10,8
G.Skill Ripjaws 4 GB,,"32,000","2,2",,9,9
Corsair Vengeance 16 GB,,"32,133","4,4",Black / Red,8.439,9
Crucial Ballistix 6 GB,,"31,333","3,2",,10.503,7
Crucial Ballistix 8 GB,,"31,866","2,4",Orange / White,9.646,9
GeIL Black Dragon 32 GB,,"31,333","4,8",Black / Gold,13.503,9
Patriot G2 Series Division 4 16 GB,,"31,333","4,4",Black / Blue,13.503,9
Patriot Viper Xtreme Division 4 16 GB,,"31,600","4,4",Black / Silver,10,8
Kingston KHX2133C11D3K4/16GX 16 GB,,"32,133","4,4",Blue / Silver,10.314,11
Crucial Ballistix 4 GB,,"2,800","2,2",Black / Silver,12.5,5
Crucial Ballistix 2 GB,,"2,800","1,2",Orange / White,12.5,5
G.Skill Ripjaws Z 16 GB,,"31,866","4,4",Black / Blue,8.574,8
Kingston KHX1866C9D3K2/8G 8 GB,,"31,866","2,4",Blue / Silver,9.646,9
GeIL EVO CORSA 64 GB,,"31,333","8,8",Black / Yellow,13.503,9
G.Skill Ripjaws Z 16 GB,,"31,600","4,4",Black / Blue,10,8
G.Skill Ares 16 GB,,"31,600","4,4",Black / Blue,11.25,9
G.Skill Ares 32 GB,,"31,333","4,8",Black / Orange,13.503,9
G.Skill Ares 8 GB,43.85,"32,133","2,4",Black / Blue,8.439,9
G.Skill Ares 16 GB,86.28,"32,133","4,4",Black / Blue,8.439,9
"Patriot Gamer 2 Series, Division 4 Editi 16 GB",,"31,866","4,4",Black / Blue,9.646,9
Crucial Ballistix 16 GB,,"31,600","2,8",Black / Yellow,10,8
G.Skill F3-1333C9S-8GSA 8 GB,72,"31,333","1,8",Green,13.503,9
G.Skill Ares 32 GB,,"31,866","4,8",Black / Blue,10.718,10
Kingston HyperX 8 GB,,"31,866","4,2",Blue / Silver,9.646,9
Crucial Ballistix Elite 16 GB,,"31,866","2,8",Black / Silver,9.646,9
G.Skill Ripjaws Z 32 GB,,"32,400","4,8",Black / Blue,8.333,10
PNY MD16384K4D3-1866-X9 16 GB,,"31,866","4,4",Black / Silver,9.646,9
PNY MD8192KD3-2133-X10 8 GB,,"32,133","2,4",Black / Silver,9.376,10
G.Skill Ripjaws Z 64 GB,,"32,133","8,8",Black / Red,10.314,11
Mushkin Redline 16 GB,,"31,866","4,4",,9.646,9
G.Skill F2-8500CL5D-4GBPI 4 GB,,"21,066","2,2",,9.381,5
Crucial Ballistix 8 GB,,"31,600","1,8",Black / Orange,10,8
G.Skill Trident X 8 GB,,"32,600","2,4",Black / Red,7.692,10
G.Skill Ripjaws Z 8 GB,,"32,400","2,4",Black / Blue,8.333,10
G.Skill Trident X 16 GB,,"32,600","4,4",Black / Red,7.692,10
Crucial Ballistix 8 GB,,"31,600","4,2",,11.25,9
Corsair XMS 16 GB,,"31,333","2,8",Black / Silver,13.503,9
Corsair Vengeance 16 GB,,"32,133","4,4",Black / Red,8.439,9
Corsair Vengeance 16 GB,,"32,133","4,4",Black / Blue,8.439,9
Corsair XMS 32 GB,,"31,333","4,8",Black / Blue,13.503,9
Corsair Vengeance 32 GB,,"31,600","4,8",Black / Silver,11.25,9
Kingston KHX24C11T1K2/8X 8 GB,,"32,400","2,4",Blue,9.167,11
Kingston KHX21C11T1BK2/16X 16 GB,,"32,133","2,8",,10.314,11
G.Skill Trident X 32 GB,,"32,600","4,8",,8.462,11
Corsair Dominator Platinum 8 GB,,"32,133","2,4",,8.439,9
Corsair Vengeance LP 8 GB,,"32,133","2,4",Black / Blue,8.439,9
Corsair Vengeance LP 16 GB,,"31,866","4,4",Black / Yellow,9.646,9
Patriot Viper 3 32 GB,,"32,133","4,8",Black / Silver,10.314,11
Corsair Dominator Platinum 16 GB,,"32,400","4,4",Black / Silver,7.5,9
Patriot Viper 3 32 GB,,"31,600","4,8",Black / Silver,11.25,9
Patriot Viper 3 16 GB,,"32,133","4,4",Black / Silver,10.314,11
"Patriot Intel Extreme Master, Limited Ed 16 GB",,"31,600","4,4",Black / Blue,11.25,9
G.Skill Trident X 32 GB,,"32,133","4,8",Black / Red,8.439,9
"Patriot Intel Extreme Master, Limited Ed 16 GB",,"32,133","4,4",Black / Blue,10.314,11
Corsair XMS3 8 GB,,"31,600","2,4",Black / White,11.25,9
GeIL EVO VELOCE 32 GB,,"31,600","4,8",Red / Silver,12.5,10
Kingston XMP Blu Red 8 GB,74.98,"31,600","2,4",Red / Silver,11.25,9
Corsair Dominator Platinum 32 GB,,"31,866","4,8",Black / Silver,9.646,9
Corsair Vengeance 16 GB,,"32,400","4,4",Black / Red,7.5,9
Corsair Dominator Platinum 32 GB,,"31,600","4,8",Black / Silver,11.25,9
Mushkin Essentials 16 GB,,"31,333","2,8",Green,13.503,9
Mushkin Silverline 8 GB,29.88,"31,600","1,8",Gray / Silver,13.75,11
Mushkin Silverline 32 GB,,"31,600","4,8",Gray / Silver,13.75,11
AMD Entertainment Edition 16 GB,,"31,600","2,8",Black / Red,13.75,11
Patriot Viper 3 8 GB,85,"31,866","2,4",,9.646,9
Kingston KVR16N11H/2 2 GB,,"31,600","1,2",Green,13.75,11
Corsair Vengeance LP 32 GB,,"31,600","4,8",Black / Blue,11.25,9
Corsair Dominator 16 GB,,"31,866","2,8",Black / Blue,9.646,9
Corsair Vengeance 16 GB,,"31,600","2,8",,11.25,9
Kingston Predator 32 GB,,"31,600","4,8",Black / Blue,11.25,9
G.Skill Ripjaws Z 16 GB,,"31,866","2,8",Black / Blue,9.646,9
G.Skill Trident X 32 GB,,"31,600","4,8",Black / Red,8.75,7
Kingston Predator 8 GB,,"31,600","2,4",Black / Blue,11.25,9
G.Skill Trident X 8 GB,,"32,666","2,4",,7.502,10
Mushkin Blackline 16 GB,,"32,400","4,4",Black,9.167,11
Kingston KVR16N11H/4 4 GB,21.99,"31,600","1,4",Green,13.75,11
Corsair Dominator Platinum 16 GB,,"32,800","4,4",,7.857,11
Kingston Black 16 GB,,"31,600","2,8",Black / Silver,12.5,10
Kingston HyperX Beast 16 GB,,"31,600","2,8",Black,11.25,9
Kingston HyperX Beast 32 GB,,"32,400","4,8",Black,9.167,11
Kingston HyperX Beast 16 GB,,"32,400","4,4",Black,9.167,11
Crucial Ballistix Sport 32 GB,,"31,600","4,8",Black / Silver,11.25,9
Kingston HyperX Beast 8 GB,,"31,600","2,4",Black,11.25,9
Kingston HyperX Beast 16 GB,,"31,600","4,4",Black,11.25,9
Kingston XMP 10th Anniversary 16 GB,,"31,600","2,8",Gray / Silver,11.25,9
GeIL EVO VELOCE 16 GB,,"31,866","2,8",Red / Silver,10.718,10
G.Skill Trident X 16 GB,,"31,866","2,8",Black / Red,8.574,8
G.Skill Ares 8 GB,,"32,133","2,4",,9.376,10
G.Skill Ares 16 GB,,"32,400","4,4",Black / Blue,9.167,11
Kingston HyperX Predator 16 GB,,"31,866","2,8",Black,10.718,10
Mushkin Stealth 16 GB,,"31,600","4,4",Black / Gold,10,8
Mushkin Stealth 16 GB,,"31,600","2,8",Black / Gold,11.25,9
Avexir Core 8 GB,,"31,600","2,4",Black / Blue,11.25,9
Corsair Vengeance Pro 16 GB,,"32,133","2,8",Black / Red,10.314,11
Corsair Vengeance Pro 16 GB,,"32,400","2,8",Black / Red,8.333,10
Corsair Vengeance Pro 32 GB,,"31,866","4,8",Black / Silver,9.646,9
Corsair Vengeance Pro 8 GB,,"31,600","2,4",Black / Red,11.25,9
Corsair Vengeance Pro 8 GB,,"31,866","2,4",Black / Silver,9.646,9
Corsair Vengeance Pro 8 GB,,"31,866","2,4",Black / Blue,9.646,9
Mushkin Redline 32 GB,,"32,133","4,8",,8.439,9
G.Skill Trident X 8 GB,,"32,800","2,4",,8.571,12
Crucial Ballistix Sport XT 8 GB,,"31,600","2,4",,11.25,9
Crucial Ballistix Sport XT 16 GB,,"31,866","2,8",,10.718,10
Crucial Ballistix Sport XT 4 GB,,"31,600","1,4",Black / Silver,11.25,9
Mushkin Blackline 16 GB,,"32,133","2,8",Black,9.376,10
ADATA XPG V2 16 GB,,"32,800","2,8",Black / Yellow,7.857,11
G.Skill Trident X 8 GB,,"32,800","2,4",,8.571,12
G.Skill Trident X 8 GB,,"33,000","2,4",,8,12
Mushkin Stealth 16 GB,,"32,800","4,4",,8.571,12
Mushkin Stealth 8 GB,,"32,800","2,4",,8.571,12
TEAMGROUP Vulcan 8 GB,,"31,600","2,4",Red / Amber,11.25,9
TEAMGROUP Xtreem 16 GB,,"32,666","2,8",,8.252,11
Wintec AMPX 8 GB,,"31,600","2,4",Black / Silver,11.25,9
Patriot Viper 3 16 GB,,"31,866","2,8",Black / Blue,10.718,10
Patriot Viper 3 8 GB,,"31,600","2,4",Black / Blue,11.25,9
VisionTek Black Label 4 GB,,"31,600","1,4",Black,11.25,9
VisionTek 900408 8 GB,,"31,600","2,4",Black,11.25,9
G.Skill Ripjaws 4 GB,,"31,600","1,4",Black / Red,11.25,9
Corsair CMSO8GX3M1C1600C11 8 GB,39.99,"31,600","1,8",Green,11.25,9
Corsair Vengeance 8 GB,,"31,600","2,4",Black / Gold,11.25,9
Patriot Patriot Viper 3 8GB 8 GB,,"31,600","1,8",,12.5,10
Avexir Core Series 8 GB,,"33,000","2,4",Black / Blue,8,12
ADATA XPG V2 8 GB,,"33,100","2,4",,7.742,12
Patriot Viper Xtreme 8 GB,,"31,600","1,8",Black / Silver,13.75,11
ADATA XPG V1.0 8 GB,,"31,866","2,4",Red / Silver,10.718,10
Avexir Core 8 GB,,"32,400","2,4",,8.333,10
G.Skill Ripjaws X 4 GB,,"31,866","1,4",,9.646,9
G.Skill Sniper 8 GB,,"31,600","1,8",Black / Red,11.25,9
G.Skill Ripjaws Z 64 GB,,"32,400","8,8",,9.167,11
G.Skill Ripjaws 8 GB,20.26,"31,866","1,8",,11.79,11
G.Skill Aegis 4 GB,12.99,"31,333","1,4",,13.503,9
Wintec Value 8 GB,,"31,333","2,4",,16.504,11
GeIL EVO POTENZA 8 GB,,"32,133","2,4",Black / Red,9.376,10
Corsair Dominator Platinum 16 GB,,"32,666","2,8",Black / Silver,9.002,12
Corsair Vengeance Pro 32 GB,,"32,666","4,8",Black / Red,9.002,12
Corsair Mac Memory 16 GB,79.99,"31,333","2,8",Black / Green,13.503,9
Crucial CT2G3S1067M 2 GB,19.98,"31,066","1,2",Black / Green,13.133,7
Crucial CT2K2G3S1067M 4 GB,35.99,"31,066","2,2",Black / Green,13.133,7
Crucial CT2KIT25664BA1339A 4 GB,,"31,333","2,2",Black / Green,13.503,9
Crucial CT8G3S1339M 8 GB,21,"31,333","1,8",Black / Green,13.503,9
G.Skill FA-1600C11D-8GSQ 8 GB,,"31,600","2,4",Black / Green,13.75,11
G.Skill FA-1600C11S-8GSQ 8 GB,63.68,"31,600","1,8",Black / Green,13.75,11
G.Skill FA-8500CL7S-4GBSQ 4 GB,39.99,"31,066","1,4",Black / Green,13.133,7
IBM 00D4955 4 GB,132.99,"31,600","1,4",Black / Green,13.75,11
IBM 00D4959 8 GB,,"31,600","1,8",Black / Green,13.75,11
IBM 00D4968 16 GB,31.43,"31,600","1,16",Black / Green,13.75,11
Mushkin 977020A 16 GB,,"31,333","2,8",Black / Green,13.503,9
Corsair Vengeance Pro 16 GB,,"32,800","4,4",Black / Red,8.571,12
GeIL Green 8 GB,77.14,"31,333","2,4",Black / Green,13.503,9
Corsair Dominator Platinum 64 GB,,"32,400","8,8",Black / Silver,8.333,10
Kingston Predator 8 GB,,"32,800","2,4",Black / Blue,8.571,12
Patriot Viper 3 Black 16 GB,,"31,600","2,8",Black / Silver,12.5,10
Patriot Viper 3 Low Profile Red 16 GB,,"31,600","2,8",Black / Red,11.25,9
Patriot Viper 3 Low Profile Black 16 GB,,"32,133","2,8",Black / Silver,10.314,11
Patriot Viper 3 Low Profile Red 32 GB,,"31,600","4,8",Black / Red,12.5,10
Patriot Viper 3 Red 8 GB,,"31,600","2,4",Black / Red,12.5,10
Patriot Viper 3 Low Profile Black 8 GB,29.41,"31,600","2,4",Black / Silver,11.25,9
Patriot Viper 3 Low Profile Blue 8 GB,,"31,866","2,4",Black / Blue,10.718,10
Patriot Viper 3 Low Profile Blue 8 GB,,"31,866","2,4",Black / Blue,9.646,9
ADATA XPG V1.0 8 GB,,"31,600","2,4",Red / Silver,11.25,9
Corsair Dominator Platinum 16 GB,,"31,600","4,4",Black / Silver,11.25,9
Patriot Signature 2 GB,,"2,800","1,2",Blue / Silver,15,6
VisionTek 900471 4 GB,,"2,800","2,2",Black / Green,12.5,5
Corsair Vengeance Pro 8 GB,,"32,133","2,4",Black / Red,7.501,8
Kingston HyperX Fury 8 GB,,"31,333","1,8",Blue / Silver,13.503,9
Kingston HyperX Fury 8 GB,,"31,333","1,8",White / Silver,13.503,9
Kingston HyperX Fury 8 GB,,"31,333","2,4",White / Silver,13.503,9
Kingston HyperX Fury 4 GB,,"31,600","1,4",Black / Silver,12.5,10
Kingston HyperX Fury 8 GB,,"31,866","2,4",White / Silver,10.718,10
G.Skill Ripjaws 16 GB,,"32,133","2,8",Black / Red,10.314,11
G.Skill Ripjaws 8 GB,,"32,133","1,8",Black / Red,10.314,11
Crucial Ballistix Tactical 32 GB,,"31,600","4,8",Black / Yellow,10,8
AMD Radeon R5 Entertainment 16 GB,,"31,600","2,8",Black / Red,13.75,11
AMD Radeon R5 Entertainment 8 GB,,"31,600","2,4",Black / Red,13.75,11
Corsair Dominator Platinum 32 GB,,"32,400","4,8",Black / Silver,9.167,11
Crucial CT25664BA1339A 2 GB,,"31,333","1,2",Black / Green,13.503,9
AMD R5 Entertainment 8 GB,,"31,600","2,4",Black / Red,13.75,11
G.Skill Ripjaws 32 GB,,"32,133","4,8",Black / Red,10.314,11
Kingston KHX18C10K4/16 16 GB,,"31,866","4,4",Blue / Silver,10.718,10
G.Skill Ripjaws 16 GB,,"42,133","4,4",Black / Red,14.065,15
G.Skill Ripjaws 32 GB,,"42,400","4,8",Black / Red,12.5,15
ADATA XPG Z1 32 GB,,"42,133","4,8",Red / Black,12.189,13
Crucial Ballistix Sport 4 GB,,"42,400","1,4",Gray / Silver,13.333,16
Kingston HyperX Savage 16 GB,,"31,600","2,8",Black / Red,11.25,9
Kingston HyperX Savage 4 GB,,"31,866","1,4",Black / Red,9.646,9
Kingston HyperX Savage 32 GB,,"32,400","4,8",Black / Red,9.167,11
Kingston HyperX Savage 8 GB,,"32,133","1,8",Red / Black,10.314,11
Corsair Dominator Platinum 16 GB,,"33,000","4,4",Black / Silver,8,12
Corsair Dominator Platinum 32 GB,,"42,666","4,8",Black / Silver,11.253,15
Crucial CT3K32G3ELSDQ4186D 96 GB,,"31,866","3,32",Blue / Silver,13.934,13
Kingston HyperX Beast 8 GB,,"31,866","2,4",Black / Blue,9.646,9
TEAMGROUP TSD316G1600C11DC-E 16 GB,,"31,600","2,8",Black / Green,13.75,11
TEAMGROUP TSD38192M1333C9-E 8 GB,,"31,333","1,8",Black / Green,13.503,9
Crucial CT4K8G4VFS4213 32 GB,,"42,133","4,8",Black / Green,14.065,15
G.Skill Ripjaws 32 GB,,"31,600","4,8",Black / Red,13.75,11
Mushkin Blackline 16 GB,,"31,600","4,4",Black / White,11.25,9
Mushkin Redline 32 GB,,"31,866","4,8",Red,9.646,9
Mushkin Blackline 8 GB,,"32,133","2,4",Black / White,10.314,11
TEAMGROUP Dark 8 GB,,"31,600","1,8",Black / Blue,11.25,9
ADATA XPG V1.0 16 GB,,"32,133","2,8",Red / White,9.376,10
Kingston HX421C13PBK4/16 16 GB,,"42,133","4,4",Black,12.189,13
Wintec HMT325U7EFR8A-PB 2 GB,,"31,600","1,2",Black / Blue,13.75,11
Wintec HMT42GR7MFR4C-PB 16 GB,,"31,600","1,16",Black / Blue,13.75,11
TEAMGROUP Vulcan Gold 16 GB,,"32,133","2,8",Gold,10.314,11
Apotop U3A8Gx4-16C9AB 32 GB,,"31,600","4,8",Black / Purple,11.25,9
G.Skill Ripjaws 4 16 GB,,"42,133","4,4",Black / Red,14.065,15
G.Skill Ripjaws 4 32 GB,,"42,133","4,8",Black / Red,14.065,15
G.Skill Ripjaws 4 16 GB,,"42,400","4,4",Black / Red,12.5,15
Crucial Ballistix 16 GB,,"31,600","2,8",Black / Yellow,10,8
Crucial Ballistix Tactical 32 GB,,"31,600","4,8",Black / Yellow,10,8
Patriot Extreme Performance 16 GB,,"42,400","2,8",Black / Gold,12.5,15
Wintec 3RSH186613R5H-64GQ 64 GB,,"31,866","4,16",Black / Silver,13.934,13
Crucial Ballistix Sport 4 GB,,"31,333","2,2",Black / Silver,13.503,9
G.Skill Ripjaws 4 16 GB,,"42,666","4,4",Black / Blue,12.003,16
TEAMGROUP Elite 32 GB,,"42,400","4,8",Black / Green,12.5,15
TEAMGROUP Elite Plus 4 GB,,"42,400","1,4",Black / Gold,13.333,16
Corsair Vengeance LPX 16 GB,,"42,666","4,4",Blue,11.253,15
Corsair Vengeance LPX 32 GB,,"42,400","4,8",Red,12.5,15
Corsair Vengeance LPX 64 GB,,"42,133","8,8",Black,14.065,15
TEAMGROUP Elite 16 GB,,"42,133","4,4",Black,14.065,15
G.Skill Ripjaws 4 32 GB,,"42,800","4,8",Black,11.429,16
G.Skill Ripjaws 4 32 GB,,"42,400","8,4",Black / Red,12.5,15
Patriot PX416G266C5QK 16 GB,,"42,666","4,4",Black / Silver,11.253,15
G.Skill Ripjaws 4 32 GB,,"42,666","4,8",Black,11.253,15
G.Skill Ripjaws 4 32 GB,,"42,800","4,8",Blue,10.714,15
Crucial CT4K16G4RFD4213 64 GB,,"42,133","4,16",,14.065,15
Crucial Ballistix Elite 8 GB,,"42,666","2,4",Black,12.003,16
Crucial Ballistix Elite 16 GB,,"42,666","4,4",Black,12.003,16
Mushkin Redline 32 GB,,"42,666","4,8",Red / White,11.253,15
Patriot Viper 4 16 GB,,"42,666","4,4",Black / Red,11.253,15
Patriot Viper 4 32 GB,,"42,400","4,8",Black / Red,12.5,15
Mushkin Blackline 32 GB,,"42,800","4,8",Black / White,11.429,16
Kingston HX321LS11IB2K2/8 8 GB,,"32,133","1,8",Black / Silver,10.314,11
Silicon Power SP016GXLYU24ANDA 16 GB,,"32,400","2,8",Red,9.167,11
ADATA AX4U3300W4G16-QGZ 16 GB,,"43,300","4,4",Gold,9.697,16
Corsair Vengeance Pro 16 GB,,"32,400","2,8",Black / Red,9.167,11
Corsair Vengeance 8 GB,,"31,866","2,4",Black,9.646,9
Kingston KVR21N15/8 8 GB,,"42,133","1,8",Black / Green,14.065,15
Klevv Genuine 8 GB,,"32,800","2,4",Black / Silver,8.571,12
Klevv Urbane 8 GB,,"32,400","2,4",Silver,9.167,11
Klevv Urbane 8 GB,,"32,800","2,4",Silver,8.571,12
Klevv CRAS 16 GB,,"42,133","4,4",Black / Silver,14.065,15
Crucial Ballistix Sport LT 32 GB,,"42,400","4,8",Silver,13.333,16
Corsair Vengeance LPX 16 GB,,"43,200","4,4",Red,9.375,15
Crucial CT25672BD160B 2 GB,,"31,600","1,2",Green,13.75,11
Crucial CT2KIT102472BA160B 16 GB,,"31,600","2,8",Green,13.75,11
Kingston KVR667D2D4F5/8GI 8 GB,,"2,667","1,8",Black / Silver,14.993,5
Kingston KVR16R11D4/8 8 GB,18.97,"31,600","1,8",Green,13.75,11
Kingston KVR16LE11S8/4 4 GB,45.87,"31,600","1,4",Green,13.75,11
Kingston ValueRAM 4 GB,,"31,066","1,4",Green,13.133,7
Kingston KVR1333D3D4R9SK3/24G 24 GB,124.99,"31,333","3,8",Green,13.503,9
Kingston KVR1333D3N9K4/32G 32 GB,,"31,333","4,8",Green,13.503,9
Kingston KVR13R9D4K3/48I 48 GB,98.99,"31,333","3,16",Green,13.503,9
Kingston KVR13R9D8/8 8 GB,59.81,"31,333","1,8",Green,13.503,9
Kingston KVR16E11K4/32I 32 GB,,"31,600","4,8",Green,13.75,11
Mushkin Proline 8 GB,,"31,866","1,8",Green,13.934,13
Avexir Core 16 GB,,"42,666","4,4",Black / Red,11.253,15
Avexir Core 8 GB,,"31,600","1,8",Black / Blue,13.75,11
ADATA Premier 16 GB,,"31,600","2,8",Black / Green,13.75,11
Kingston HX430C15PBK4/32 32 GB,,"43,000","4,8",Black,10,15
TEAMGROUP Dark 8 GB,,"31,600","1,8",Blue,11.25,9
TEAMGROUP Dark 8 GB,,"31,600","1,8",Red,11.25,9
Avexir Blitz1.1 8 GB,,"32,133","2,4",Black / Yellow,8.439,9
Wintec Server 16 GB,,"31,600","2,8",Black / Green,13.75,11
EVGA Superclocked 8 GB,,"31,600","2,4",Black,11.25,9
EVGA SSC 8 GB,,"32,400","2,4",Black,9.167,11
GeIL Super Luce 16 GB,,"43,000","4,4",White / Blue,10.667,16
GeIL Super Luce 16 GB,,"43,000","4,4",White,10.667,16
GeIL Super Luce 16 GB,,"43,400","4,4",White,9.412,16
Corsair Vengeance LPX 128 GB,,"42,400","8,16",Black / Yellow,12.5,15
Patriot Viper 8 GB,,"32,400","2,4",Black,8.333,10
Crucial CT25664BA160BA 2 GB,,"31,600","1,2",Black / Green,13.75,11
G.Skill Ripjaws 4 32 GB,,"43,000","4,8",Blue,10,15
Mushkin ECO2 8 GB,,"31,600","2,4",Black / Silver,11.25,9
G.Skill Ripjaws 4 16 GB,,"42,800","2,8",Red,11.429,16
G.Skill Ripjaws 4 8 GB,,"42,800","2,4",Red,11.429,16
PNY Anarchy 8 GB,,"32,400","2,4",Black / Red,9.167,11
Mushkin Essentials 32 GB,,"42,133","4,8",Black / Green,14.065,15
PNY Anarchy 16 GB,,"31,866","2,8",Black / Blue,10.718,10
PNY Anarchy X 16 GB,,"32,666","2,8",Black / Red,9.002,12
PNY Anarchy 16 GB,,"42,400","2,8",Black / Red,12.5,15
PNY Anarchy 8 GB,,"31,866","2,4",Black / Blue,10.718,10
Corsair Vengeance LPX 8 GB,,"43,200","2,4",Red,10,16
Corsair Vengeance Pro 16 GB,,"31,600","2,8",Black / Silver,13.75,11
Corsair Vengeance Pro 8 GB,,"31,600","2,4",Black / Red,13.75,11
Avexir Blitz1.1 8 GB,,"31,600","2,4",Green / Silver,11.25,9
Avexir Blitz1.1 8 GB,,"32,133","2,4",Green / Silver,8.439,9
Corsair Dominator Platinum 16 GB,,"42,666","2,8",Black / Silver,11.253,15
G.Skill Ripjaws V 32 GB,,"42,666","4,8",Black / Red,11.253,15
G.Skill Ripjaws V 32 GB,,"42,800","4,8",Black / Red,10.714,15
G.Skill Ripjaws V 8 GB,,"43,000","2,4",Black / Red,10,15
Kingston HyperX Fury 4 GB,,"42,666","1,4",Black / White,11.253,15
Corsair Vengeance LP 16 GB,,"31,600","2,8",Black / Red,13.75,11
Patriot PSD416G2133K 16 GB,,"42,133","2,8",Green,14.065,15
Patriot PSD48G2133K 8 GB,,"42,133","2,4",Black / Green,14.065,15
ADATA AX4U3300W4G16-DGZ 8 GB,,"43,300","2,4",Black / Gold,9.697,16
Patriot Signature Line 8 GB,,"42,400","1,8",Black / Green,14.167,17
Corsair Dominator Platinum 8 GB,,"42,666","2,4",Black / Silver,11.253,15
Kingston HyperX Fury 4 GB,,"31,866","1,4",Black,11.79,11
Kingston HyperX Fury 8 GB,,"31,866","1,8",Black,11.79,11
Corsair Vengeance Pro 32 GB,,"31,600","4,8",Black / Silver,13.75,11
Mushkin ECO2 16 GB,,"31,600","4,4",Black / Silver,13.75,11
Mushkin ECO2 32 GB,,"31,600","4,8",Black / Silver,13.75,11
Mushkin ECO2 16 GB,,"31,600","2,8",Black / Silver,13.75,11
G.Skill Trident Z 16 GB,,"42,800","2,8",Red / Silver,10.714,15
G.Skill Ripjaws V 16 GB,,"42,800","4,4",Black / Red,10.714,15
Kingston HyperX Savage 8 GB,,"42,400","1,8",Black / White,10,12
Kingston HyperX Savage 8 GB,,"42,666","2,4",Black / White,9.752,13
Kingston HyperX Savage 16 GB,,"42,666","4,4",Black / White,9.752,13
Kingston HyperX Savage 16 GB,,"42,800","2,8",Black / White,10,14
Kingston HyperX Savage 8 GB,,"43,000","2,4",Black / White,10,15
G.Skill Trident Z 16 GB,,"43,200","4,4",Red / Silver,10,16
Patriot Viper 3 8 GB,,"32,400","2,4",Red / Silver,8.333,10
Patriot Viper 4 16 GB,,"42,800","2,8",Black / Red,11.429,16
TEAMGROUP Vulcan 8 GB,,"31,600","1,8",Black / Red,11.25,9
Corsair Dominator Platinum 8 GB,,"43,000","2,4",Black / Silver,10,15
G.Skill Trident Z 32 GB,,"43,400","4,8",Red / Silver,9.412,16
Kingston Impact 16 GB,163.99,"42,133","2,8",Black / Silver,12.189,13
Kingston KVR21S15S8/4 4 GB,11,"42,133","1,4",Black / Silver,14.065,15
Panram Ninja-V 16 GB,,"42,400","2,8",Black / Silver,12.5,15
Corsair Vengeance LPX 8 GB,,"42,800","2,4",Black / Yellow,11.429,16
Corsair Vengeance Pro 8 GB,,"31,866","2,4",Black / Red,11.79,11
GeIL Super Luce 32 GB,,"42,400","2,16",Black / White,11.667,14
Kingston HyperX Savage 32 GB,,"42,133","4,8",Black / White,12.189,13
Kingston HyperX Savage 32 GB,,"42,666","4,8",Black / White,9.752,13
Crucial Ballistix Tactical 4 GB,,"42,666","1,4",Silver,12.003,16
G.Skill Trident Z 32 GB,,"43,000","2,16",Red / Silver,10,15
G.Skill Trident Z 16 GB,,"43,200","2,8",Red / Silver,10,16
G.Skill Ripjaws V 16 GB,,"43,200","4,4",Red,10,16
Panram Ninja 16 GB,,"31,866","2,8",Black / Silver,10.718,10
Corsair Vengeance Performance 8 GB,,"32,133","2,4",Black / Yellow,10.314,11
Kingston D51264KL110S 4 GB,,"31,600","1,4",Black / Green,13.75,11
G.Skill Trident Z 16 GB,,"43,866","4,4",Red / Silver,9.312,18
G.Skill Trident Z 8 GB,,"44,200","2,4",Red / Silver,9.048,19
AMD R5 Entertainment 8 GB,,"31,600","1,8",Black / Red,13.75,11
Avexir Budget 4 GB,,"42,133","1,4",Black / Green,14.065,15
GeIL Dragon RAM Combo 8 GB,,"43,866","2,4",White / Gold,9.312,18
G.Skill Ripjaws X 8 GB,,"31,600","1,8",Black / Red,11.25,9
Kingston Savage 32 GB,,"42,400","2,16",Black / Silver,11.667,14
Kingston Savage 32 GB,,"42,666","2,16",Black / Silver,11.253,15
AMD R7 Performance 4 GB,,"42,400","1,4",Black / Red,12.5,15
Corsair Dominator Platinum 64 GB,,"42,666","4,16",Black / Silver,11.253,15
G.Skill Ripjaws V 16 GB,,"42,666","2,8",Silver,11.253,15
G.Skill Ripjaws 32 GB,,"42,666","4,8",Black,13.503,18
G.Skill Ripjaws V 16 GB,,"42,800","2,8",Silver,10.714,15
Corsair Dominator Platinum 8 GB,,"43,466","2,4",Black / Silver,10.387,18
Corsair Vengeance LPX 8 GB,,"43,866","2,4",Black / Yellow,9.312,18
Corsair Vengeance LPX 8 GB,,"44,133","2,4",Black / Yellow,9.194,19
Corsair Vengeance Pro 16 GB,,"32,133","2,8",Black / Silver,10.314,11
G.Skill Ripjaws 8 GB,,"42,400","1,8",Black / Blue,13.333,16
G.Skill Trident Z 32 GB,,"43,000","4,8",Red / Silver,9.333,14
G.Skill Ripjaws V 32 GB,,"43,000","4,8",Black,9.333,14
G.Skill Trident Z 64 GB,,"43,200","4,16",Red / Silver,8.75,14
G.Skill Trident Z 64 GB,,"43,200","4,16",Red / Silver,9.375,15
Corsair Vengeance LPX 16 GB,,"42,400","4,4",Red,12.5,15
GeIL Super Luce 16 GB,,"42,400","2,8",White / Blue,12.5,15
GeIL EVO POTENZA 16 GB,,"42,400","2,8",Black / Red,12.5,15
G.Skill Ripjaws 16 GB,,"42,800","2,8",Black / Blue,12.857,18
G.Skill Ripjaws 64 GB,,"42,800","4,16",Black / Blue,12.857,18
GeIL Dragon RAM 16 GB,,"43,466","4,4",White / Gold,9.233,16
Panram Ninja-V 8 GB,,"43,000","2,4",Black / Silver,10.667,16
Crucial Ballistix Sport LT 8 GB,,"42,400","2,4",White,13.333,16
Crucial CT2K16G4SFD8213 32 GB,75,"42,133","2,16",Black / Green,14.065,15
Crucial CT2K4G4SFS8213 8 GB,,"42,133","2,4",Black / Green,14.065,15
Crucial CT2K8G4SFD8213 16 GB,,"42,133","2,8",Black / Green,14.065,15
G.Skill Trident Z 64 GB,,"43,400","4,16",Red / Silver,9.412,16
G.Skill Trident Z 16 GB,,"43,733","2,8",Red / Silver,9.108,17
Crucial Ballistix Elite 16 GB,,"32,133","2,8",Black,10.314,11
G.Skill Aegis 64 GB,616.72,"42,133","4,16",Black / Red,14.065,15
G.Skill Ripjaws V 128 GB,,"43,000","8,16",Red,9.333,14
Kingston Savage 16 GB,,"42,666","2,8",Black,9.752,13
Kingston Savage 8 GB,,"42,666","2,4",Black,9.752,13
Kingston Savage 16 GB,389,"43,000","2,8",Black,10,15
Kingston Savage 8 GB,,"43,000","2,4",Black,10,15
Corsair Dominator Platinum 64 GB,,"43,200","8,8",Black / Silver,9.375,15
Crucial Ballistix Tactical 16 GB,,"32,133","2,8",Yellow,10.314,11
G.Skill Ripjaws V 16 GB,,"43,333","2,8",Red,9.601,16
G.Skill Trident Z 32 GB,,"43,333","4,8",Red / Silver,9.601,16
G.Skill Ripjaws V 64 GB,,"43,333","4,16",Black,9.601,16
G.Skill Ripjaws V 64 GB,,"43,333","4,16",Red,9.601,16
G.Skill Trident Z 32 GB,,"43,466","4,8",Red / Silver,9.233,16
G.Skill Ripjaws V 32 GB,,"43,466","4,8",Red,9.233,16
TEAMGROUP Vulcan 16 GB,,"43,000","2,8",Black / Red,10,15
Avexir ROG Impact 8 GB,,"42,666","2,4",Black / Red,11.253,15
Mushkin Silverline 64 GB,,"42,133","4,16",Silver,14.065,15
TEAMGROUP Delta 16 GB,,"42,400","2,8",Black / Red,12.5,15
Avexir ROG Red Tesla 8 GB,,"42,666","2,4",Black / Red,11.253,15
Avexir ROG Red Tesla 16 GB,,"42,666","2,8",Black / Red,11.253,15
Corsair Dominator Platinum 64 GB,,"43,466","4,16",Black / Silver,9.233,16
Corsair Vengeance LPX 8 GB,,"44,266","2,4",Black / Yellow,8.908,19
Corsair Vengeance LPX 8 GB,,"44,266","2,4",Red,8.908,19
GeIL Super Luce 16 GB,,"43,000","2,8",Black / Blue,10,15
GeIL Super Luce 8 GB,,"42,400","2,4",Black / Blue,12.5,15
Kingston FURY 32 GB,,"42,133","4,8",Black / Silver,13.127,14
Kingston FURY 64 GB,,"42,133","4,16",Black / Silver,13.127,14
Kingston FURY 32 GB,,"42,400","4,8",Black / Silver,12.5,15
Kingston KCP313NS8/4 4 GB,24.8,"31,333","1,4",Black / Green,13.503,9
Avexir Core 16 GB,,"42,666","2,8",Black / Red,12.753,17
Avexir Blitz1.1 16 GB,,"43,000","2,8",Black / Red,10.667,16
Corsair Vengeance LPX 32 GB,,"42,666","4,8",White,12.003,16
Corsair Vengeance LED 32 GB,,"43,000","4,8",Black / Red,10,15
Corsair Vengeance LED 64 GB,,"42,666","4,16",Black / White,12.003,16
Crucial Ballistix Sport LT 64 GB,,"42,400","4,16",Red / Silver,13.333,16
Avexir Green Tesla 16 GB,,"42,666","2,8",Black / Green,11.253,15
Patriot Viper Elite 16 GB,,"42,666","2,8",Black / Red,11.253,15
G.Skill Trident Z 16 GB,,"43,200","2,8",Silver / Black,9.375,15
G.Skill Trident Z 16 GB,,"43,200","2,8",Black / Orange,8.75,14
G.Skill Trident Z 32 GB,,"43,200","2,16",Black / Yellow,8.75,14
Patriot Viper Elite 32 GB,,"42,800","2,16",Red / Silver,11.429,16
Corsair Vengeance LED 32 GB,268.01,"43,000","4,8",Black / Blue,10,15
Corsair Vengeance LED 32 GB,,"43,200","4,8",Black / Blue,10,16
Corsair Vengeance LPX 16 GB,,"43,733","2,8",Red,9.108,17
GALAX HOF 16 GB,,"43,200","2,8",White,8.75,14
Corsair Dominator Platinum Chrome 32 GB,,"43,200","2,16",Silver,8.75,14
Corsair Dominator Platinum Chrome 32 GB,,"43,200","4,8",Silver,8.75,14
Patriot Viper 4 8 GB,,"42,400","1,8",Red,12.5,15
Patriot Viper Elite 16 GB,,"42,400","2,8",Silver / Blue,12.5,15
G.Skill Trident Z RGB 16 GB,,"43,466","2,8",Black,9.233,16
G.Skill Trident Z 32 GB,,"43,866","4,8",Black / White,9.312,18
TEAMGROUP T-Force / Night Hawk 16 GB,,"43,200","2,8",Black / Blue,10,16
Corsair Vengeance RGB 16 GB,,"42,666","2,8",Black,12.003,16
Kingston Predator 32 GB,,"43,000","2,16",Black,10,15
TEAMGROUP Vulcan 32 GB,,"42,400","2,16",Black / Red,12.5,15
G.Skill Flare X 32 GB,,"42,133","4,8",Black,14.065,15
G.Skill Flare X 32 GB,,"42,133","4,8",Red,14.065,15
G.Skill Flare X 16 GB,,"42,400","2,8",Red,12.5,15
G.Skill Flare X 32 GB,,"42,400","4,8",Red,12.5,15
G.Skill Flare X 64 GB,160.65,"42,400","4,16",Red,12.5,15
G.Skill Flare X 16 GB,,"42,400","2,8",Black,13.333,16
G.Skill Flare X 16 GB,,"42,400","2,8",Red,13.333,16
G.Skill Flare X 32 GB,,"42,400","2,16",Black,13.333,16
G.Skill Flare X 32 GB,,"42,400","2,16",Red,13.333,16
TEAMGROUP T-Force Xtreem 8 GB,,"43,600","2,4",Black / Silver,9.444,17
Kingston Impact 32 GB,,"42,400","2,16",Black,11.667,14
Kingston Impact 32 GB,399.99,"42,400","4,8",Black,12.5,15
Kingston ValueRAM 16 GB,134.99,"42,133","2,8",Black / Green,14.065,15
Mushkin Essentials 8 GB,25.17,"42,133","2,4",Green,14.065,15
TEAMGROUP Dark 16 GB,,"32,400","2,8",Red,9.167,11
Corsair Vengeance RGB 64 GB,303.5,"42,666","4,16",Black,12.003,16
TEAMGROUP Vulcan 16 GB,,"42,800","2,8",Black / Gray,11.429,16
TEAMGROUP Vulcan 32 GB,,"43,000","2,16",Black / Gray,10.667,16
TEAMGROUP Vulcan 16 GB,,"42,800","2,8",Black / Red,11.429,16
TEAMGROUP Vulcan 32 GB,,"43,000","2,16",Black / Red,10.667,16
TEAMGROUP Vulcan 8 GB,,"42,400","2,4",Black / Red,11.667,14
Patriot Viper 4 8 GB,,"43,200","2,4",Black / Red,10,16
Patriot Viper Elite 8 GB,,"42,400","2,4",Black / Blue,12.5,15
Patriot Viper Elite 8 GB,,"42,400","2,4",Black / Red,12.5,15
Patriot Viper Elite 8 GB,,"42,666","2,4",Black / Blue,11.253,15
Patriot Viper Elite 16 GB,,"43,200","2,8",Black / Gray,10,16
GeIL EVO X AMD Edition 16 GB,,"43,200","2,8",Black,10,16
Patriot Viper Elite 16 GB,,"42,800","2,8",Black / Blue,11.429,16
Crucial Sport LT 16 GB,,"42,666","2,8",Gray,12.003,16
Apacer Panther-Golden 8 GB,,"42,400","1,8",Black / Gold,13.333,16
Apacer Commando 16 GB,,"42,400","2,8",Black / Red,13.333,16
Apacer Commando 32 GB,,"42,666","4,8",Black / Red,12.003,16
Crucial Ballistix Tactical 8 GB,,"43,000","2,4",Black,10,15
Kingston HX426C13PB3K2/16 16 GB,,"42,666","2,8",Black / Silver,9.752,13
G.Skill Trident Z 32 GB,,"43,200","4,8",Silver / Black,10,16
TEAMGROUP T-Force Dark 32 GB,,"43,000","2,16",Red / Black,10.667,16
G.Skill Trident Z 16 GB,,"44,600","2,8",Black,8.261,19
Crucial Sport LT 8 GB,,"42,400","1,8",White,13.333,16
Kingston FURY 16 GB,,"42,666","1,16",Black / White,12.003,16
Corsair Vengeance RGB 16 GB,,"43,200","2,8",White,10,16
Corsair Vengeance RGB 32 GB,,"43,000","4,8",White,10,15
Corsair Vengeance RGB 128 GB,,"43,000","8,16",White,10.667,16
Corsair Dominator Platinum 16 GB,,"43,466","2,8",,9.233,16
TEAMGROUP T-Force Delta RGB 4 GB,,"42,666","1,4",Black,11.253,15
TEAMGROUP T-Force Delta RGB 8 GB,,"42,400","2,4",Black,12.5,15
TEAMGROUP T-Force Delta RGB 8 GB,,"42,666","2,4",Black,11.253,15
Corsair Dominator Platinum 32 GB,,"42,666","2,16",Black / Silver,11.253,15
Patriot PSD48G2400K 8 GB,,"42,400","2,4",,13.333,16
Crucial Ballistix Sport LT 64 GB,,"42,666","4,16",Red / Black,12.003,16
ADATA XPG V1.0 8 GB,,"31,600","2,4",Red / White,13.75,11
ADATA XPG GAMMIX D10 8 GB,,"43,000","2,4",Black / White,10.667,16
Corsair Vengeance LPX 16 GB,,"43,333","2,8",Black / Yellow,9.601,16
Corsair CORSAIR Vengeance RGB 64GB (8 x 8GB) 288-Pin DDR4 SDRAM DDR4 2933 (PC4 23400) Desktop Memory Model CMR64GX4M8Z2933C16 64 GB,,"42,933","8,8",Black,10.91,16
Corsair Vengeance LED 16 GB,,"43,200","2,8",Black,10,16
Corsair Vengeance LED 16 GB,,"43,200","2,8",Black,10,16
Corsair Vengeance LED 32 GB,,"43,200","2,16",Black / Red,10,16
Corsair Vengeance LED 32 GB,,"43,000","4,8",Black / White,10.667,16
Corsair Vengeance LED 32 GB,,"43,000","4,8",Black / Blue,10.667,16
Corsair Vengeance LED 64 GB,,"42,666","4,16",Black / Blue,12.003,16
ADATA AX4U2400316G16-DRG 32 GB,,"42,400","2,16",Red / White,13.333,16
Corsair Vengeance RGB 128 GB,,"42,933","8,16",Black,10.91,16
Corsair Vengeance LED 32 GB,,"43,200","2,16",Black / White,10,16
Corsair Vengeance LED 32 GB,,"43,200","2,16",Black / Blue,10,16
Avexir Impact ROG 16 GB,,"42,666","4,4",Black / Red,11.253,15
Avexir Blitz 16 GB,,"43,200","2,8",Black / Red,10,16
Corsair Dominator Platinum 16 GB,,"43,600","4,4",Black / Silver,10,18
Corsair Vengeance LPX 64 GB,,"42,400","4,16",Black / Yellow,13.333,16
Avexir Core 8 GB,,"32,666","2,4",Black / Red,9.002,12
Avexir Blitz 1.1 8 GB,,"33,200","2,4",Black / Red,8.125,13
G.Skill Trident Z RGB 16 GB,,"42,933","2,8",Black,9.547,14
G.Skill Sniper X 16 GB,,"43,000","2,8",Black / Camo,10.667,16
G.Skill Sniper X 32 GB,,"43,000","2,16",Black / Camo,10.667,16
G.Skill Sniper X 64 GB,,"43,000","4,16",Black / Camo,10.667,16
Patriot Viper LED 8 GB,,"43,000","2,4",Black / Red,10,15
G.Skill Sniper X 16 GB,,"43,600","2,8",Black / Camo,10.556,19
G.Skill Trident Z 32 GB,,"43,733","2,16",Silver / White,9.108,17
G.Skill Trident Z 32 GB,,"43,733","4,8",Black,9.108,17
G.Skill Trident Z 16 GB,,"44,600","2,8",,8.261,19
G.Skill Flare X 32 GB,,"42,933","4,8",Black,10.91,16
G.Skill Sniper X 64 GB,,"43,000","4,16",Black / Camo,10.667,16
G.Skill Sniper X 32 GB,,"43,600","2,16",Black / Camo,10.556,19
TEAMGROUP T-Force Dark 16 GB,,"42,666","1,16",Red / Black,11.253,15
TEAMGROUP T-Force Vulcan 8 GB,,"42,666","1,8",Black,11.253,15
TEAMGROUP T-Force Vulcan 8 GB,,"43,200","2,4",Red / Black,10,16
TEAMGROUP T-Force Dark Pro 16 GB,,"43,200","2,8",Black / Silver,10,16
TEAMGROUP T-Force Dark Pro 8 GB,,"43,000","2,4",Black / Red,10,15
TEAMGROUP T-Force Vulcan 8 GB,,"43,200","2,4",Black / Silver,10,16
TEAMGROUP T-Force Vulcan 16 GB,,"32,133","2,8",Red,10.314,11
TEAMGROUP Elite 16 GB,,"42,400","2,8",Black,13.333,16
G.Skill Trident Z 64 GB,,"43,300","8,8",Silver / Red,9.697,16
G.Skill Trident Z 128 GB,,"43,466","8,16",Black,9.233,16
GeIL EVO FORZA 8 GB,,"42,666","2,4",Red / Black,12.003,16
GeIL Super Luce 32 GB,,"42,133","2,16",White / Red,14.065,15
GeIL SUPER LUCE RGB 16 GB,,"42,400","2,8",White,13.333,16
Crucial Ballistix Sport LT 16 GB,,"42,666","1,16",Gray,12.003,16
Crucial Ballistix Sport LT 32 GB,,"42,400","4,8",Gray,13.333,16
Corsair Vengeance LED 16 GB,,"42,666","2,8",Black,12.003,16
GeIL EVO POTENZA 16 GB,,"42,400","2,8",Black,13.333,16
Corsair Vengeance LED 32 GB,,"43,000","2,16",Black / Red,10.667,16
Corsair Vengeance RGB 16 GB,,"43,000","2,8",White,10.667,16
Corsair Vengeance RGB 32 GB,,"43,000","4,8",Black,10.667,16
Corsair Vengeance RGB 64 GB,,"43,000","4,16",Black,10.667,16
Corsair Vengeance LED 16 GB,,"43,000","2,8",Black / White,10.667,16
Corsair Vengeance LED 16 GB,,"43,000","2,8",Black / Blue,10.667,16
TEAMGROUP T-Force Night Hawk RGB 16 GB,,"44,000","2,8",Black,9,18
TEAMGROUP T-Force Night Hawk RGB 16 GB,,"43,600","2,8",White,10,18
TEAMGROUP T-Force Xtreem 32 GB,,"43,733","4,8",Black / Silver,9.108,17
TEAMGROUP T-Force Dark 16 GB,,"42,400","4,4",Silver / Black,11.667,14
TEAMGROUP T-Force Dark 16 GB,,"43,200","4,4",Silver / Black,10,16
TEAMGROUP T-Force Dark 32 GB,,"43,200","4,8",Red / Black,10,16
TEAMGROUP T-Force Dark 32 GB,,"43,000","4,8",Red / Black,10.667,16
TEAMGROUP T-Force Vulcan 4 GB,,"42,666","1,4",Silver / Black,11.253,15
TEAMGROUP T-Force Vulcan 16 GB,,"43,000","4,4",Red / Black,10.667,16
TEAMGROUP T-Force Vulcan 32 GB,,"43,200","4,8",Red / Black,10,16
Kingston HyperX Fury 16 GB,,"42,133","1,16",Red / Silver,13.127,14
Kingston HyperX Fury 16 GB,,"42,666","1,16",Red / Silver,12.003,16
Kingston HyperX Fury 32 GB,,"42,666","4,8",Red / Silver,12.003,16
Patriot Signature Line 32 GB,,"42,133","2,16",Green / Black,14.065,15
Patriot Viper LED 16 GB,,"42,400","2,8",Black / Red,11.667,14
Patriot Viper LED 16 GB,,"42,666","2,8",Black / Red,11.253,15
Kingston ValueRAM 8 GB,40.49,"42,400","1,8",Green / Black,14.167,17
Crucial CT25664BD160BJ 2 GB,19.98,"31,600","1,2",Green / Black,13.75,11
Crucial CT2K16G3S186DM 32 GB,,"31,866","2,16",Green / Black,13.934,13
Patriot Signature Line 4 GB,14.99,"31,600","1,4",Green / Black,13.75,11
Crucial CT8G4WFD8266 8 GB,,"42,666","1,8",Green,14.254,19
Crucial CT8G4WFS824A 8 GB,106.47,"42,400","1,8",Green,14.167,17
Corsair Vengeance LED 32 GB,,"43,600","2,16",Black / White,10,18
Corsair Vengeance LED 32 GB,,"43,600","4,8",Black / White,10,18
Corsair Vengeance LED 16 GB,,"43,333","2,8",Black,9.601,16
G.Skill Sniper X 16 GB,204.32,"43,400","2,8",Camo / Black,9.412,16
Crucial Ballistix Tactical Tracer 32 GB,,"43,000","4,8",Silver,10.667,16
Crucial Ballistix Sport LT 16 GB,,"42,400","2,8",Camo,13.333,16
TEAMGROUP T-Force Xtreem 64 GB,,"43,600","4,16",Silver / Black,8.889,16
TEAMGROUP T-Force Xtreem 64 GB,,"43,733","4,16",Silver / Black,9.108,17
Kingston KCP424NS6/4 4 GB,24.99,"42,400","1,4",Green / Black,14.167,17
Kingston KCS-UC426/16G 16 GB,68.62,"42,666","1,16",Green / Black,14.254,19
Kingston KTD-PE426/32G 32 GB,102.71,"42,666","1,32",Green / Black,14.254,19
Corsair Vengeance RGB 16 GB,,"44,266","2,8",Black,8.908,19
Corsair Dominator Platinum 16 GB,,"44,133","2,8",Silver / Black,9.194,19
Corsair Vengeance LPX 16 GB,,"44,266","2,8",Black / Yellow,8.908,19
G.Skill Sniper X 32 GB,198,"43,600","4,8",Silver / Camo,10.556,19
Kingston HyperX Fury 64 GB,,"42,666","4,16",Black / White,12.003,16
G.Skill Ripjaws V 32 GB,,"43,600","4,8",Red / Black,10.556,19
ADATA XPG GAMMIX D10 64 GB,,"42,400","4,16",Black / White,13.333,16
ADATA XPG GAMMIX D10 8 GB,,"42,400","2,4",Black / White,13.333,16
ADATA XPG GAMMIX D10 16 GB,,"43,000","1,16",Black / White,10.667,16
ADATA XPG GAMMIX D10 16 GB,,"43,000","4,4",Black / White,10.667,16
ADATA XPG GAMMIX D10 16 GB,,"42,400","1,16",Red / White,13.333,16
ADATA XPG GAMMIX D10 16 GB,,"42,666","1,16",Red / White,12.003,16
ADATA XPG GAMMIX D10 8 GB,,"42,666","1,8",Red / White,12.003,16
ADATA XPG GAMMIX D10 16 GB,,"42,666","4,4",Red / White,12.003,16
ADATA XPG GAMMIX D10 64 GB,,"43,000","4,16",Red / White,10.667,16
ADATA XPG GAMMIX D10 8 GB,,"43,000","1,8",Red / White,10.667,16
ADATA XPG GAMMIX D10 16 GB,,"43,000","2,8",Red / White,10.667,16
Patriot Viper Venom RGB 16 GB,,"42,666","2,8",Black / Silver,11.253,15
GeIL EVO POTENZA 16 GB,,"42,400","2,8",Red,13.333,16
Corsair Vengeance RGB 16 GB,,"42,933","2,8",Black,10.91,16
Corsair Vengeance RGB Pro 64 GB,,"42,666","8,8",Black,12.003,16
G.Skill Trident Z RGB 16 GB,,"43,466","2,8",Black,10.387,18
Kingston HyperX Predator RGB 32 GB,,"42,933","4,8",Black,10.228,15
Kingston KVR24S17S6/4 4 GB,75,"42,400","1,4",Green / Black,14.167,17
Crucial Ballistix Elite 16 GB,,"43,200","2,8",Black,9.375,15
G.Skill Trident Z 128 GB,,"43,200","8,16",Silver / Red,8.75,14
Corsair Dominator Platinum Special Edition 32 GB,,"43,200","4,8",Blue / Orange,8.75,14
Crucial Ballistix Sport AT 64 GB,,"42,666","4,16",Silver / Black,12.003,16
Crucial Ballistix Sport AT 32 GB,,"43,000","2,16",Silver / Black,11.333,17
Crucial CT16G4RFD424A 16 GB,37.99,"42,400","1,16",Green / Black,14.167,17
GeIL TUF SUPER LUCE 16 GB,,"42,666","2,8",Black / Camo,14.254,19
G.Skill Trident Z RGB 32 GB,,"42,400","4,8",Black,12.5,15
Corsair Vengeance LED 32 GB,,"42,933","4,8",Black / White,10.91,16
G.Skill Trident Z 16 GB,,"43,200","2,8",Silver / White,9.375,15
Corsair Vengeance RGB Pro 64 GB,,"43,000","4,16",White,10,15
Corsair Vengeance RGB Pro 64 GB,,"43,466","4,16",White,9.233,16
Corsair Vengeance RGB Pro 64 GB,,"43,600","4,16",Black,10,18
Patriot Signature Line 4 GB,,"42,400","1,4",Green / Black,14.167,17
Crucial CT4K8G4RFD8266 32 GB,,"42,666","4,8",Green / Black,14.254,19
Corsair Vengeance RGB Pro 128 GB,,"43,200","8,16",White,10,16
TEAMGROUP T-Force Xtreem 16 GB,,"43,600","2,8",Black / White,10,18
GeIL EVO FORZA 32 GB,,"42,400","2,16",Red / Black,13.333,16
V-Color SKYWALKER PRISM RGB 16 GB,,"43,000","2,8",Silver / Black,10,15
Kingston ValueRAM 16 GB,60.74,"42,666","1,16",Green / Black,14.254,19
Corsair Vengeance RGB Pro 64 GB,,"44,000","8,8",Black,9.5,19
Mushkin Silverline 16 GB,49.33,"42,400","2,8",Silver / Green,14.167,17
Crucial Ballistix Tactical Tracer 8 GB,,"42,666","1,8",Silver / Black,12.003,16
Crucial CT2K2G4SFS624A 4 GB,,"42,400","2,2",Green / Black,14.167,17
Crucial CT4G4SFS624A 4 GB,,"42,400","1,4",Green / Black,14.167,17
Crucial Ballistix Tactical Tracer 16 GB,,"42,666","1,16",Silver / Black,12.003,16
Corsair Vengeance RGB Pro 32 GB,,"43,733","4,8",Black,9.108,17
TEAMGROUP T-Force Vulcan 16 GB,,"42,400","2,8",Black / Red,12.5,15
GeIL SUPER LUCE RGB SYNC 16 GB,,"43,200","2,8",White,8.75,14
ADATA AD4S2666316G19-D 32 GB,,"42,666","2,16",Green / Black,14.254,19
GeIL SUPER LUCE RGB SYNC 16 GB,,"43,600","2,8",Black,8.889,16
GeIL SUPER LUCE RGB SYNC 16 GB,,"44,133","2,8",Black,9.194,19
Patriot Signature Line 4 GB,,"42,400","1,4",Green / Black,14.167,17
TEAMGROUP T-Force Dark 16 GB,,"42,666","2,8",Red / Black,11.253,15
G.Skill Trident Z Royal 16 GB,132.51,"44,000","2,8",Silver,8.5,17
Patriot Viper Steel 16 GB,,"43,866","2,8",Silver / Black,9.312,18
Crucial Ballistix Sport LT 32 GB,,"43,200","4,8",Silver / Black,10,16
Crucial Ballistix Sport LT 32 GB,,"43,000","4,8",Silver / Black,10,15
Crucial Ballistix Sport LT 32 GB,,"43,200","4,8",Silver / Black,10,16
Crucial Ballistix Sport AT 64 GB,,"43,200","4,16",Silver / Black,10,16
Corsair Vengeance LPX 16 GB,,"44,700","2,8",Black / Yellow,8.085,19
Crucial Ballistix Sport LT 32 GB,,"43,200","2,16",Red / Black,10,16
Crucial Ballistix Sport LT 32 GB,,"43,200","4,8",Red / Black,10,16
Crucial Ballistix Sport LT 8 GB,,"43,000","1,8",White / Silver,10,15
GeIL SUPER LUCE RGB SYNC 32 GB,,"43,200","2,16",Black,10,16
Crucial Ballistix Sport LT 32 GB,,"43,000","2,16",White / Silver,10,15
Crucial Ballistix Sport LT 64 GB,,"43,000","4,16",White / Silver,10,15
Corsair Dominator Platinum RGB 16 GB,,"43,200","2,8",Black,8.75,14
Corsair Dominator Platinum RGB 16 GB,,"44,266","2,8",Black,8.908,19
G.Skill Trident Z Royal 64 GB,,"43,200","4,16",Silver,8.75,14
G.Skill Trident Z Royal 32 GB,,"43,000","4,8",Silver,10.667,16
G.Skill Trident Z Royal 32 GB,1565.83,"43,600","4,8",Silver,9.444,17
G.Skill Ripjaws V 16 GB,,"43,200","2,8",Red,10,16
G.Skill Trident Z 16 GB,,"44,500","2,8",Black,8.444,19
G.Skill Trident Z 16 GB,,"44,266","2,8",Silver,8.908,19
G.Skill Trident Z 16 GB,,"44,133","2,8",Black / White,9.194,19
G.Skill Trident Z 16 GB,,"43,733","2,8",Black / White,9.108,17
Corsair Dominator Platinum 16 GB,,"43,733","2,8",Silver / Black,9.108,17
OLOy MD4U082417BBSA 8 GB,,"42,400","1,8",Red / Black,14.167,17
OLOy MD4MU081G83014D 16 GB,,"43,000","2,8",White / Gray,9.333,14
OLOy MD4U083216BADA 16 GB,,"43,200","2,8",White / Gray,10,16
OLOy MD4U082417IBDA 16 GB,,"42,400","2,8",Red / Black,14.167,17
OLOy MD4U082417IBSA 8 GB,,"42,400","1,8",Red / Black,14.167,17
OLOy MD4U083216BASA 8 GB,,"43,200","1,8",White / Gray,10,16
G.Skill Trident Z Royal 32 GB,439,"44,000","4,8",Silver,8.5,17
Corsair Dominator Platinum RGB 16 GB,109.99,"44,000","2,8",Black / Silver,9.5,19
TEAMGROUP T-Force T1 8 GB,,"42,400","2,4",Black / Red,12.5,15
TEAMGROUP T-Force Xtreem 16 GB,,"44,300","2,8",Black / White,8.372,18
G.Skill Trident Z 32 GB,,"43,300","4,8",Black / White,9.697,16
TEAMGROUP T-Force Vulcan Z 16 GB,,"43,000","1,16",Silver / Black,10.667,16
TEAMGROUP T-Force Vulcan Z 4 GB,,"43,000","1,4",Silver / Black,10.667,16
G.Skill Trident Z Royal 128 GB,,"43,200","8,16",Gold,10,16
G.Skill Trident Z Royal 32 GB,,"43,000","4,8",Gold,10.667,16
G.Skill Trident Z Royal 64 GB,,"43,200","4,16",Gold,10,16
Crucial CT16G4RFD832A 16 GB,,"43,200","1,16",Green / Black,13.75,22
G.Skill Trident Z Royal 16 GB,,"44,800","2,8",Gold,7.5,18
G.Skill Trident Z Neo 32 GB,,"43,000","4,8",Silver / Black,10.667,16
OLOy MD4U163016BADA 32 GB,,"43,000","2,16",White / Silver,10.667,16
OLOy MD4U082417IFDA 16 GB,,"42,400","2,8",Red,14.167,17
OLOy MD4U083618BFDA 16 GB,,"43,600","2,8",Red,10,18
OLOy MD4U082616BFDA 16 GB,,"42,666","2,8",Red,12.003,16
OLOy WarHawk RGB 32 GB,,"43,600","2,16",Black / White,10,18
Crucial Ballistix Tactical Tracer RGB 16 GB,,"43,000","2,8",Silver,10,15
Crucial Ballistix Tactical Tracer RGB 8 GB,,"43,000","1,8",Silver,10,15
Crucial Ballistix Tactical Tracer RGB 8 GB,,"43,200","1,8",Silver,10,16
OLOy MD4U083216BGDA 16 GB,,"43,200","2,8",Black,10,16
OLOy WarHawk RGB 16 GB,,"43,200","1,16",Black / Silver,10,16
Kingston HyperX Fury RGB 32 GB,,"43,466","4,8",Black,9.233,16
Kingston HyperX Fury RGB 64 GB,,"42,400","4,16",Black,12.5,15
TEAMGROUP T-Force Dark Z 16 GB,,"43,000","2,8",Red / Black,10.667,16
TEAMGROUP T-Force Dark Z 16 GB,,"43,000","1,16",Silver,10.667,16
TEAMGROUP T-Force Dark Z 32 GB,,"43,200","2,16",Silver,10,16
TEAMGROUP T-Force Dark Z 16 GB,,"43,200","1,16",Silver / Black,10,16
Corsair Dominator Platinum Special Edition CONTRAST 32 GB,,"43,466","2,16",White / Black,9.233,16
Corsair Dominator Platinum Special Edition CONTRAST 32 GB,,"43,466","4,8",White / Black,9.233,16
G.Skill Flare X 64 GB,,"43,200","4,16",Black,8.75,14
ADATA XPG GAMMIX D30 32 GB,,"43,000","2,16",Silver / Black,10.667,16
ADATA XPG GAMMIX D30 16 GB,,"43,600","2,8",Silver / Black,9.444,17
G.Skill Trident Z Royal 32 GB,,"43,600","4,8",Gold,10,18
G.Skill Trident Z Royal 64 GB,,"43,600","4,16",Silver,8.889,16
Kingston KSM26RS8/8MEI 8 GB,34.71,"42,666","1,8",Green / Black,14.254,19
OLOy WarHawk RGB 16 GB,,"43,000","2,8",Blue / White,10.667,16
Kingston HyperX Predator RGB 64 GB,,"43,000","4,16",Black,10,15
Kingston HyperX Predator RGB 16 GB,,"43,000","1,16",Black,10,15
Kingston HyperX Predator RGB 32 GB,,"43,000","4,8",Black,10,15
Kingston HyperX Predator RGB 8 GB,,"43,000","1,8",Black,10,15
TEAMGROUP T-Force Dark Za 16 GB,,"44,000","2,8",Black / Silver,9,18
ADATA XPG Z1 32 GB,,"43,200","2,16",Black / Silver,10,16
Thermaltake TOUGHRAM RGB 16 GB,,"43,000","2,8",Black / Silver,10.667,16
Thermaltake TOUGHRAM RGB 16 GB,,"44,000","2,8",White / Silver,9.5,19
Crucial Ballistix 32 GB,,"43,000","2,16",Black,10,15
Crucial Ballistix 64 GB,,"43,600","2,32",White,8.889,16
Crucial Ballistix 32 GB,,"43,000","2,16",Black,10.667,16
Crucial Ballistix RGB 64 GB,,"43,200","2,32",White,10,16
Crucial Ballistix RGB 64 GB,,"43,200","2,32",Red,10,16
Crucial Ballistix RGB 16 GB,,"43,000","2,8",Red,10,15
G.Skill Trident Z Royal 256 GB,,"42,666","8,32",Silver,13.503,18
GeIL EVO SPEAR Phantom Gaming 32 GB,,"43,000","2,16",Black,10.667,16
GeIL GeIL 16GB (2 x 8GB) 288-Pin DDR4 SDRAM DDR4 3600 (PC4 28800) Desktop Memory Model GALS416GB3600C18ADC 16 GB,,"43,600","2,8",Black,10,18
OLOy WarHawk RGB 64 GB,,"43,000","2,32",Black / Silver,10.667,16
OLOy WarHawk RGB 32 GB,,"43,200","4,8",Black / Silver,10,16
OLOy WarHawk RGB 32 GB,,"43,600","4,8",Black / Silver,10,18
OLOy MD4U163016CHSA 16 GB,,"43,000","1,16",Red,10.667,16
OLOy MD4U1636181CHKSA 16 GB,,"43,600","1,16",Black,10,18
OLOy MD4U1636181CHRDA 32 GB,,"43,600","2,16",Red,10,18
OLOy MD4U0836180BHRDA 16 GB,,"43,600","2,8",Red,10,18
OLOy MD4U162619BHDA 32 GB,,"42,666","2,16",Red,14.254,19
TEAMGROUP T-Force Dark Z 32 GB,,"43,600","2,16",Silver,10,18
TEAMGROUP T-Force Dark Z 16 GB,,"43,600","2,8",Red / Black,10,18
Kingston HyperX Impact 8 GB,,"42,400","1,8",Black / Silver,11.667,14
Kingston HyperX Impact 8 GB,,"42,933","1,8",Black / Silver,11.592,17
G.Skill Trident Z RGB 128 GB,,"42,666","4,32",Black,13.503,18
TEAMGROUP Team T-FORCE VULCAN Z 32GB 288-Pin DDR4 SDRAM DDR4 3000 (PC4 24000) Desktop Memory Model TLZRD432G3000HC16C01 32 GB,,"43,000","1,32",Red,10.667,16
TEAMGROUP Team T-FORCE VULCAN Z 64GB (2 x 32GB) 288-Pin DDR4 SDRAM DDR4 3000 (PC4 24000) Desktop Memory Model TLZRD464G3000HC16CDC01 64 GB,,"43,000","2,32",Red,10.667,16
Kingston HyperX Fury 64 GB,,"42,666","2,32",Black / Silver,12.003,16
Thermaltake H-ONE 16 GB,,"42,666","2,8",Black / Silver,14.254,19
OLOy OWL 32 GB,,"43,000","2,16",Orange,10.667,16
Kingston HyperX Predator 16 GB,,"43,200","1,16",Black / Silver,10,16
ADATA XPG SPECTRIX D50 16 GB,,"44,133","2,8",Black,9.194,19
Corsair Dominator Platinum RGB 64 GB,,"43,200","4,16",White,10,16
Corsair Vengeance LPX 128 GB,,"43,000","4,32",Black,10.667,16
G.Skill Trident Z Royal 32 GB,,"44,266","2,16",Silver,7.97,17
G.Skill Trident Z RGB 16 GB,,"44,266","2,8",Black,7.501,16
G.Skill Trident Z RGB 32 GB,,"44,000","4,8",Black,8.5,17
Kingston HyperX Fury 128 GB,,"43,600","4,32",Black,10,18
G.Skill Ripjaws V 64 GB,,"43,600","4,16",Black,7.778,14
Kingston HyperX Fury 32 GB,,"43,466","4,8",Black,9.233,16
Silicon Power SP016GXLZU360BDAAD 16 GB,,"43,600","2,8",Black / Red,10,18
G.Skill Trident Z Royal 32 GB,,"43,600","4,8",Silver,8.889,16
G.Skill Trident Z Royal 16 GB,,"44,266","2,8",Silver,7.97,17
G.Skill Trident Z Neo 32 GB,,"43,800","4,8",Black / Silver,8.421,16
G.Skill Trident Z Neo 16 GB,,"43,800","2,8",Black / Silver,9.474,18
Kingston HyperX Fury 64 GB,,"43,000","4,16",Black,10.667,16
Apacer AU 16 GB,,"42,400","1,16",Black,14.167,17
Apacer AU 4 GB,,"42,400","1,4",Black,14.167,17
Apacer AS 8 GB,,"42,666","1,8",Black,14.254,19
Silicon Power XPOWER Turbine 16 GB,,"43,600","2,8",Blue / Black,10,18
Silicon Power XPOWER Turbine RGB 32 GB,,"43,600","2,16",Silver / Black,10,18
Kingston HyperX Predator RGB 64 GB,,"43,200","2,32",Silver / Black,10,16
Neo Forza FAYE 16 GB,,"43,000","1,16",Silver / Black,10,15
Neo Forza FAYE 16 GB,,"44,400","2,8",Black / Silver,8.636,19
TEAMGROUP T-Force Dark Z 64 GB,,"43,200","2,32",Gray,10,16
GeIL Orion AMD Edition 32 GB,,"43,000","2,16",Red,10.667,16
Kingston HyperX Predator 32 GB,,"31,866","4,8",Black,9.646,9
Silicon Power XPOWER Turbine RGB 32 GB,,"43,200","2,16",Black,10,16
Silicon Power SP016GBSFU266B22 16 GB,,"42,666","2,8",Black,14.254,19
OLOy WarHawk RGB 16 GB,,"43,600","2,8",White / Silver,8.889,16
TEAMGROUP T-Force Xtreem ARGB 64 GB,,"43,200","2,32",Black,10,16
GeIL Polaris RGB 32 GB,,"54,800","2,16",Black,16.667,40
G.Skill Trident Z5 32 GB,,"55,600","2,16",Silver / Black,14.286,40
G.Skill Trident Z5 32 GB,,"55,600","2,16",Black / Silver,14.286,40
Acer Predator Apollo RGB 32 GB,,"43,200","2,16",Silver / Black,10,16
Acer Predator Apollo RGB 32 GB,,"43,200","2,16",Silver / Black,8.75,14
Acer Predator Apollo RGB 64 GB,,"43,600","2,32",Silver / Black,10,18
Acer Predator Talos 8 GB,,"42,666","1,8",White / Black,13.503,18
Acer Predator Talos 16 GB,,"42,666","1,16",White / Black,13.503,18
Acer Predator Talos 16 GB,,"43,600","2,8",White / Black,8.889,16
G.Skill Trident Z5 RGB 32 GB,,"56,000","2,16",Silver / Black,13.333,40
G.Skill Trident Z Royal Elite 64 GB,,"43,600","4,16",Gold,8.889,16
G.Skill Trident Z Royal Elite 16 GB,,"44,000","2,8",Gold,7,14
G.Skill Trident Z Royal Elite 32 GB,,"44,266","2,16",Silver,7.501,16
G.Skill Trident Z Royal Elite 16 GB,,"44,800","2,8",Silver,7.917,19
G.Skill Trident Z Royal Elite 16 GB,,"45,066","2,8",Gold,7.896,20
G.Skill Trident Z Royal 32 GB,,"44,400","2,16",Silver,7.727,17
G.Skill Trident Z Royal 32 GB,,"44,400","2,16",Gold,8.636,19
G.Skill Trident Z Royal 16 GB,,"44,400","2,8",Silver,8.182,18
G.Skill Trident Z Royal 64 GB,,"43,600","4,16",Silver,7.778,14
G.Skill Trident Z Royal 32 GB,,"44,600","2,16",Silver,8.696,20
G.Skill Trident Z Royal 16 GB,,"44,600","2,8",Gold,8.261,19
G.Skill Trident Z Royal 32 GB,,"44,266","2,16",Silver,8.908,19
G.Skill Trident Z Royal 16 GB,,"44,000","2,8",Gold,7,14
V-Color Manta XPrism RGB 32 GB,,"55,600","2,16",White,12.857,36
V-Color Manta XPrism RGB 32 GB,,"56,400","2,16",Black,10,32
ADATA Premier 16 GB,,"54,800","1,16",Black,16.667,40
G.Skill Ripjaws V 32 GB,,"42,666","1,32",Black,14.254,19
G.Skill Ripjaws V 16 GB,,"44,266","2,8",Black,8.908,19
G.Skill Ripjaws S5 32 GB,,"55,600","2,16",Black,12.857,36
G.Skill Ripjaws S5 32 GB,,"55,600","2,16",White,12.857,36
G.Skill Value 64 GB,,"42,666","2,32",Black,14.254,19
G.Skill Trident Z Royal 128 GB,,"42,666","4,32",Silver,14.254,19
G.Skill Trident Z Royal 128 GB,,"42,666","4,32",Gold,14.254,19
G.Skill Trident Z Royal 16 GB,,"45,066","2,8",Silver,7.896,20
G.Skill Trident Z Royal 16 GB,,"45,066","2,8",Gold,7.896,20
Corsair Dominator Platinum RGB 16 GB,,"43,600","2,8",Black,7.778,14
Corsair Vengeance LPX 16 GB,,"44,600","2,8",Black,7.826,18
HP V8 RGB 16 GB,,"43,600","2,8",Black / Silver,10,18
Kingston FURY Beast RGB 8 GB,,"43,000","1,8",Black,10,15
Kingston FURY 16 GB,,"43,200","1,16",Black,10,16
Kingston FURY 16 GB,,"43,466","1,16",Black,9.81,17
GeIL Orion RGB AMD Edition 16 GB,,"42,666","1,16",Gray,14.254,19
GeIL Orion RGB AMD Edition 16 GB,,"43,000","1,16",Gray,10.667,16
GeIL Orion RGB AMD Edition 16 GB,,"43,200","1,16",Gray,10,16
GeIL Orion RGB AMD Edition 32 GB,,"43,200","2,16",Red,10,16
GeIL Orion RGB AMD Edition 32 GB,,"43,600","2,16",Red,10,18
GeIL Orion RGB AMD Edition 32 GB,67.99,"43,200","2,16",Gray,10,16
GeIL Orion RGB AMD Edition 16 GB,,"44,000","2,8",Gray,9,18
GeIL Orion AMD Edition 16 GB,,"43,200","2,8",Gray,10,16
GeIL Orion AMD Edition 32 GB,,"44,266","2,16",Gray,8.439,18
GeIL Orion AMD Edition 16 GB,,"44,400","2,8",Gray,8.182,18
GeIL EVO Potenza AMD Edition 16 GB,,"42,666","2,8",Black,14.254,19
GeIL EVO Potenza AMD Edition 8 GB,,"43,200","2,4",Black,10,16
GeIL EVO Potenza AMD Edition 8 GB,,"43,600","2,4",Black,7.778,14
GeIL Polaris RGB 16 GB,,"54,800","2,8",White,16.667,40
GeIL Polaris RGB 64 GB,,"54,800","2,32",White,16.667,40
GeIL Polaris RGB 16 GB,,"55,600","1,16",Red,13.571,38
GeIL Polaris RGB 16 GB,,"55,600","1,16",White,13.571,38
Addlink Spider 4 8 GB,,"43,200","1,8",Black,10,16
Addlink Spider X4 32 GB,,"43,600","2,16",Black,10,18
TEAMGROUP T-Force Vulcan Z 32 GB,,"43,600","1,32",Red,10,18
TEAMGROUP T-Force Vulcan Z 8 GB,,"43,000","1,8",Gray,10.667,16
TEAMGROUP T-Force Vulcan Z 32 GB,,"43,200","1,32",Gray,10,16
TEAMGROUP T-Force Vulcan Z 32 GB,,"43,000","2,16",Red,10.667,16
TEAMGROUP T-Force Vulcan Z 32 GB,,"43,600","2,16",Red,7.778,14
TEAMGROUP T-Force Vulcan Z 16 GB,,"43,600","2,8",Red,11.111,20
TEAMGROUP T-Force Vulcan Z 64 GB,,"42,666","2,32",Gray,13.503,18
TEAMGROUP T-Force Delta RGB 16 GB,,"42,666","2,8",White,12.003,16
TEAMGROUP T-Force Delta RGB 32 GB,,"43,200","1,32",Black,10,16
TEAMGROUP T-Force Delta RGB 64 GB,,"43,000","2,32",White,10.667,16
TEAMGROUP T-Force Delta RGB 16 GB,,"42,666","1,16",White,13.503,18
TEAMGROUP T-Force Delta RGB 32 GB,,"43,600","2,16",Black,7.778,14
Kingston FURY Renegade 32 GB,,"44,000","2,16",Black,9.5,19
G.Skill Trident Z5 RGB 64 GB,,"55,600","2,32",White / Black,10.714,30
G.Skill Trident Z5 RGB 32 GB,,"55,200","2,16",Black,13.846,36
G.Skill Trident Z5 RGB 32 GB,,"55,600","2,16",Black,14.286,40
G.Skill Trident Z5 RGB 32 GB,,"55,600","2,16",White / Black,14.286,40
G.Skill Trident Z5 RGB 32 GB,,"56,000","2,16",Black,13.333,40
G.Skill Trident Z5 RGB 32 GB,,"56,000","2,16",White / Black,12,36
Kingston Server Premier 8 GB,57.91,"42,933","1,8",,14.32,21
Kingston Server Premier 8 GB,38.53,"42,666","1,8",,14.254,19
Kingston Server Premier 16 GB,,"42,933","1,16",,14.32,21
Kingston Server Premier 16 GB,63.47,"43,200","1,16",,13.75,22
Kingston Server Premier 16 GB,61.88,"43,200","1,16",,13.75,22
Kingston Server Premier 32 GB,111.08,"43,200","1,32",,13.75,22
Kingston ValueRAM 8 GB,34.99,"54,800","1,8",,16.667,40
Kingston ValueRAM 16 GB,58.25,"54,800","1,16",,16.667,40
Kingston ValueRAM 32 GB,117.95,"54,800","2,16",,16.667,40
Kingston ValueRAM 32 GB,79.95,"42,666","1,32",,14.254,19
Kingston ValueRAM 4 GB,19.97,"42,666","1,4",,14.254,19
G.Skill Ripjaws S5 32 GB,,"55,200","2,16",White,10.769,28
G.Skill Ripjaws S5 32 GB,,"55,200","2,16",White,15.385,40
G.Skill Ripjaws S5 32 GB,,"55,600","2,16",Black,10,28
G.Skill Ripjaws S5 64 GB,,"55,600","2,32",Black,10,28
G.Skill Ripjaws S5 64 GB,,"55,600","2,32",White,10,28
G.Skill Ripjaws S5 32 GB,,"55,600","2,16",Black,12.857,36
G.Skill Ripjaws S5 32 GB,,"55,600","2,16",Black,14.286,40
G.Skill Ripjaws S5 32 GB,,"55,600","2,16",Black,14.286,40
G.Skill Ripjaws S5 64 GB,,"56,000","2,32",Black,10,30
ADATA XPG GAMMIX D20 16 GB,,"43,600","1,16",Black / Silver,10,18
ADATA XPG GAMMIX D20 16 GB,,"43,600","1,16",Black / Silver,10,18
ADATA XPG GAMMIX D20 16 GB,,"43,600","2,8",Black / Silver,10,18
ADATA XPG GAMMIX D20 16 GB,,"44,133","2,8",Black / Silver,9.194,19
ADATA XPG GAMMIX D20 16 GB,,"43,200","1,16",Gray / Silver,10,16
ADATA XPG GAMMIX D20 16 GB,,"43,200","2,8",Gray / Silver,10,16
ADATA XPG GAMMIX D20 16 GB,,"43,200","2,8",Gray / Silver,10,16
V-Color XSky RGB 32 GB,,"56,400","2,16",Silver,10,32
TEAMGROUP T-Force Xtreem ARGB 256 GB,,"43,200","8,32",Black,10,16
TEAMGROUP T-Force Xtreem ARGB 64 GB,,"43,600","8,8",Black,10,18
Lexar Hades RGB 8 GB,,"43,200","1,8",Black,11.25,18
Lexar Hades OC 8 GB,,"43,200","1,8",Gray / Black,11.25,18
Lexar Hades OC 16 GB,,"43,200","2,8",Gray / Black,11.25,18
Lexar Hades OC 8 GB,,"43,600","1,8",Gray / Black,10,18
Lexar Hades OC 16 GB,,"43,600","1,16",Gray / Black,10,18
Lexar Hades OC 16 GB,,"43,200","2,8",Gray / Black,11.25,18
Lexar Hades OC 16 GB,,"43,200","1,16",Gray / Black,11.25,18
Lexar Hades OC 16 GB,,"43,600","1,16",Gray / Black,10,18
TEAMGROUP T-Force Vulcan 32 GB,,"55,200","2,16",Red,14.615,38
TEAMGROUP T-Force Vulcan 16 GB,,"55,200","2,8",Red,15.385,40
V-Color Prism Pro 32 GB,,"44,266","2,16",Gold,8.908,19
V-Color SKYWALKER PLUS 64 GB,,"43,600","2,32",Silver,10,18
V-Color SKYWALKER PLUS 32 GB,,"44,266","2,16",Gold,8.908,19
TEAMGROUP T-Force Delta RGB 32 GB,,"43,200","1,32",Black,10,16
TEAMGROUP T-Force Delta RGB 16 GB,,"44,000","2,8",Black,8,16
TEAMGROUP T-Force Delta RGB 16 GB,,"44,000","2,8",Black,10,20
TEAMGROUP T-Force Delta RGB 16 GB,,"44,000","2,8",White,10,20
TEAMGROUP T-Force Dark Z 64 GB,,"43,600","2,32",Red,10,18
TEAMGROUP Elite 8 GB,,"42,133","1,8",Black,14.065,15
TEAMGROUP Elite 64 GB,,"42,400","2,32",Black,13.333,16
TEAMGROUP Elite 8 GB,,"42,400","2,4",Black,13.333,16
TEAMGROUP T-Force Xtreem ARGB 16 GB,,"45,333","2,8",White,8.251,22
ADATA XPG GAMMIX D45 8 GB,,"43,200","1,8",White,10,16
ADATA XPG GAMMIX D45 16 GB,,"43,600","1,16",Black,10,18
ADATA XPG GAMMIX D45 32 GB,,"43,200","1,32",Black,10,16
ADATA XPG SPECTRIX D50 16 GB,,"43,000","2,8",Black,10.667,16
ADATA XPG SPECTRIX D50 16 GB,,"43,600","2,8",Black,10,18
ADATA XPG SPECTRIX D50 8 GB,,"43,600","1,8",White,10,18
ADATA XPG SPECTRIX D50 16 GB,,"43,600","1,16",White,10,18
PNY XLR8 Gaming EPIC-X RGB 64 GB,,"43,200","4,16",Black,10,16
V-Color XSky RGB 32 GB,,"56,200","2,16",Black,11.613,36
Mushkin Redline Lumina 32 GB,115.99,"42,666","2,16",White,12.003,16
Mushkin Redline Lumina 64 GB,,"43,200","2,32",White,8.75,14
Mushkin Redline Lumina 16 GB,,"43,200","2,8",White,8.75,14
Mushkin Redline Lumina 16 GB,,"42,800","2,8",Black,12.143,17
Mushkin Redline 64 GB,,"42,400","2,32",White,12.5,15
Mushkin Redline 32 GB,,"43,600","2,16",White,7.778,14
Mushkin Redline 16 GB,,"43,600","2,8",White,10,18
Mushkin Redline 16 GB,,"43,200","2,8",Black,10,16
Mushkin Redline 64 GB,,"43,200","2,32",Black,10,16
Mushkin Redline 32 GB,,"43,200","2,16",Black,8.75,14
Mushkin Redline 32 GB,159.5,"42,800","2,16",Black,12.143,17
Mushkin Redline 64 GB,,"42,666","2,32",Black,12.003,16
Mushkin Redline Lumina 16 GB,92.99,"44,000","2,8",Black,9,18
Mushkin Redline 16 GB,,"43,600","2,8",Black,7.778,14
Mushkin Redline 32 GB,154.5,"44,000","2,16",Black,9,18
Mushkin Redline 32 GB,260.45,"42,800","2,16",Red,12.143,17
Mushkin Blackline 16 GB,,"42,400","1,16",Black,12.5,15
Mushkin Silverline 8 GB,102.53,"42,133","1,8",Silver,14.065,15
Mushkin Silverline 8 GB,74.76,"42,133","2,4",Silver,14.065,15
G.Skill Trident Z 64 GB,,"55,600","2,32",White / Black,10.714,30
G.Skill Trident Z 32 GB,,"56,000","2,16",White / Black,12,36
G.Skill Trident Z 32 GB,,"55,600","2,16",Black,14.286,40
G.Skill Trident Z 32 GB,,"56,000","2,16",Black,12,36
G.Skill Ripjaws V 128 GB,,"42,400","8,16",Red,12.5,15
G.Skill Ripjaws V 16 GB,,"44,266","2,8",Red,7.501,16
G.Skill Ripjaws V 128 GB,,"43,000","8,16",Red,10.667,16
G.Skill Sniper X 64 GB,,"43,000","4,16",Black / White,10.667,16
G.Skill Sniper X 64 GB,,"43,600","4,16",Black / White,10.556,19
G.Skill Sniper X 16 GB,,"43,600","1,16",Black / White,10.556,19
G.Skill Trident Z Royal 32 GB,,"43,600","2,16",Gold,7.778,14
G.Skill Trident Z Royal 128 GB,,"43,600","8,16",Gold,7.778,14
G.Skill Trident Z Royal 32 GB,,"44,000","2,16",Gold,8,16
G.Skill Trident Z Royal 32 GB,,"44,000","4,8",Silver,8.5,17
G.Skill Trident Z Royal Elite 64 GB,,"43,600","4,16",Gold,7.778,14
G.Skill Trident Z Royal Elite 128 GB,,"43,600","8,16",Silver,7.778,14
G.Skill Trident Z Royal Elite 32 GB,,"43,600","4,8",Silver,8.889,16
G.Skill Trident Z RGB 64 GB,,"43,200","4,16",,9.375,15
G.Skill Trident Z RGB 128 GB,,"43,600","8,16",,7.778,14
G.Skill Trident Z RGB 64 GB,799,"43,600","8,8",,8.889,16
G.Skill F4-3200C15D-16GTZKO 16 GB,,"43,200","2,8",Black / Orange,9.375,15
G.Skill F4-3200C15D-16GTZKY 16 GB,,"43,200","2,8",Black / Yellow,9.375,15
G.Skill F4-3200C16Q-64GTZ 64 GB,,"43,200","4,16",Silver / Red,10,16
G.Skill F4-3200C16Q-64GTZSK 64 GB,399,"43,200","4,16",Gray / Black,10,16
G.Skill F4-4133C19Q-32GTZKKF 32 GB,,"44,133","4,8",Black,9.194,19
G.Skill Ripjaws S5 32 GB,,"55,200","2,16",White,15.385,40
G.Skill Ripjaws S5 32 GB,,"55,200","2,16",White,15.385,40
G.Skill Flare X 128 GB,,"42,933","8,16",Black,9.547,14
TEAMGROUP Elite Plus 16 GB,,"54,800","1,16",Silver,16.667,40
TEAMGROUP Elite Plus 32 GB,,"55,600","2,16",Silver,14.286,40
TEAMGROUP Elite Plus 32 GB,,"56,000","2,16",Silver,13.333,40
Acer UD100 8 GB,,"42,666","1,8",Black,14.254,19
Acer Predator Vesta RGB 32 GB,,"43,600","2,16",Silver,7.778,14
Patriot Viper 4 Blackout 16 GB,,"44,133","2,8",Black,8.71,18
Patriot Viper 4 Blackout 64 GB,,"43,000","2,32",Black,10.667,16
Patriot Viper Elite 32 GB,,"42,666","1,32",Black / Silver,12.003,16
Silicon Power XPOWER Zenith Gaming 32 GB,,"43,600","2,16",Black,10,18
Silicon Power XPOWER Zenith RGB Gaming 16 GB,,"55,200","2,8",Black,14.615,38
Silicon Power XPOWER Zenith RGB Gaming 64 GB,,"55,200","2,32",White,14.615,38
Silicon Power XPOWER Zenith Gaming 16 GB,,"55,200","2,8",White,14.615,38
Silicon Power XPOWER Zenith Gaming 32 GB,,"55,200","1,32",Black,14.615,38
Silicon Power XPOWER AirCool 32 GB,,"42,666","2,16",,12.003,16
Silicon Power XPOWER Turbine 8 GB,,"42,666","1,8",Blue / Black,12.003,16
Silicon Power XPOWER Turbine 32 GB,,"43,000","2,16",Blue / Black,10.667,16
Silicon Power SP008GBLFU240N21 8 GB,,"42,400","2,4",,14.167,17
Silicon Power SP016GBLFU213B22 16 GB,,"42,133","2,8",,14.065,15
Silicon Power SP016GBLFU240F02 16 GB,,"42,400","1,16",,14.167,17
Silicon Power SP016GBLFU240X22 16 GB,,"42,400","2,8",,14.167,17
Silicon Power SP016GBLFU320F02 16 GB,,"43,200","1,16",,13.75,22
Silicon Power SP032GBLFU213X22 32 GB,,"42,133","2,16",,14.065,15
Silicon Power SP064GBLFU320F22 64 GB,,"43,200","2,32",,13.75,22
Silicon Power SP064GBLFU320X22 64 GB,,"43,200","2,32",,13.75,22
Silicon Power SP016GBLVU480G22 16 GB,,"54,800","2,8",,16.667,40
TEAMGROUP T-Force Vulcan 32 GB,,"55,200","1,32",Black,15.385,40
TEAMGROUP T-Force Vulcan 16 GB,,"55,600","1,16",Black,11.429,32
TEAMGROUP T-Force Vulcan 16 GB,,"55,600","1,16",Red,11.429,32
TEAMGROUP Night Hawk RGB Gen 2 16 GB,,"43,200","2,8",White,10,16
TEAMGROUP Night Hawk RGB Gen 2 64 GB,,"43,200","2,32",White,10,16
TEAMGROUP Night Hawk RGB Gen 2 16 GB,,"43,600","2,8",White,10,18
TEAMGROUP Night Hawk RGB Gen 2 16 GB,,"44,000","2,8",White,9,18
Samsung M393B1G73BH0-CK0 8 GB,,"31,600","1,8",Green / Black,13.75,11
Silicon Power SP032GBLFU240BD2 32 GB,,"42,400","2,16",Gray,14.167,17
Mushkin Redline 32 GB,,"55,200","2,16",Black,13.846,36
Timetec PINNACLE Konduit RGB 32 GB,,"43,600","2,16",White,10,18
Neo Forza FAYE 64 GB,,"43,600","2,32",Black / Silver,10,18
Neo Forza FAYE 16 GB,,"45,000","2,8",Black / Silver,7.6,19
Neo Forza MARS 32 GB,,"43,600","2,16",Gray / Black,10,18
Neo Forza MARS 64 GB,,"44,000","2,32",Gray / Black,9.5,19
Neo Forza MARS 16 GB,,"44,400","2,8",Gray / Black,8.636,19
Neo Forza MARS 32 GB,,"44,400","2,16",Gray / Black,8.636,19
TEAMGROUP Elite Plus 32 GB,,"55,200","2,16",Silver,16.154,42
TEAMGROUP Elite Plus 32 GB,,"55,200","1,32",Silver,16.154,42
OLOy Blade RGB 32 GB,,"56,200","2,16",Black,12.903,40
OLOy Blade RGB 32 GB,,"56,800","2,16",Black,11.765,40
GeIL Polaris 32 GB,,"55,200","2,16",White,13.077,34
GeIL Polaris 32 GB,,"55,200","2,16",Black,13.077,34
TEAMGROUP T-Force Zeus 32 GB,,"43,200","2,16",Red / Black,10,16
Corsair Dominator Platinum RGB 64 GB,,"55,200","2,32",Black,15.385,40
PROXMEM SPEAR 32 GB,,"55,200","2,16",Black / Silver,15.385,40
PROXMEM KERBEROS 32 GB,,"43,600","2,16",Black / Silver,7.778,14
PROXMEM KERBEROS 32 GB,,"55,200","2,16",Black / Silver,15.385,40
TEAMGROUP Elite 32 GB,,"55,200","2,16",Black,16.154,42
Timetec PINNACLE 16 GB,,"43,600","2,8",White / Silver,10,18
Timetec PINNACLE Konduit RGB 64 GB,,"43,200","2,32",Black,10,16
Timetec PINNACLE Konduit 16 GB,,"43,600","1,16",Black,10,18
Timetec PINNACLE Konduit RGB 16 GB,,"43,600","2,8",Black,10,18
PROXMEM KERBEROS TUF 32 GB,,"56,800","2,16",Black / Silver,10,34
PROXMEM KERBEROS TUF 32 GB,,"56,000","2,16",Black / Silver,10,30
PROXMEM KERBEROS TUF 32 GB,,"55,600","2,16",Black / Silver,10,28
Thermaltake TOUGHRAM RC 32 GB,,"54,800","2,16",Black,16.667,40
Thermaltake TOUGHRAM RC 32 GB,,"55,200","2,16",Black,14.615,38
ADATA XPG CASTER RGB 16 GB,,"56,000","1,16",Black / Silver,10,30
ADATA XPG CASTER RGB 16 GB,,"56,400","1,16",Black / Silver,10,32
TEAMGROUP T-Force Vulcan alpha 16 GB,,"56,000","1,16",Black,12.667,38
TEAMGROUP T-Force Vulcan alpha 16 GB,,"55,200","2,8",Red,14.615,38
Crucial CT2K4G4DFS6266 8 GB,,"42,666","2,4",Green,14.254,19
Mushkin Enhanced Redline Stiletto 32 GB,,"44,000","2,16",Black,9,18
Kingston FURY Beast 32 GB,,"43,600","2,16",Black / Silver,10,18
Kingston FURY Beast 32 GB,,"43,200","2,16",Black / Silver,10,16
OLOy Blade RGB 32 GB,,"44,000","2,16",Black / Silver,9,18
OLOy Blade RGB 32 GB,,"44,600","2,16",Black / Silver,8.261,19
OLOy Blade RGB 16 GB,,"43,600","2,8",White,10,18
OLOy Blade RGB 16 GB,,"43,200","2,8",Black,10,16
OLOy Blade RGB 16 GB,,"44,000","2,8",Silver,9,18
OLOy Blade RGB 64 GB,,"43,200","2,32",Black / Silver,10,16
OLOy Blade RGB 32 GB,,"43,200","2,16",Black,10,16
Silicon Power XPOWER Zenith Gaming 64 GB,,"56,000","2,32",White,13.333,40
Silicon Power XPOWER Zenith Gaming 16 GB,,"56,000","1,16",White,13.333,40
GeIL ORION V RGB 32 GB,,"57,200","2,16",Black,10,36
GeIL ORION V RGB 32 GB,,"58,000","2,16",Black,9.5,38
GeIL ORION V RGB 16 GB,,"58,000","1,16",Black,9.5,38
GeIL ORION V 32 GB,,"55,200","2,16",Red,13.077,34
GeIL ORION V 32 GB,,"56,400","2,16",Black,11.875,38
GeIL ORION V 32 GB,,"57,600","2,16",Black,9.474,36
GeIL ORION V 16 GB,,"58,000","1,16",Black,9.5,38
GeIL ORION V 16 GB,,"58,000","1,16",Red,9.5,38
GeIL ORION V RGB AMD 32 GB,,"55,200","2,16",Black,16.154,42
GeIL ORION V RGB AMD 32 GB,,"56,000","2,16",Black,12.667,38
GeIL ORION V AMD 16 GB,,"55,200","1,16",Black,16.154,42
TEAMGROUP Elite Plus 16 GB,,"42,400","1,16",Black / Gold,13.333,16
TEAMGROUP Elite Plus 4 GB,,"42,400","1,4",Black / Gold,13.333,16
TEAMGROUP Elite Plus 16 GB,,"43,200","1,16",Black / Gold,13.75,22
TEAMGROUP Elite Plus 16 GB,,"43,200","2,8",Black / Gold,13.75,22
TEAMGROUP TPRD416G3200HC2201 16 GB,,"43,200","1,16",Red / Black,13.75,22
TEAMGROUP Elite Plus 32 GB,,"43,200","1,32",Red / Black,13.75,22
TEAMGROUP Elite Plus 8 GB,,"43,200","1,8",Red / Black,13.75,22
TEAMGROUP Elite Plus 16 GB,,"42,133","2,8",Red / Black,14.065,15
TEAMGROUP Elite Plus 16 GB,,"43,200","2,8",Red / Black,13.75,22
TEAMGROUP T-Force Delta TUF Gaming Alliance RGB 16 GB,,"56,400","1,16",Black,12.5,40
GeIL EVO V RGB 64 GB,,"54,800","2,32",Black,16.667,40
GeIL EVO V RGB 64 GB,,"55,200","2,32",White,13.077,34
GeIL EVO V RGB 64 GB,,"55,600","2,32",Black,16.429,46
GeIL EVO V RGB 96 GB,,"56,800","2,48",White,10.588,36
GeIL EVO V RGB 48 GB,,"57,200","2,24",White,10,36
GeIL EVO V RGB 24 GB,,"57,200","1,24",White,10,36
GeIL EVO V RGB 24 GB,,"57,200","1,24",Black,10,36
GeIL EVO V RGB 16 GB,,"57,600","1,16",White,9.474,36
GeIL EVO V RGB 48 GB,,"58,000","2,24",White,10,40
GeIL EVO V RGB 48 GB,,"58,200","2,24",White,9.756,40
GeIL EVO V RGB 48 GB,,"58,200","2,24",Black,9.756,40
GOODRAM IRDM PRO 8 GB,,"43,600","1,8",White,9.444,17
Apacer Panther RGB 32 GB,,"55,600","2,16",Silver / Black,14.286,40
Apacer Panther 32 GB,,"55,600","2,16",Silver / Black,14.286,40
Apacer Panther 32 GB,,"56,000","2,16",Silver / Black,13.333,40
Silicon Power SP032GXLWU600FDEAE 32 GB,,"56,000","2,16",Black,13.333,40
ADATA XPG Lancer Blade RGB 32 GB,,"56,000","1,32",White,10,30
ADATA XPG Lancer Blade RGB 32 GB,,"56,400","1,32",White,10,32
TEAMGROUP T-Force Vulcan 32 GB,,"56,000","1,32",Black,12.667,38
TEAMGROUP T-Force Vulcan 16 GB,,"57,000","1,16",Black,9.143,32
TEAMGROUP T-Force Vulcan 16 GB,,"56,400","1,16",Black,9.375,30
TEAMGROUP T-Force Vulcan 16 GB,,"56,000","1,16",Red,9.333,28
TEAMGROUP T-Force Vulcan 16 GB,,"57,000","1,16",Red,9.143,32
TEAMGROUP T-Force Vulcan 16 GB,,"55,200","2,8",Red,15.385,40
TEAMGROUP T-Force Vulcan 32 GB,,"57,000","2,16",Red,9.143,32
Lexar THOR OC 32 GB,,"55,600","2,16",Black / Gold,12.857,36
Lexar Ares RGB 16 GB,,"43,600","2,8",White,10,18
Lexar LD4AS008G-R3200CSST 8 GB,,"43,200","1,8",Black,13.75,22
GeIL EVO X II AMD 4 GB,,"44,000","1,4",Black,9,18
GeIL EVO X II AMD 8 GB,,"43,200","1,8",Black,10,16
GeIL EVO X II AMD 8 GB,,"42,400","1,8",Black,15.833,19
GeIL EVO X II AMD 4 GB,,"42,400","1,4",Black,15.833,19
GeIL EVO X II AMD 8 GB,,"42,666","1,8",White,14.254,19
GeIL EVO X II AMD 16 GB,,"44,266","2,8",Black,8.439,18
GeIL EVO X II AMD 16 GB,,"44,000","8,2",Black,10,20
GeIL EVO X II AMD 16 GB,,"43,200","2,8",Black,13.75,22
GeIL EVO X II AMD 16 GB,,"42,400","2,8",Black,15.833,19
GeIL EVO X II AMD 16 GB,,"42,400","2,8",White,13.333,16
Silicon Power XPOWER Zenith RGB Gaming 16 GB,,"56,000","1,16",White,10,30
ADATA XPG GAMMIX D10 64 GB,,"43,200","2,32",Black,10,16
OLOy Blade RGB 32 GB,,"43,200","2,16",Black,10,16
OLOy OWL RGB 64 GB,,"43,600","2,32",Black,10,18
OLOy Blade 64 GB,,"43,600","2,32",Black,10,18
OLOy Blade 32 GB,,"44,000","2,16",Black,9,18
Mushkin Enhanced Redline 32 GB,,"44,000","2,16",Black,9,18
G.Skill Sniper 8 GB,,"31,333","2,4",Black,13.503,9
G.Skill Ripjaws S5 48 GB,,"56,400","2,24",Black,12.5,40
G.Skill Trident Z5 48 GB,,"56,400","2,24",Black,12.5,40
Silicon Power SP024GBSVU520P02 24 GB,,"55,200","1,24",Black,16.154,42
Silicon Power SP048GBLVU520P22 48 GB,,"55,200","2,24",Black,16.154,42
Silicon Power SP048GBLVU560P02 48 GB,,"55,600","1,48",Black,16.429,46
Silicon Power SP064GBLVU520F22 64 GB,,"55,200","2,32",Black,16.154,42
Silicon Power XPOWER Zenith Gaming 16 GB,,"56,000","1,16",Black,10,30
Silicon Power XPOWER Zenith Gaming 16 GB,,"56,800","1,16",White,11.765,40
Silicon Power XPOWER Zenith Gaming 32 GB,,"56,400","2,16",White,12.5,40
Mushkin Redline Pro 32 GB,,"55,600","2,16",Black,16.429,46
Mushkin Redline 32 GB,,"54,800","2,16",Black,16.667,40
Mushkin Redline 64 GB,,"55,200","2,32",Black,16.154,42
Mushkin Redline ST 8 GB,,"32,133","2,4",Black,9.376,10
Mushkin Redline Lumina White 32 GB,,"55,600","2,16",White,10,28
Mushkin Redline ST 64 GB,,"56,000","2,32",Black,12,36
Mushkin Redline 16 GB,,"43,200","2,8",Black,13.75,22
Mushkin Redline 96 GB,,"54,800","2,48",Black,16.667,40
Mushkin Redline 64 GB,,"55,600","2,32",Black,16.429,46
Mushkin MES4S266KF8GX2 16 GB,,"42,666","2,8",,14.254,19
YEYIAN Vetra 8 GB,,"42,666","1,8",Black,14.254,19
TEAMGROUP T-Force Vulcan Eco 32 GB,,"56,000","2,16",Silver,12.667,38
Acer Predator Pallas II 32 GB,,"56,000","2,16",Black,10.667,32
Acer Predator Pallas II 32 GB,,"56,000","2,16",Silver,10.667,32
Acer Predator Vesta II RGB 64 GB,,"56,400","2,32",Black,10,32
Acer Predator Vesta II RGB 32 GB,,"56,000","2,16",Black,11.333,34
Acer Predator Vesta II RGB 32 GB,,"56,000","2,16",Silver,10.667,32
Acer Predator Vesta II RGB 32 GB,,"56,000","2,16",Black,11.333,34
Acer Predator Vesta II RGB 32 GB,,"56,000","2,16",Black,11.333,34
Acer Predator Hermes RGB 48 GB,,"56,800","2,24",Silver,10.588,36
Acer Predator Hermes RGB 48 GB,,"57,200","2,24",White,10,36
Acer Predator Hermes RGB 64 GB,,"56,400","2,32",Silver,10,32
Acer Predator Hermes RGB 32 GB,,"56,400","2,16",Silver,10,32
Acer Predator Hermes RGB 32 GB,,"57,600","2,16",Black,9.474,36
Acer Predator Hermes RGB 32 GB,,"57,600","2,16",Silver,9.474,36
TEAMGROUP T-Create Classic 32 GB,,"55,600","2,16",Black,16.429,46
TEAMGROUP T-Create Classic 16 GB,91.99,"55,600","1,16",Black,16.429,46
TEAMGROUP T-Create Master 128 GB,,"56,800","8,16",Black,10,34
TEAMGROUP T-Create Master 64 GB,,"56,800","4,16",Black,10,34
V-Color TRA516G56S836Q 64 GB,379.99,"55,600","4,16",White,12.857,36
V-Color TRA516G72S834Q 64 GB,759.99,"57,200","4,16",White,9.444,34
V-Color TRA524G56S836Q 96 GB,679.99,"55,600","4,24",White,12.857,36
V-Color TRA524G64S832Q 96 GB,799.99,"56,400","4,24",White,10,32
V-Color TRA524G70S834R3Q 96 GB,939.99,"57,000","4,24",White,9.714,34
V-Color TRA532G56S436Q 128 GB,623.99,"55,600","4,32",White,12.857,36
V-Color TRA532G62D832Q 128 GB,1039.99,"56,200","4,32",White,10.323,32
Corsair WS 64 GB,449.99,"55,600","4,16",Black / Green,14.286,40
Kingston FURY Renegade Pro 16 GB,137.88,"56,800","1,16",Black,10,34
Kingston FURY Renegade Pro 32 GB,190.99,"56,400","1,32",Black,10,32
Kingston FURY Renegade Pro 64 GB,453.7,"56,400","4,16",Black,10,32
Kingston FURY Renegade Pro 128 GB,837.35,"56,000","8,16",Black,10.667,32
Kingston FURY Renegade Pro 128 GB,908.49,"56,400","8,16",Black,10,32
V-Color TRA516G66S834O 128 GB,997.99,"56,600","8,16",Black,10.303,34
V-Color TRA524G68S834O 192 GB,1879.99,"56,800","8,24",Black,10,34
V-Color TRA532G62D832O 256 GB,2239.98,"56,200","8,32",Black,10.968,34
V-Color TRA532G64D832O 256 GB,2319.98,"56,400","8,32",Black,10,32
Mushkin Essentials 16 GB,,"42,666","1,16",Green / Black,14.254,19
G.Skill Ripjaws 16 GB,33.74,"31,600","2,8",,13.75,11
Crucial CT2K16G4VFD4213 32 GB,,"42,133","2,16",Black / Green,14.065,15
Mushkin Proline 16 GB,60.99,"43,200","1,16",,13.75,22
Kingston FURY Impact 16 GB,43.98,"42,666","1,16",Black,11.253,15
Mushkin Essentials 16 GB,36.99,"31,333","2,8",Green,13.503,9
Samsung M393B2G70DB0-CK0 16 GB,28.58,"31,600","1,16",Black / Green,13.75,11
Kingston ValueRAM 16 GB,29.99,"31,600","1,16",Green,13.75,11
G.Skill Ripjaws 8 GB,25.93,"42,400","2,4",Black,13.333,16
G.Skill Ripjaws 16 GB,49.48,"43,000","2,8",Black / Blue,10.667,16
Corsair Vengeance Performance 8 GB,29.99,"42,400","1,8",Black / Yellow,13.333,16
Crucial CT32G4RFD4213 32 GB,59.8,"42,133","1,32",Green / Black,14.065,15
Crucial Ballistix Sport LT 64 GB,,"43,200","4,16",Red / Black,10,16
Kingston Server Premier 16 GB,63.63,"43,200","1,16",,13.75,22
Patriot Signature Line 16 GB,33.99,"42,666","1,16",,14.254,19
Kingston FURY Impact 8 GB,26.55,"42,666","1,8",Black,11.253,15
Crucial CT51264BC1067 4 GB,19.95,"31,066","1,4",Green,13.133,7
Mushkin Essentials 4 GB,13.13,"31,066","1,4",Green,13.133,7
Crucial CT2KIT51264BF160B 8 GB,,"31,600","2,4",Green,13.75,11
G.Skill F3-1600C11S-8GSL 8 GB,,"31,600","1,8",,13.75,11
Crucial CT51264BF186DJ 4 GB,16.48,"31,866","1,4",Black / Green,13.934,13
Crucial CT2KIT102464BF186D 16 GB,39,"31,866","2,8",Black / Green,13.934,13
G.Skill Ripjaws 8 GB,22.08,"42,133","1,8",Black / Blue,14.065,15
Mushkin Essentials 16 GB,236.99,"31,600","1,16",Black / Blue,13.75,11
Mushkin Essentials 16 GB,235.99,"31,866","1,16",Black / Blue,13.934,13
G.Skill Ripjaws 16 GB,38.4,"42,133","1,16",Black,14.065,15
Kingston ValueRAM 8 GB,71.68,"42,400","1,8",Green / Black,14.167,17
Kingston KVR26S19S8/8 8 GB,20.38,"42,666","1,8",Green / Black,14.254,19
Crucial Ballistix Sport LT 64 GB,,"43,000","4,16",Silver / Black,10,15
G.Skill Trident Z Royal 64 GB,,"42,666","2,32",Gold,14.254,19
Mushkin Redline Lumina 16 GB,56.26,"42,666","2,8",Black,12.003,16
Silicon Power SP008GBSFU240B02 8 GB,50.26,"42,400","1,8",,14.167,17
TEAMGROUP T-Force Zeus 64 GB,,"43,200","2,32",Red / Black,13.75,22
Mushkin MES4S240HF16G 16 GB,43.99,"42,400","1,16",,14.167,17
V-Color TRA532G68D834Q 128 GB,1299.99,"56,800","4,32",White,10,34
Crucial CT51264BA1339 4 GB,19.93,"31,333","1,4",Black / Green,13.503,9
G.Skill F3-10666CL9D-8GBSQ 8 GB,21.55,"31,333","2,4",Green,13.503,9
GeIL GS34GB1066C7SC 4 GB,17.38,"31,066","1,4",Green,13.133,7
Mushkin Essentials 8 GB,191.99,"2,667","2,4",Green,14.993,5
Patriot Signature 4 GB,9.99,"31,333","1,4",Blue,13.503,9
Crucial CT2KIT51264BF1339 8 GB,32.59,"31,333","2,4",Green,13.503,9
Crucial CT25664BF1339 2 GB,12.99,"31,333","1,2",Green,13.503,9
G.Skill Ares 16 GB,57.46,"31,600","4,4",Black / Orange,11.25,9
Patriot Signature 8 GB,43.68,"31,600","1,8",Green,13.75,11
Mushkin Essentials 16 GB,,"31,600","2,8",Green,13.75,11
Kingston KVR16S11S8/4 4 GB,18.97,"31,600","1,4",,13.75,11
Crucial Ballistix Sport 8 GB,59.9,"31,600","2,4",,11.25,9
G.Skill F3-1600C9D-8GSL 8 GB,21.63,"31,600","2,4",Green,11.25,9
G.Skill Ripjaws 8 GB,19.19,"31,600","1,8",,13.75,11
G.Skill Aegis 8 GB,,"31,333","1,8",,13.503,9
Kingston KVR16R11D4/16 16 GB,,"31,600","1,16",Black / Blue,13.75,11
Crucial CT16G3R186DM 16 GB,42.99,"31,866","1,16",Black / Green,13.934,13
G.Skill FA-10666CL9D-8GBSQ 8 GB,,"31,333","2,4",Black / Green,13.503,9
Crucial CT2KIT12864BA160B 2 GB,,"31,600","2,1",Black / Green,13.75,11
Crucial CT16G3ERSLD41339 16 GB,28.99,"31,333","1,16",Green,13.503,9
Crucial CT32G3ERSLQ41339 32 GB,,"31,333","1,32",Black,13.503,9
Crucial CT8G3ERSLQ81067 8 GB,48.99,"31,066","1,8",Green,13.133,7
Kingston KVR13LR9D4/16 16 GB,72.98,"31,333","1,16",Green,13.503,9
Kingston KVR13LSE9/8 8 GB,120,"31,333","1,8",Green,13.503,9
Mushkin Proline 16 GB,31.92,"31,600","1,16",Green,13.75,11
Kingston HX318LS11IBK2/16 16 GB,,"31,866","2,8",Black / White,11.79,11
Crucial CT2K51264BD160BJ 8 GB,25,"31,600","2,4",Black / Green,13.75,11
G.Skill Ripjaws 16 GB,40.14,"42,133","2,8",Black / Blue,14.065,15
Corsair ValueSelect 32 GB,,"42,133","2,16",Black,14.065,15
Crucial CT4K16G4DFD8213 64 GB,299.95,"42,133","4,16",Black / Green,14.065,15
G.Skill Trident Z 64 GB,478,"43,200","8,8",Silver / White,8.75,14
Kingston ValueRAM 8 GB,,"42,133","1,8",Green / Black,14.065,15
G.Skill Ripjaws 32 GB,163.4,"43,000","2,16",Black / Blue,10.667,16
Kingston KTH-PL426D8/16G 16 GB,53.49,"42,666","1,16",Green / Black,14.254,19
Mushkin Essentials 32 GB,91.72,"42,400","2,16",Green / Black,14.167,17
Crucial CT102464BF186D 8 GB,19,"31,866","1,8",Green / Black,13.934,13
Crucial CT16G3ERVLD4160B 16 GB,38.99,"31,333","1,16",Green / Black,16.504,11
Kingston ValueRAM 16 GB,49.99,"42,400","1,16",Green / Black,14.167,17
Kingston KTH-PL426S8/8G 8 GB,37.22,"42,666","1,8",Green / Black,14.254,19
Corsair CMSX4GX4M1A2400C16 4 GB,17.95,"42,400","1,4",Black,13.333,16
Kingston KCP426SS8/8 8 GB,29.32,"42,666","1,8",Green / Black,12.753,17
G.Skill Trident Z Royal 32 GB,,"43,200","2,16",Gold,8.75,14
G.Skill Trident Z Royal 32 GB,,"44,000","4,8",Gold,7.5,15
Kingston FURY Renegade 16 GB,,"42,666","1,16",Black,9.752,13
G.Skill Trident Z5 RGB 32 GB,,"55,200","2,16",White / Black,15.385,40
Kingston Server Premier 16 GB,64.18,"42,666","1,16",,14.254,19
Kingston Server Premier 16 GB,,"43,200","1,16",,13.75,22
Kingston ValueRAM 16 GB,39.9,"43,200","1,16",,13.75,22
Mushkin Redline 64 GB,261.5,"43,600","2,32",Black,10,18
Mushkin Redline 16 GB,61.26,"31,600","2,8",Black,11.25,9
Mushkin Redline 32 GB,100.01,"42,666","2,16",,14.254,19
Mushkin Redline 32 GB,270,"42,666","2,16",Red,12.003,16
G.Skill Sniper X 32 GB,270.36,"43,200","2,16",Black / White,10,16
Silicon Power XPOWER Zenith Gaming 32 GB,,"55,600","2,16",White,14.286,40
Silicon Power SP032GBSFU266X22 32 GB,,"42,666","2,16",,14.254,19
TEAMGROUP Elite 16 GB,,"42,400","1,16",Black,13.333,16
TEAMGROUP TPD416G3200HC2201 16 GB,,"43,200","1,16",Black / Gold,13.75,22
Mushkin Proline 16 GB,35.94,"31,866","1,16",,13.934,13
Mushkin Redline 32 GB,,"55,600","2,16",Black,16.429,46
TEAMGROUP T-Create Classic 16 GB,56.33,"55,600","1,16",Black,16.429,46
V-Color TRA516G60S832Q 64 GB,399.99,"56,000","4,16",White,10.667,32
Kingston FURY Renegade Pro 128 GB,918.07,"56,000","8,16",Black,10.667,32
Crucial CT25664BC1067 2 GB,,"31,066","1,2",Green,13.133,7
Corsair Dominator GT 6 GB,,"31,600","3,2",Black / Red,8.75,7
Corsair XMS3 3 GB,,"31,333","3,1",Black / White,13.503,9
Crucial Ballistix Tracer 1 GB,,"2,800","1,1",Black,10,4
Corsair Dominator 4 GB,,"31,600","2,2",Black / Blue,10,8
Corsair Dominator GT 4 GB,,"31,600","2,2",Black / Red,8.75,7
Corsair Dominator GT 4 GB,,"31,600","2,2",Black / Red,8.75,7
Corsair Dominator 6 GB,,"31,600","3,2",Black / Blue,8.75,7
Corsair XMS3 12 GB,,"31,333","6,2",Black / White,13.503,9
Corsair VS1GB533D2 1 GB,,"2,533","1,1",Green,15.009,4
Corsair XMS3 6 GB,,"31,600","3,2",Black / Blue,10,8
Corsair Dominator 2 GB,,"31,600","2,1",Black / Blue,11.25,9
Corsair Dominator 2 GB,,"21,066","2,1",Black / Blue,9.381,5
Corsair XMS3 2 GB,,"31,333","2,1",Black / White,13.503,9
Corsair XMS3 2 GB,,"31,333","2,1",Black / White,13.503,9
Corsair VS2GBKIT533D2 2 GB,,"2,533","2,1",Green,15.009,4
Corsair VS2GBKIT667D2 2 GB,,"2,667","2,1",Green,14.993,5
Corsair VS4GBKIT667D2 4 GB,,"2,667","2,2",Green,14.993,5
Crucial CT12864AC800 1 GB,19.98,"2,800","1,1",Green,15,6
Crucial CT12864BA1339 1 GB,,"31,333","1,1",Green,13.503,9
Crucial CT25664AA1067 2 GB,,"21,066","1,2",Green,13.133,7
Crucial CT25664AA800 2 GB,,"2,800","1,2",Green,15,6
Crucial CT25672AB667S 2 GB,,"2,667","1,2",Green,14.993,5
Crucial CT2CP25672AF667 4 GB,,"2,667","2,2",Green,14.993,5
Crucial CT2CP25672BA1067 4 GB,,"31,066","2,2",Green,13.133,7
Crucial CT2KIT12864BA1339 2 GB,,"31,333","2,1",Green,13.503,9
Crucial CT2KIT25664BA1339 4 GB,27.99,"31,333","2,2",Green,13.503,9
Crucial CT2KIT25664BC1067 4 GB,,"31,066","2,2",Green,13.133,7
Crucial CT3KIT12864BA1339 3 GB,,"31,333","3,1",Green,13.503,9
Crucial CT3KIT25664BA1339 6 GB,,"31,333","3,2",Green,13.503,9
Kingston HyperX 2 GB,,"2,800","2,1",Blue / White,10,4
Corsair Dominator 4 GB,,"31,600","2,2",Black / Blue,11.25,9
Corsair Dominator GT 6 GB,,"31,866","3,2",Black / Red,9.646,9
Corsair Dominator 6 GB,,"31,800","3,2",Black / Blue,10,9
Kingston ValueRAM 4 GB,,"31,066","2,2",Green,13.133,7
Kingston ValueRAM 6 GB,,"31,333","3,2",Green,13.503,9
Crucial CT25672AA667 2 GB,,"2,667","1,2",Green,14.993,5
Crucial CT2KIT12872AF66 2 GB,,"2,667","2,1",Green,14.993,5
Kingston ValueRAM 1 GB,,"2,533","1,1",Green,15.009,4
Kingston ValueRAM 1 GB,20.95,"2,533","1,1",Green,15.009,4
Kingston ValueRAM 2 GB,,"2,533","2,1",Green,15.009,4
Kingston ValueRAM 2 GB,32.4,"2,533","1,2",Green,15.009,4
Patriot Extreme Performance 2 GB,,"2,800","2,1",Black / Silver,10,4
Patriot Sector 5 4 GB,,"31,333","2,2",Black / Red,13.503,9
Patriot Signature 1 GB,,"2,667","1,1",Green,14.993,5
Patriot PSD21G8002 1 GB,,"2,800","1,1",Green,12.5,5
Patriot PSD22G6672 2 GB,,"2,667","1,2",Green,14.993,5
Patriot Viper 4 GB,,"2,800","2,2",Black / Silver,10,4
Patriot Viper 4 GB,,"21,066","2,2",Black / Silver,9.381,5
Patriot Viper 6 GB,,"31,333","3,2",Black / Blue,10.503,7
Patriot Viper 6 GB,,"31,600","3,2",Black / Blue,11.25,9
Patriot Viper II Sector 5 4 GB,,"31,600","2,2",Black / Red,10,8
OCZ Gold 2 GB,,"2,800","2,1",Black / Yellow,12.5,5
OCZ Platinum Revision 2 2 GB,,"2,800","2,1",Black / Silver,10,4
OCZ Reaper HPC 4 GB,,"21,066","2,2",Black / Silver,9.381,5
OCZ Blade 6 GB,,"32,000","3,2",Black / Silver,9,9
OCZ Platinum 6 GB,,"31,333","3,2",Black / Silver,10.503,7
OCZ Platinum 2 GB,,"31,600","2,1",Silver,8.75,7
OCZ Platinum 6 GB,,"31,600","3,2",Silver,8.75,7
Kingston HyperX 2 GB,,"31,333","1,2",Blue / White,10.503,7
ADATA Gaming 6 GB,,"31,600","3,2",Black,11.25,9
ADATA XPG Gaming 8 GB,,"31,600","2,4",Black,11.25,9
G.Skill Ripjaws 12 GB,,"31,600","3,4",Black / Red,11.25,9
G.Skill Ripjaws 4 GB,,"31,600","2,2",Black / Blue,10,8
Corsair Dominator 4 GB,,"31,600","2,2",Black / Blue,10,8
Kingston HyperX 8 GB,,"31,600","4,2",Blue / White,10,8
Kingston HyperX 6 GB,,"31,600","3,2",Blue / White,8.75,7
Kingston HyperX 6 GB,,"31,600","3,2",Blue / White,10,8
Kingston HyperX 6 GB,,"31,600","3,2",Blue / White,11.25,9
Kingston HyperX 3 GB,,"31,600","3,1",Blue / White,11.25,9
Kingston HyperX 3 GB,,"31,600","3,1",Blue / White,10,8
Corsair XMS3 4 GB,,"31,600","2,2",Black / Blue,11.25,9
Corsair XMS3 4 GB,,"31,333","2,2",Black / Blue,13.503,9
Corsair XMS3 4 GB,,"31,600","2,2",Black / Blue,8.75,7
Corsair XMS3 6 GB,,"31,600","3,2",Black / Blue,11.25,9
Corsair XMS3 6 GB,,"31,600","3,2",Black / Blue,8.75,7
Corsair XMS3 6 GB,,"31,333","3,2",Black / Blue,10.503,7
Corsair XMS3 6 GB,,"31,600","3,2",Black / Blue,10,8
Corsair XMS3 2 GB,,"31,333","2,1",Black / Blue,13.503,9
Corsair XMS 6 GB,,"31,333","3,2",Black / Blue,12.003,8
Corsair XMS 6 GB,,"32,000","3,2",Black / Blue,9,9
Corsair XMS3 6 GB,,"31,333","3,2",Black / Blue,13.503,9
Corsair Dominator GT 4 GB,,"32,133","2,2",Black / Red,8.439,9
Crucial Ballistix 4 GB,,"31,600","2,2",Orange,10,8
Crucial Ballistix 4 GB,,"31,600","2,2",Orange,10,8
Corsair Dominator GT 16 GB,,"31,333","4,4",Black / Blue,13.503,9
Corsair Dominator GT 4 GB,,"31,866","2,2",Black / Red,9.646,9
Corsair Dominator GT 4 GB,,"32,000","2,2",Black / Red,8,8
Corsair Dominator GT 6 GB,,"32,000","3,2",Black / Red,8,8
Corsair Dominator GT 8 GB,,"32,000","2,4",Black / Red,9,9
Corsair Dominator GT 8 GB,,"31,866","4,2",Black / Red,9.646,9
Corsair CMV4GX3M2A1333C9 4 GB,,"31,333","2,2",Black / Silver,13.503,9
Corsair XMS3 4 GB,,"31,600","1,4",Black / Silver,8.75,7
ADATA Gaming 2 GB,,"31,600","1,2",Black / Silver,11.25,9
ADATA XPG Gaming Series v2.0 4 GB,,"31,600","2,2",Black / Green,11.25,9
ADATA XPG Gaming Series v2.0 6 GB,,"31,600","3,2",Black / Green,11.25,9
ADATA Plus 4 GB,,"31,600","2,2",Red / Silver,10,8
Crucial Ballistix 2 GB,,"31,600","1,2",Orange,10,8
Crucial Ballistix 2 GB,,"31,600","1,2",Black / Yellow,10,8
Crucial Ballistix Tracer 2 GB,,"31,600","1,2",Blue / Silver,10,8
Crucial Ballistix Tracer 2 GB,,"31,600","1,2",Black / Silver,10,8
Crucial Ballistix Tracer 2 GB,,"31,600","1,2",Red / Silver,10,8
Crucial Ballistix Tracer 2 GB,,"31,600","2,1",Green / Silver,10,8
Crucial Ballistix Tracer 4 GB,,"31,600","2,2",Blue / Silver,10,8
Crucial Ballistix Tracer 4 GB,,"31,600","2,2",Green / Silver,10,8
Crucial Ballistix Tracer 4 GB,,"31,600","2,2",Black / Silver,10,8
Crucial Ballistix Tracer 3 GB,,"31,600","3,1",Blue / Silver,10,8
Crucial Ballistix Tracer 3 GB,,"31,600","3,1",Red / Silver,10,8
Crucial Ballistix 6 GB,,"31,600","3,2",Orange / White,10,8
Crucial Ballistix Tracer 6 GB,,"31,600","3,2",Blue / Silver,10,8
Crucial Ballistix Tracer 6 GB,,"31,600","3,2",Green / Silver,10,8
Crucial Ballistix Tracer 6 GB,,"31,600","3,2",Black / Silver,10,8
Crucial Ballistix Tracer 6 GB,,"31,600","3,2",Red / Silver,10,8
G.Skill PI 4 GB,,"31,600","2,2",Black / Blue,7.5,6
G.Skill PI + Turbulence 12 GB,,"31,600","6,2",Black / Blue,7.5,6
G.Skill Ripjaws 4 GB,,"31,600","2,2",Black / Blue,8.75,7
G.Skill Ripjaws 8 GB,,"31,600","2,4",Black / Red,8.75,7
G.Skill Trident+ Turbulence II 8 GB,,"31,600","2,4",Black / Red,8.75,7
G.Skill ECO 8 GB,,"31,600","4,2",Black / Silver,8.75,7
G.Skill Ripjaws 8 GB,,"31,600","4,2",Black / Blue,8.75,7
G.Skill Trident+ Turbulence II 12 GB,,"31,600","3,4",Black / Red,8.75,7
G.Skill PI 6 GB,,"31,600","3,2",Black / Blue,8.75,7
G.Skill PI 12 GB,,"31,600","6,2",Black / Blue,8.75,7
G.Skill Trident+ Turbulence II 24 GB,,"31,600","6,4",Black / Red,8.75,7
G.Skill Trident 2 GB,,"31,600","2,1",Black / Red,10,8
G.Skill Trident 4 GB,,"31,600","2,2",Black / Red,10,8
G.Skill ECO 8 GB,,"31,600","4,2",Silver,10,8
G.Skill Ripjaws 8 GB,,"31,600","4,2",Black / Blue,10,8
G.Skill Ripjaws 6 GB,,"31,600","3,2",Black / Blue,10,8
G.Skill F3-12800CL8TU-6GBPI 6 GB,,"31,600","3,2",Black / Blue,10,8
G.Skill F3-12800CL9D-2GBNQ 2 GB,,"31,600","2,1",Red / Silver,11.25,9
G.Skill Ripjaws 8 GB,,"31,600","4,2",Black / Red,11.25,9
G.Skill F3-12800CL9T-3GBNQ 3 GB,,"31,600","3,1",Red / Silver,11.25,9
G.Skill F3-12800CL9T-6GBNQ 6 GB,,"31,600","3,2",Red / Silver,11.25,9
G.Skill F3-12800CL9T2-12GBNQ 12 GB,,"31,600","6,2",Red / Silver,11.25,9
GeIL Black Dragon 4 GB,,"31,600","2,2",Black / Gold,10,8
GeIL Black Dragon 4 GB,,"31,600","2,2",Black / Gold,11.25,9
GeIL Black Dragon 8 GB,,"31,600","4,2",Black / Gold,11.25,9
GeIL Value PLUS 4 GB,,"31,600","2,2",Black / Silver,11.25,9
GeIL Value PLUS 4 GB,,"31,600","1,4",Black / Silver,11.25,9
GeIL Value PLUS 6 GB,,"31,600","3,2",Black / Silver,10,8
GeIL Value PLUS 6 GB,,"31,600","3,2",Black / Silver,11.25,9
Kingston HyperX 4 GB,,"31,600","2,2",Blue / Silver,8.75,7
Kingston HyperX 4 GB,,"31,600","2,2",Blue,10,8
Kingston HyperX 1 GB,,"31,600","1,1",Blue / Silver,11.25,9
Kingston HyperX 2 GB,,"31,600","1,2",Blue / Silver,11.25,9
Kingston HyperX Blu 2 GB,,"31,600","1,2",Blue / Silver,11.25,9
Kingston HyperX Blu 2 GB,,"31,600","2,1",Blue / Silver,11.25,9
Kingston HyperX Blu 4 GB,,"31,600","2,2",Blue / Silver,11.25,9
Kingston HyperX 4 GB,,"31,600","2,2",Blue / Silver,11.25,9
Kingston HyperX T1 6 GB,,"31,600","3,2",Blue,11.25,9
PNY XLR8 4 GB,,"31,600","2,2",Black / Silver,10,8
PNY XLR8 6 GB,,"31,600","3,2",Black / Silver,10,8
Patriot G Series Sector 5 8 GB,,"31,600","2,4",Black / Red,11.25,9
Patriot Viper II Sector 7 Edition 12 GB,,"31,600","3,4",Black / Blue,11.25,9
Patriot Viper II Sector 7 Edition 24 GB,,"31,600","6,4",Black / Blue,11.25,9
Patriot Viper II Sector 7 Edition 6 GB,,"31,600","3,2",Black / Blue,11.25,9
Patriot Viper II Sector 7 Edition 6 GB,,"31,600","3,2",Black / Blue,10,8
Patriot Viper Xtreme 4 GB,,"31,600","2,2",Black / Silver,10,8
Patriot Viper Xtreme 8 GB,,"31,600","2,4",Black / Silver,10,8
Patriot Viper Xtreme 12 GB,,"31,600","3,4",Black / Silver,10,8
Patriot Viper Xtreme 6 GB,,"31,600","3,2",Black / Silver,10,8
OCZ AMD Black Edition 4 GB,,"31,600","2,2",Black / Silver,10,8
OCZ Blade SuperTuned 4 GB,,"31,600","2,2",Black / Red,8.75,7
OCZ Fatal1ty 4 GB,,"31,600","2,2",Black / Silver,8.75,7
OCZ Fatal1ty 6 GB,,"31,600","3,2",Black / Silver,8.75,7
Crucial Ballistix Tracer 4 GB,,"31,600","2,2",Red / Silver,10,8
G.Skill Ripjaws 12 GB,,"31,600","3,4",Black / Blue,10,8
GeIL Value PLUS 8 GB,,"31,600","2,4",Black / Silver,11.25,9
OCZ Flex II 4 GB,,"31,600","2,2",Black / Silver,10,8
OCZ Gold 4 GB,,"31,600","2,2",Black / Gold,10,8
OCZ Obsidian 6 GB,,"31,600","3,2",Black / Silver,11.25,9
OCZ Obsidian 4 GB,,"31,600","2,2",Black / Silver,11.25,9
OCZ Reaper 6 GB,,"31,600","3,2",Black / Silver,7.5,6
OCZ Reaper X 4 GB,,"31,600","2,2",Black / Silver,10,8
OCZ Reaper HPC R2 6 GB,,"31,600","3,2",Black / Silver,8.75,7
OCZ Reaper HPC R2 12 GB,,"31,600","6,2",Black / Silver,8.75,7
OCZ Platinum 4 GB,,"31,600","2,2",Silver,7.5,6
OCZ Platinum 6 GB,,"31,600","3,2",Silver,7.5,6
OCZ Platinum 4 GB,,"31,600","2,2",Silver,11.25,9
OCZ Platinum 6 GB,,"31,600","3,2",Silver,11.25,9
OCZ Signature 4 GB,,"31,600","2,2",Green / Silver,11.25,9
OCZ Special Ops Edition 4 GB,,"31,600","2,2",Camo,10,8
OCZ Signature 4 GB,,"31,600","2,2",Red / Silver,10,8
OCZ OCZ3X1600R2LV6GK 6 GB,,"31,600","3,2",Black / Silver,10,8
OCZ Platinum XTE 4 GB,,"31,600","2,2",Black / Silver,8.75,7
OCZ Platinum XTE 6 GB,,"31,600","3,2",Black / Silver,8.75,7
Wintec AMPX 4 GB,,"31,600","2,2",Black / Silver,10,8
Mushkin Blackline 4 GB,,"31,600","2,2",Black / Silver,10,8
Mushkin Blackline 8 GB,,"31,600","2,4",Black / Silver,11.25,9
Mushkin Blackline 4 GB,,"31,600","2,2",Black / Silver,11.25,9
Mushkin Blackline 4 GB,,"31,600","2,2",Black / Silver,8.75,7
Mushkin Ridgeback 4 GB,,"31,600","2,2",Black,7.5,6
Mushkin Silverline 4 GB,,"31,600","2,2",Black / Silver,8.75,7
Mushkin Radioactive 4 GB,,"31,600","2,2",Black / Yellow,7.5,6
Mushkin Redline 4 GB,,"31,600","2,2",Red,7.5,6
Mushkin Blackline 6 GB,,"31,600","3,2",Black / Silver,11.25,9
Mushkin Blackline 6 GB,,"31,600","3,2",Black / Silver,8.75,7
Mushkin Blackline 6 GB,,"31,600","3,2",Black / Silver,10,8
Mushkin Blackline 12 GB,,"31,600","3,4",Black / Silver,11.25,9
Mushkin Blackline 6 GB,,"31,600","3,2",Black / Silver,11.25,9
Mushkin Silverline 6 GB,,"31,600","3,2",Black / Silver,8.75,7
ADATA Gaming 4 GB,,"31,333","2,2",Black / Silver,12.003,8
Corsair XMS3 2 GB,,"31,333","1,2",Black / White,13.503,9
Crucial Ballistix 1 GB,,"31,333","1,1",Green,10.503,7
Crucial Ballistix 2 GB,,"31,333","1,2",Orange / White,10.503,7
Crucial Ballistix Tracer 2 GB,,"31,333","1,2",Blue / Silver,10.503,7
Crucial Ballistix Tracer 2 GB,,"31,333","1,2",Green / Silver,10.503,7
Crucial Ballistix Tracer 2 GB,,"31,333","1,2",Red / Silver,10.503,7
Crucial Ballistix 2 GB,,"31,333","2,1",Orange / White,10.503,7
Crucial Ballistix Tracer 2 GB,,"31,333","2,1",Blue / Silver,10.503,7
Crucial Ballistix Tracer 2 GB,,"31,333","2,1",Black / Silver,10.503,7
Crucial Ballistix Tracer 2 GB,,"31,333","2,1",Red / Silver,10.503,7
Crucial Ballistix 4 GB,,"31,333","2,2",Orange / White,10.503,7
Crucial Ballistix Tracer 4 GB,,"31,333","2,2",Blue / Silver,10.503,7
Crucial Ballistix Tracer 4 GB,,"31,333","2,2",Green / Silver,10.503,7
Crucial Ballistix Tracer 4 GB,,"31,333","2,2",Black / Silver,10.503,7
Crucial Ballistix Tracer 3 GB,,"31,333","3,1",Green / Silver,10.503,7
Crucial Ballistix Tracer 3 GB,,"31,333","3,1",Black / Silver,10.503,7
Crucial Ballistix Tracer 3 GB,,"31,333","3,1",Red / Silver,10.503,7
Crucial Ballistix 6 GB,,"31,333","3,2",Orange / White,10.503,7
Crucial Ballistix Tracer 6 GB,,"31,333","3,2",Blue / Silver,10.503,7
Crucial Ballistix Tracer 6 GB,,"31,333","3,2",Black / Silver,10.503,7
Crucial Ballistix Tracer 6 GB,,"31,333","3,2",Red / Silver,10.503,7
Crucial CT2KIT51264BA1339 8 GB,,"31,333","2,4",Green,13.503,9
Kingston HyperX 4 GB,,"31,333","2,2",Blue / Silver,10.503,7
Kingston HyperX 3 GB,,"31,333","3,1",Blue / Silver,10.503,7
Kingston HyperX 4 GB,,"31,333","2,2",Blue / Silver,10.503,7
Kingston HyperX 6 GB,,"31,333","3,2",Blue / Silver,10.503,7
Kingston HyperX 4 GB,,"31,333","2,2",Blue / Silver,13.503,9
Kingston HyperX 2 GB,,"31,333","2,1",Blue / Silver,13.503,9
Kingston HyperX 2 GB,,"31,333","2,1",Blue / Silver,10.503,7
Kingston HyperX 2 GB,,"31,333","2,1",Blue / Silver,10.503,7
Kingston HyperX Blu 2 GB,,"31,333","1,2",Blue / Silver,13.503,9
Kingston HyperX 1 GB,,"31,333","1,1",Blue / Silver,10.503,7
Kingston HyperX 2 GB,,"31,800","1,2",Blue / Silver,10,9
Kingston HyperX T1 3 GB,,"32,000","3,1",Blue,9,9
Kingston HyperX 2 GB,,"31,800","2,1",Blue / Silver,10,9
Kingston HyperX T1 4 GB,,"32,000","2,2",Blue,9,9
Kingston HyperX T1 3 GB,,"31,800","3,1",Blue,10,9
Kingston HyperX T1 6 GB,,"31,800","3,2",Blue,10,9
Kingston HyperX T1 4 GB,,"32,133","2,2",Blue,8.439,9
Kingston HyperX T1 3 GB,,"31,866","3,1",Blue,9.646,9
Kingston HyperX T1 8 GB,,"32,133","4,2",Blue,8.439,9
Kingston HyperX T1 6 GB,,"32,000","3,2",Blue,9,9
Kingston HyperX T1 6 GB,,"31,800","3,2",Blue,10,9
Kingston HyperX 3 GB,,"31,866","3,1",Blue / Silver,9.646,9
Kingston HyperX T1 6 GB,,"31,866","3,2",Blue,9.646,9
Kingston HyperX 3 GB,,"31,800","3,1",Blue / Silver,10,9
Kingston HyperX 3 GB,,"32,000","3,1",Blue / Silver,9,9
Kingston HyperX 4 GB,,"31,800","2,2",Blue / Silver,10,9
G.Skill F3-10600CL9D-2GBNQ 2 GB,,"31,333","2,1",Red / Silver,13.503,9
G.Skill F3-10600CL9D-2GBPK 2 GB,,"31,333","2,1",Blue / Silver,13.503,9
G.Skill F3-10600CL9D-4GBPK 4 GB,,"31,333","2,2",Blue / Silver,13.503,9
G.Skill F3-10600CL9D-4GBNT 4 GB,,"31,333","2,2",Green,13.503,9
G.Skill F3-10600CL8D-2GBHK 2 GB,,"31,333","2,1",Blue / Silver,12.003,8
G.Skill F3-10666CL8D-2GBHK 2 GB,,"31,333","2,1",Blue / Silver,12.003,8
G.Skill F3-10600CL9S-2GBNT 2 GB,,"31,333","1,2",Green,13.503,9
G.Skill F3-10666CL9D-2GBNQ 2 GB,,"31,333","2,1",Red / Silver,13.503,9
G.Skill F3-10666CL7T-3GBPK 3 GB,,"31,333","3,1",Blue / Silver,10.503,7
G.Skill Ripjaws 12 GB,,"31,333","3,4",Black / Red,10.503,7
G.Skill F3-10666CL8D-4GBHK 4 GB,,"31,333","2,2",Blue / Silver,12.003,8
G.Skill Ripjaws 4 GB,,"31,333","2,2",Black / Blue,12.003,8
G.Skill ECO 4 GB,,"31,333","2,2",Silver,12.003,8
G.Skill Ripjaws 8 GB,,"31,333","2,4",Black / Red,10.503,7
G.Skill F3-10666CL7T-6GBPK 6 GB,,"31,333","3,2",Blue / Silver,10.503,7
G.Skill Ripjaws X 4 GB,,"31,333","2,2",Black / Blue,10.503,7
G.Skill Ripjaws X 4 GB,,"31,333","2,2",Black / Blue,12.003,8
G.Skill Ripjaws X 8 GB,,"31,333","2,4",Black / Blue,10.503,7
G.Skill Ripjaws 4 GB,,"31,066","1,4",Black / Red,13.133,7
G.Skill Ripjaws 8 GB,,"31,333","4,2",Black / Red,13.503,9
G.Skill Flare 4 GB,,"32,000","2,2",Black / Red,9,9
G.Skill Flare 4 GB,,"31,800","2,2",Black / Red,10,9
G.Skill Ripjaws 4 GB,59.95,"31,333","2,2",Black / Red,13.503,9
G.Skill NS 4 GB,,"31,333","2,2",Blue,13.503,9
G.Skill Ripjaws 8 GB,,"32,000","2,4",Black / Blue,9,9
G.Skill Ripjaws+ Turbulence II 4 GB,,"32,000","2,2",Black / Red,9,9
G.Skill F3-10666CL9D-4GBNQ 4 GB,,"31,333","2,2",Red / Silver,13.503,9
G.Skill Ripjaws 4 GB,,"32,000","2,2",Black / Blue,9,9
G.Skill Sniper 8 GB,,"31,333","2,4",Black / Red,13.503,9
G.Skill F3-10666CL9T-3GBNQ 3 GB,,"31,333","3,1",Red / Silver,13.503,9
G.Skill Ripjaws 12 GB,,"32,000","3,4",Black / Blue,9,9
G.Skill Ripjaws + Turbulence II 6 GB,,"32,000","3,2",Black / Red,9,9
G.Skill Trident+ Turbulence II 6 GB,,"32,000","3,2",Black / Red,9,9
G.Skill PIS 4 GB,,"32,200","2,2",Black / Blue,6.364,7
G.Skill Trident+ Turbulence II 4 GB,,"32,000","2,2",Black / Red,9,9
G.Skill Value 8 GB,,"31,333","2,4",Black,13.503,9
G.Skill Trident + Turbulence II 8 GB,,"32,000","2,4",Black / Red,9,9
G.Skill Trident+ Turbulence II 12 GB,,"32,000","3,4",Black / Red,9,9
G.Skill ECO 8 GB,,"31,333","4,2",Silver,13.503,9
G.Skill PI + Turbulence 4 GB,,"32,133","2,2",Black / Blue,6.564,7
G.Skill Ripjaws X 4 GB,,"31,866","2,2",Black / Red,9.646,9
G.Skill Flare 8 GB,,"32,000","2,4",Black / Red,9,9
G.Skill Ripjaws X 16 GB,,"31,600","4,4",Black / Blue,8.75,7
G.Skill Ripjaws X 8 GB,,"31,600","2,4",Black / Blue,8.75,7
G.Skill Ripjaws X + Turbulence II 8 GB,,"32,133","2,4",Black / Red,8.439,9
G.Skill Ripjaws X + Turbulence II 4 GB,,"32,200","2,2",Black / Red,8.182,9
G.Skill Ripjaws X + Turbulence II 4 GB,,"32,133","2,2",Black / Blue,6.564,7
G.Skill Ripjaws X 4 GB,,"31,600","2,2",Black / Blue,8.75,7
G.Skill Ripjaws X + Turbulence II 4 GB,,"32,133","2,2",Black / Blue,8.439,9
ADATA XPG Gaming 6 GB,,"32,000","3,2",Black / Silver,9,9
ADATA XPG Gaming 4 GB,,"32,000","2,2",Black / Silver,9,9
ADATA XPG Gaming Series v2.0 8 GB,,"32,000","2,4",Black / Green,9,9
ADATA XPG Gaming 4 GB,,"32,000","2,2",Black / Silver,9,9
Corsair Dominator GTX 2 GB,,"32,400","1,2",Black / Red,7.5,9
Corsair XMS3 4 GB,,"32,000","2,2",Black / White,9,9
Corsair XMS3 6 GB,,"32,000","3,2",Black / White,9,9
Corsair XMS3 12 GB,,"32,000","3,4",Black / White,9,9
Corsair Vengeance 8 GB,,"31,866","2,4",Black / Silver,9.646,9
Corsair Vengeance 6 GB,,"31,600","3,2",Black / Silver,10,8
Crucial Ballistix 4 GB,,"32,133","2,2",Black / Orange,8.439,9
Crucial Ballistix 6 GB,,"32,133","3,2",Black / Orange,8.439,9
Crucial Ballistix 4 GB,,"31,866","2,2",Black / Orange,9.646,9
Crucial Ballistix 2 GB,,"32,133","1,2",Black / Orange,8.439,9
Crucial Ballistix 2 GB,,"31,866","1,2",Black / Orange,9.646,9
Crucial Ballistix 6 GB,,"31,866","3,2",Black / Orange,9.646,9
Crucial Ballistix Tracer 4 GB,,"31,333","2,2",Red / Silver,10.503,7
Crucial Ballistix Smart Tracer 6 GB,,"31,600","3,2",Black / Silver,10,8
Crucial Ballistix Smart Tracer 2 GB,,"31,600","1,2",Black / Silver,10,8
Crucial Ballistix Smart Tracer 6 GB,,"31,600","3,2",Black / Silver,10,8
Crucial Ballistix Smart Tracer 4 GB,,"31,600","2,2",Black / Silver,10,8
Crucial Ballistix Smart Tracer 4 GB,,"31,600","2,2",Black / Silver,10,8
Crucial Ballistix Smart Tracer 2 GB,,"31,600","1,2",Black / Silver,10,8
GeIL Black Dragon 4 GB,,"31,066","2,2",Black / Gold,13.133,7
GeIL Black Dragon 4 GB,,"31,333","2,2",Black / Gold,13.503,9
GeIL Black Dragon 4 GB,,"31,333","2,2",Black / Gold,10.503,7
GeIL Black Dragon 12 GB,,"31,333","6,2",Black / Gold,13.503,9
GeIL Black Dragon 4 GB,,"31,333","2,2",Black / Gold,9.002,6
GeIL Value PLUS 12 GB,,"31,333","6,2",Black / Silver,13.503,9
GeIL Value PLUS 6 GB,,"31,066","3,2",Black / Silver,13.133,7
GeIL Value PLUS 4 GB,,"31,333","2,2",Black / Silver,10.503,7
GeIL Value PLUS 8 GB,,"31,333","2,4",Black / Silver,13.503,9
GeIL Value PLUS 4 GB,,"31,066","1,4",Black / Silver,13.133,7
GeIL Value PLUS 4 GB,,"31,333","1,4",Black / Silver,13.503,9
GeIL Value PLUS 8 GB,,"31,066","2,4",Black / Silver,13.133,7
GeIL Value PLUS 6 GB,,"31,333","3,2",Black / Silver,13.503,9
OCZ Reaper 4 GB,,"32,000","2,2",Black / Silver,9,9
OCZ Reaper Edition 12 GB,,"31,333","3,4",Black / Silver,13.503,9
OCZ Reaper X 8 GB,,"31,333","2,4",Black / Silver,13.503,9
OCZ Reaper HPC 4 GB,,"32,133","2,2",Black / Silver,8.439,9
OCZ Reaper HPC 24 GB,,"31,333","6,4",Black / Silver,13.503,9
GeIL Evo Two 4 GB,,"31,333","2,2",Black / Red,9.002,6
Patriot Viper II Sector 5 4 GB,,"31,333","2,2",Black / Red,10.503,7
Patriot Viper II Sector 7 Edition 24 GB,,"31,333","6,4",Black / Blue,13.503,9
Patriot Viper II 'Sector 5' Edition 4 GB,,"32,400","2,2",Black / Red,7.5,9
Patriot Viper II 'Sector 5' Edition 4 GB,,"32,133","2,2",Black / Red,8.439,9
Patriot Viper Xtreme 6 GB,,"32,000","3,2",Black / Silver,9,9
Patriot Viper Xtreme 4 GB,,"32,000","2,2",Black / Silver,9,9
Patriot Viper II Sector 7 Edition 6 GB,,"32,000","3,2",Black / Blue,9,9
Patriot Viper Xtreme 12 GB,,"32,000","3,4",Black / Silver,9,9
Patriot Viper II ‘Sector 5’ Edition 8 GB,,"32,000","2,4",Black / Red,9,9
Patriot Viper II Sector 7 Edition 12 GB,,"31,333","3,4",Black / Blue,13.503,9
Patriot Viper Xtreme 8 GB,,"32,000","2,4",Black / Silver,9,9
"Patriot Viper Xtreme Series, Division 2 4 GB",,"31,866","2,2",Black / Silver,9.646,9
Patriot Gamer 2 4 GB,,"31,333","2,2",Black / Blue,13.503,9
Patriot Gamer 2 4 GB,,"31,600","2,2",Black / Blue,11.25,9
"Patriot Viper Xtreme Series, Division 2 4 GB",,"31,600","2,2",Black / Silver,10,8
Patriot Gamer 2 8 GB,,"31,600","2,4",Black / Blue,11.25,9
"Patriot Viper Xtreme Series, Division 2 8 GB",,"31,600","2,4",Black / Silver,10,8
OCZ Gold 4 GB,,"31,066","2,2",Black / Gold,13.133,7
OCZ Gold 8 GB,,"31,333","2,4",Black / Gold,13.503,9
OCZ Gold 8 GB,,"31,333","4,2",Black / Gold,13.503,9
OCZ Platinum 4 GB,,"31,333","2,2",Silver,12.003,8
OCZ Platinum 4 GB,,"32,000","2,2",Silver,9,9
OCZ Gold 6 GB,,"32,000","3,2",Black / Gold,10,10
OCZ Platinum 6 GB,,"31,333","3,2",Silver,12.003,8
OCZ Platinum 4 GB,,"31,333","2,2",Silver,10.503,7
OCZ Platinum 4 GB,,"32,133","2,2",Silver,8.439,9
OCZ Platinum XTE 6 GB,,"31,600","3,2",Black / Silver,7.5,6
OCZ Platinum XTE 4 GB,,"31,600","2,2",Black / Silver,7.5,6
OCZ Platinum 24 GB,,"31,333","6,4",Silver,13.503,9
OCZ Gold 24 GB,,"31,333","6,4",Black / Gold,13.503,9
OCZ Platinum XTE 4 GB,,"32,133","2,2",Black / Silver,8.439,9
Kingston ValueRAM 2 GB,,"31,333","2,1",Green,13.503,9
Kingston ValueRAM 2 GB,,"31,066","2,1",Green,13.133,7
Kingston ValueRAM 3 GB,,"31,333","3,1",Green,13.503,9
Mushkin Silverline 2 GB,,"31,333","1,2",White,13.503,9
Mushkin Silverline 6 GB,,"31,333","3,2",Silver,13.503,9
Mushkin Silverline 6 GB,,"31,333","3,2",Silver,13.503,9
Mushkin Silverline 4 GB,22.99,"31,333","1,4",Black / Gray,13.503,9
Mushkin Silverline 4 GB,,"31,333","2,2",Black / Gray,13.503,9
Mushkin Silverline 4 GB,,"31,333","2,2",White,13.503,9
Mushkin Blackline 4 GB,,"31,333","2,2",Black / Silver,12.003,8
Mushkin Blackline 6 GB,,"31,333","3,2",Black / Silver,12.003,8
Mushkin Blackline 4 GB,,"31,333","2,2",Black / Silver,10.503,7
Mushkin Blackline 6 GB,,"31,333","3,2",Black / Silver,10.503,7
Patriot Extreme Performance Gaming 6 GB,,"31,333","3,2",Black / Green,13.503,9
Patriot G Series Sector 5 Edition 8 GB,,"31,333","4,2",Black / Red,13.503,9
Patriot G Series Sector 5 Edition 4 GB,,"32,000","2,2",Black / Red,9,9
GeIL Evo Two 4 GB,,"32,000","2,2",Black / Red,9,9
GeIL Ultra PLUS 4 GB,,"32,000","2,2",Black / Silver,9,9
GeIL Value 2 GB,,"31,066","1,2",Silver,13.133,7
GeIL Value 2 GB,,"31,333","1,2",Silver,13.503,9
GeIL GV34GB1066C7DC 4 GB,,"31,066","2,2",Silver,13.133,7
Kingston HyperX T1 4 GB,,"32,250","2,2",Blue,8,9
OCZ Flex EX 12 GB,,"32,133","3,4",Black / Silver,9.376,10
Kingston HyperX 3 GB,,"32,333","3,1",Blue,7.715,9
Kingston HyperX 3 GB,,"32,333","3,1",Blue,7.715,9
OCZ Gold XTE 4 GB,,"32,000","2,2",Black / Gold,10,10
Kingston KVR1066D3/1GR 1 GB,,"31,066","1,1",Green,13.133,7
Kingston KVR1333D3/1GR 1 GB,,"31,333","1,1",Green,13.503,9
Kingston KVR1066D3N7K3/6G 6 GB,,"31,066","3,2",Green,13.133,7
Kingston KVR1066D3N7K3/3G 3 GB,,"31,066","3,1",Green,13.133,7
Kingston KVR1066D3/2GR 2 GB,,"31,066","1,2",Green,13.133,7
Kingston KVR1066D3N7K3/12G 12 GB,,"31,066","3,4",Green,13.133,7
Kingston KVR1333D3/4GR 4 GB,,"31,333","1,4",Green,13.503,9
Patriot PSD34G1333K 4 GB,,"31,333","2,2",Green,13.503,9
OCZ Flex II 8 GB,,"31,333","2,4",Black / Silver,13.503,9
OCZ Signature 4 GB,,"31,333","2,2",Red / Silver,13.503,9
Mushkin 991586 2 GB,19.98,"31,333","1,2",Green,13.503,9
Mushkin SP 6 GB,,"31,333","3,2",Green,13.503,9
PNY Optima 4 GB,,"31,333","1,4",Orange,13.503,9
Patriot Signature 1 GB,,"31,333","1,1",Green,13.503,9
Mushkin Redline 4 GB,,"31,600","2,2",Red / Silver,7.5,6
Crucial CT25664BA1339 2 GB,14.99,"31,333","1,2",Green,13.503,9
Crucial CT2KIT12864BA1067 2 GB,,"31,066","2,1",Green,13.133,7
Kingston ValueRAM 2 GB,,"31,066","2,1",Green,13.133,7
Kingston HyperX Blu 4 GB,,"31,600","2,2",Gray / Silver,11.25,9
Kingston HyperX Grey 4 GB,,"32,133","2,2",Gray / Silver,8.439,9
Patriot Signature 4 GB,,"31,600","2,2",Green,11.25,9
OCZ Gold XTE 6 GB,,"32,000","3,2",Black / Gold,10,10
G.Skill PIS 4 GB,,"32,000","2,2",Black / Blue,6,6
OCZ Platinum XTE 4 GB,,"32,000","2,2",Black / Silver,8,8
OCZ Platinum XTE 4 GB,,"32,000","2,2",Black / Silver,9,9
G.Skill PIS 4 GB,,"32,000","2,2",Black / Blue,9,9
Mushkin Silverline 4 GB,,"31,600","2,2",Black / Silver,11.25,9
Mushkin Silverline 6 GB,,"31,600","3,2",Black / Silver,11.25,9
G.Skill Ripjaws X 4 GB,,"31,600","2,2",Black / Blue,10,8
G.Skill Ripjaws X + Turbulence II 4 GB,,"32,133","2,2",Black / Blue,7.501,8
G.Skill Ripjaws X + Turbulence II 8 GB,,"31,866","2,4",Black / Red,9.646,9
G.Skill Ripjaws X + Turbulence II 16 GB,,"32,133","4,4",Black / Red,8.439,9
Mushkin Radioactive 4 GB,,"31,600","2,2",Black / Yellow,7.5,6
Kingston KHX1600C9D3K2/8G 8 GB,,"31,600","2,4",Blue / Silver,11.25,9
Corsair Dominator 4 GB,,"31,600","2,2",Black / Blue,11.25,9
Kingston KHX1333C7AD3/4G 4 GB,,"31,333","1,4",Blue / Silver,10.503,7
Mushkin Redline 8 GB,,"31,600","2,4",Red,8.75,7
Patriot Viper Xtreme 8 GB,105,"31,866","2,4",Black / Silver,9.646,9
G.Skill Ripjaws X + Turbulence II 4 GB,,"32,200","2,2",Black / Blue,8.182,9
Corsair Dominator 24 GB,,"31,333","6,4",Black / Blue,13.503,9
Crucial Ballistix 3 GB,,"31,600","3,1",Black / White,10,8
Mushkin Redline 8 GB,,"31,600","2,4",Red / Silver,8.75,7
Mushkin Blackline 6 GB,,"31,600","3,2",Black / Silver,7.5,6
Mushkin Radioactive 6 GB,,"31,600","3,2",Yellow / Black,7.5,6
Kingston HyperX T1 4 GB,,"31,866","2,2",Blue,9.646,9
Kingston HyperX Grey 8 GB,,"31,600","2,4",Gray / Silver,11.25,9
ADATA XPG Gaming 12 GB,,"31,600","3,4",Black / Silver,11.25,9
Corsair XMS 8 GB,,"31,333","2,4",Black / Blue,13.503,9
Crucial Ballistix 3 GB,,"31,333","3,1",Orange / White,10.503,7
G.Skill Ripjaws 12 GB,,"31,600","3,4",Black / Blue,8.75,7
Corsair Vengeance 6 GB,,"31,600","3,2",Black / Silver,11.25,9
Mushkin Blackline 8 GB,,"31,600","2,4",Black,11.25,9
Corsair Vengeance 4 GB,,"31,600","2,2",Black / Silver,11.25,9
Kingston HyperX T1 Black 6 GB,,"31,600","3,2",Black,11.25,9
Mushkin Redline 12 GB,,"31,600","3,4",Red,8.75,7
Mushkin Redline 12 GB,,"31,600","3,4",Red,8.75,7
Kingston HyperX T1 Black 12 GB,,"31,600","3,4",Black,11.25,9
Corsair XMS 8 GB,,"31,333","4,2",Black / Blue,13.503,9
Corsair Dominator GT 4 GB,,"32,133","2,2",Black / Red,8.439,9
Corsair Vengeance 4 GB,,"31,600","2,2",Black / Silver,11.25,9
Crucial Ballistix Sport 8 GB,,"31,333","2,4",Black / Silver,13.503,9
Crucial Ballistix Sport 4 GB,,"31,333","2,2",Black / Silver,13.503,9
Crucial Ballistix Sport 6 GB,,"31,333","3,2",Black / Silver,13.503,9
Crucial Ballistix Sport 2 GB,,"31,333","1,2",Black / Silver,13.503,9
Patriot Gamer 2 4 GB,,"31,333","1,4",Black / Blue,13.503,9
Patriot Gamer 2 4 GB,,"31,600","1,4",Black / Blue,11.25,9
Patriot Viper Xtreme 4 GB,,"31,600","1,4",Black / Silver,10,8
Crucial Ballistix Sport 4 GB,,"31,600","2,2",Black / Silver,12.5,10
Corsair Vengeance 6 GB,,"32,000","3,2",Black / Silver,10,10
Crucial Ballistix Sport 6 GB,,"31,600","3,2",Black / Silver,12.5,10
Crucial Ballistix Sport 2 GB,,"31,600","1,2",Black / Silver,12.5,10
GeIL Value PLUS 4 GB,,"31,600","2,2",Black / Silver,10,8
G.Skill Sniper 8 GB,,"31,600","2,4",Black / Red,8.75,7
G.Skill Ripjaws X + Fan 16 GB,,"32,200","4,4",Black / Red,8.182,9
Corsair Vengeance 12 GB,,"32,000","3,4",Black / Silver,9,9
Corsair Vengeance 4 GB,,"31,600","2,2",Black / Blue,11.25,9
Crucial Ballistix Sport 4 GB,,"31,600","1,4",Black / Silver,12.5,10
Crucial Ballistix Sport 3 GB,,"31,333","3,1",Black / Silver,13.503,9
Crucial Ballistix Sport 4 GB,,"31,333","1,4",Black / Silver,13.503,9
Crucial Ballistix Sport 1 GB,,"31,333","1,1",Black / Silver,13.503,9
Crucial Ballistix Sport 2 GB,,"31,600","2,1",Black / Silver,12.5,10
Crucial Ballistix Sport 3 GB,,"31,600","3,1",Black / Silver,12.5,10
Mushkin Blackline 12 GB,,"31,600","3,4",Black,11.25,9
Mushkin Redline 8 GB,,"32,133","2,4",Red,8.439,9
Mushkin Redline 8 GB,,"31,600","2,4",Red,8.75,7
Mushkin Redline 12 GB,,"31,600","3,4",Red,8.75,7
Mushkin Ridgeback 8 GB,,"31,600","2,4",Black,10,8
Mushkin Ridgeback 12 GB,,"31,600","3,4",Black,10,8
Mushkin Redline 8 GB,,"32,133","2,4",Red,8.439,9
Crucial Ballistix Sport 8 GB,,"31,600","2,4",Black / Silver,12.5,10
Mushkin Blackline 8 GB,,"32,000","2,4",Black,9,9
Crucial Ballistix Sport 12 GB,,"31,333","3,4",Black / Silver,13.503,9
Mushkin Blackline 4 GB,,"31,600","1,4",Black,11.25,9
Mushkin Blackline 8 GB,,"32,000","2,4",Black,9,9
Mushkin Blackline 4 GB,,"31,600","2,2",Black / Silver,11.25,9
Mushkin Blackline 8 GB,,"31,600","2,4",Black,11.25,9
G.Skill Sniper Gaming 12 GB,,"31,600","3,4",Black / Red,11.25,9
Kingston KHX1600C9D3P1K2/4G 4 GB,,"31,600","2,2",Gray / Silver,11.25,9
Crucial Ballistix Sport 2 GB,,"31,333","2,1",Black / Silver,13.503,9
Crucial CT3KIT51264BA1339 12 GB,,"31,333","3,4",Green,13.503,9
Crucial Ballistix 6 GB,,"31,600","3,2",Black / Orange,10,8
Wintec One 4 GB,,"31,600","2,2",Black / Silver,11.25,9
Wintec One 6 GB,,"31,600","3,2",Black / Silver,11.25,9
Mushkin Redline 12 GB,,"31,600","3,4",Red,8.75,7
Mushkin Blackline 12 GB,,"31,600","3,4",Black,10,8
Mushkin Blackline 8 GB,,"31,600","2,4",Black,10,8
Mushkin Blackline 8 GB,,"31,866","2,4",Black / Silver,9.646,9
ADATA Supreme 8 GB,,"31,333","2,4",Green,13.503,9
ADATA Supreme 4 GB,59.98,"31,333","1,4",Green,13.503,9
ADATA AD2S800B2G5-R 2 GB,16.45,"2,800","1,2",Green,12.5,5
ADATA AD3S1066B2G7-R 2 GB,,"31,066","1,2",Green,13.133,7
ADATA AD3S1333B2G9-R 2 GB,,"31,333","1,2",Green,13.503,9
Corsair CMSO4GX3M1A1333C9 4 GB,23.99,"31,333","1,4",Green,13.503,9
Corsair VS4GSDSKIT667D2 4 GB,,"2,667","2,2",Green,14.993,5
Corsair CMSO2GX3M1A1333C9 2 GB,,"31,333","1,2",Green,13.503,9
Corsair VS2GSDS667D2 2 GB,,"2,667","1,2",Green,14.993,5
Corsair CMSO4GX3M2A1333C9 4 GB,,"31,333","2,2",Green,13.503,9
Corsair CMSO8GX3M2A1333C9 8 GB,43.23,"31,333","2,4",Green,13.503,9
Crucial CT51264AC667 4 GB,79.48,"2,667","1,4",Green,14.993,5
Crucial CT2KIT12864AC800 2 GB,50.99,"2,800","2,1",Green,15,6
Crucial CT2KIT12864AC667 2 GB,,"2,667","2,1",Green,14.993,5
Crucial CT51264AC800 4 GB,64.53,"2,800","1,4",Green,15,6
Crucial CT25664BC1339 2 GB,,"31,333","1,2",Green,13.503,9
Crucial CT51264BC1339 4 GB,,"31,333","1,4",Green,13.503,9
Crucial CT2KIT51264AC800 8 GB,,"2,800","2,4",Green,15,6
Crucial CT2KIT51264BC1067 8 GB,,"31,066","2,4",Green,13.133,7
Crucial CT25664AC667 2 GB,20.37,"2,667","1,2",Green,14.993,5
Crucial CT2KIT12864BC1067 2 GB,,"31,066","2,1",Green,13.133,7
Crucial CT12864AC53E 1 GB,,"2,533","1,1",Green,15.009,4
Crucial CT2KIT25664BC1339 4 GB,,"31,333","2,2",Green,13.503,9
Crucial CT2KIT12864AC53E 2 GB,,"2,533","2,1",Green,15.009,4
Crucial CT25664AC53E 2 GB,,"2,533","1,2",Green,15.009,4
Crucial CT2KIT25664AC667 4 GB,34.99,"2,667","2,2",Green,14.993,5
Crucial CT12864AC667 1 GB,,"2,667","1,1",Green,14.993,5
Crucial CT25664AC800 2 GB,13.5,"2,800","1,2",Green,15,6
Crucial CT2KIT51264BC1339 8 GB,,"31,333","2,4",Green,13.503,9
G.Skill F2-6400CL6S-4GBSQ 4 GB,,"2,800","1,4",Green,15,6
G.Skill F2-5300CL5S-2GBSK 2 GB,,"2,667","1,2",Black / Silver,14.993,5
G.Skill F2-4200PHU1-1GBSA 1 GB,,"2,533","1,1",Green,15.009,4
G.Skill F2-5300CL5S-2GBSQ 2 GB,,"2,667","1,2",Green,14.993,5
G.Skill F2-5300CL4S-2GBSQ 2 GB,,"2,667","1,2",Green,11.994,4
G.Skill F2-5300CL4D-4GBSQ 4 GB,,"2,667","2,2",Green,11.994,4
G.Skill F2-4200CL4S-2GBSK 2 GB,,"2,533","1,2",Black / Silver,15.009,4
G.Skill F2-4200CL4S-2GBSQ 2 GB,,"2,533","1,2",Green,15.009,4
G.Skill F3-8500CL7D-4GBSQ 4 GB,,"31,066","2,2",Green,13.133,7
G.Skill F2-5300PHU2-2GBSA 2 GB,,"2,667","2,1",Green,14.993,5
G.Skill F2-4200PHU2-2GBSA 2 GB,,"2,533","2,1",Green,15.009,4
G.Skill F2-6400CL5D-2GBSA 2 GB,,"2,800","2,1",Green,12.5,5
G.Skill F2-5300CL5S-4GBSQ 4 GB,,"2,667","1,4",Green,14.993,5
G.Skill F2-6400CL5S-1GBSA 1 GB,,"2,800","1,1",Green,12.5,5
G.Skill F2-5300CL5D-4GBSA 4 GB,,"2,667","2,2",Green,14.993,5
G.Skill F2-5300CL4S-1GBSA 1 GB,,"2,667","1,1",Green,11.994,4
G.Skill F2-5300PHU1-1GBSA 1 GB,,"2,667","1,1",Green,14.993,5
G.Skill F3-10666CL9S-4GBSQ 4 GB,13.74,"31,333","1,4",Green,13.503,9
G.Skill F3-8500CL7S-4GBSQ 4 GB,,"31,066","1,4",Green,13.133,7
G.Skill F3-10600CL9S-2GBSQ 2 GB,,"31,333","1,2",Green,13.503,9
G.Skill F2-6400CL5D-4GBSQ 4 GB,,"2,800","2,2",Green,12.5,5
G.Skill F3-8500CL7S-2GBSQ 2 GB,,"31,066","1,2",Green,13.133,7
G.Skill F3-10666CL9S-2GBSQ 2 GB,,"31,333","1,2",Green,13.503,9
G.Skill F3-10666CL9D-4GBSQ 4 GB,,"31,333","2,2",Green,13.503,9
G.Skill F2-5300CL4D-2GBSA 2 GB,,"2,667","2,1",Green,11.994,4
G.Skill F3-10600CL9S-4GBSQ 4 GB,,"31,333","1,4",Green,13.503,9
G.Skill F3-10600CL9D-4GBSQ 4 GB,,"31,333","2,2",Green,13.503,9
G.Skill F2-5300CL5D-8GBSQ 8 GB,,"2,667","2,4",Green,14.993,5
GeIL GX2S5300-2GB 2 GB,,"2,667","1,2",Green,14.993,5
GeIL GX2S6400-2GB 2 GB,,"2,800","1,2",Green,12.5,5
Kingston KVR533D2S4K2/2G 2 GB,,"2,533","2,1",Green,15.009,4
Kingston ValueRAM 2 GB,,"31,066","1,2",Green,13.133,7
Kingston KVR1333D3S9/4G 4 GB,26.99,"31,333","1,4",Green,13.503,9
Kingston KHX4200S2LL/2G 2 GB,,"2,533","1,2",Blue / White,11.257,3
Kingston KVR667D2SO/2GR 2 GB,22.4,"2,667","1,2",Green,14.993,5
Kingston KVR800D2SO/2GR 2 GB,,"2,800","1,2",Green,15,6
Kingston KVR800D2S5/2G 2 GB,18.98,"2,800","1,2",Green,12.5,5
Kingston KVR667D2S5/1G 1 GB,12.81,"2,667","1,1",Green,14.993,5
Kingston KVR1066D3SOK2/8GR 8 GB,,"31,066","2,4",Green,13.133,7
Kingston ValueRAM 2 GB,24.99,"2,667","2,1",Green,14.993,5
Kingston KHX1600C9S3P1K2/4G 4 GB,,"31,600","2,2",Gray / Silver,11.25,9
Kingston KHX1600C9S3P1K2/8G 8 GB,,"31,600","2,4",Gray / Silver,11.25,9
Kingston KHX1866C11S3P1K2/4G 4 GB,,"31,866","2,2",Gray / Silver,11.79,11
Kingston KHX1866C11S3P1K2/8G 8 GB,,"31,866","2,4",Gray / Silver,11.79,11
Kingston ValueRAM 2 GB,,"31,066","1,2",Green,13.133,7
Kingston ValueRAM 4 GB,,"31,066","2,2",Green,13.133,7
Kingston KVR1333D3SOK2/8GR 8 GB,,"31,333","2,4",Green,13.503,9
Kingston KVR800D2SO/1GR 1 GB,,"2,800","1,1",Green,12.5,5
Kingston KVR667D2S5/2G 2 GB,41.4,"2,667","1,2",Green,14.993,5
Kingston ValueRAM 1 GB,40.77,"2,533","1,1",Green,15.009,4
Kingston ValueRAM 2 GB,40.99,"31,333","1,2",Green,13.503,9
Kingston KVR800D2S6K2/2G 2 GB,,"2,800","2,1",Green,15,6
Kingston KHX6400S2ULK2/4G 4 GB,,"2,800","2,2",Blue / White,10,4
Kingston KVR667D2SO/1GR 1 GB,,"2,667","1,1",Green,14.993,5
Kingston KVR800D2S5/1G 1 GB,,"2,800","1,1",Green,12.5,5
Kingston KVR800D2S6K2/4G 4 GB,,"2,800","2,2",Green,15,6
Kingston KHX6400S2LLK2/4G 4 GB,,"2,800","2,2",Blue / White,12.5,5
Kingston ValueRAM 4 GB,,"2,667","2,2",Green,14.993,5
Kingston KHX1333C7S3K2/4G 4 GB,,"31,333","2,2",Blue / Silver,10.503,7
Kingston ValueRAM 4 GB,,"2,667","2,2",Green,14.993,5
Kingston KVR1333D3SO/2GR 2 GB,,"31,333","1,2",Green,13.503,9
Kingston KVR533D2K2SO/2GR 2 GB,,"2,533","2,1",Green,15.009,4
Kingston KVR800D2S5K2/4G 4 GB,,"2,800","2,2",Green,12.5,5
Kingston KVR800D2S6/1G 1 GB,14.99,"2,800","1,1",Green,15,6
Kingston ValueRAM 2 GB,,"2,667","2,1",Green,14.993,5
Kingston KHX5300S2LLK2/4G 4 GB,,"2,667","2,2",Blue / White,11.994,4
Kingston KVR533D2SO/1GR 1 GB,24.99,"2,533","1,1",Green,15.009,4
Kingston KHX5300S2LLK2/2G 2 GB,44.99,"2,667","2,1",Blue / Silver,11.994,4
Patriot Signature 8 GB,,"2,800","2,4",Green,15,6
Patriot Signature 2 GB,,"31,333","1,2",Green,13.503,9
Mushkin Essentials 4 GB,28.68,"2,667","2,2",Green,14.993,5
Patriot PSD34G1066SK 4 GB,,"31,066","2,2",Green,13.133,7
Patriot Signature 8 GB,46.08,"31,600","2,4",Green,13.75,11
Patriot Signature 4 GB,,"31,600","2,2",Green,13.75,11
Mushkin 991395 1 GB,,"2,533","1,1",Green,15.009,4
Samsung MV-3T4G4/US 4 GB,,"31,333","1,4",Black,13.503,9
Mushkin Essentials 4 GB,,"2,667","1,4",Green,14.993,5
Patriot Signature 2 GB,,"31,600","1,2",Green,13.75,11
Mushkin Essentials 2 GB,23.28,"2,800","1,2",Green,12.5,5
Patriot Signature 4 GB,,"2,800","1,4",Green,15,6
Samsung MV-2S2G4/US 2 GB,,"2,800","1,2",Black,15,6
Mushkin Essentials 1 GB,,"2,667","1,1",Green,14.993,5
Mushkin Essentials 2 GB,16.8,"2,667","1,2",Green,14.993,5
PNY Optima 8 GB,,"31,066","2,4",Green,13.133,7
Mushkin Essentials 2 GB,,"2,667","2,1",Green,14.993,5
Wintec AMPO 1 GB,,"2,667","1,1",Green,14.993,5
Wintec 3AMD31333N-8G2K-R 8 GB,,"31,333","2,4",Green,13.503,9
Patriot Signature 4 GB,53.99,"31,600","1,4",Green,13.75,11
Mushkin Essentials 2 GB,,"2,667","1,2",Green,11.994,4
Mushkin Essentials 4 GB,44.99,"2,667","2,2",Green,11.994,4
Patriot PSD22G6672S 2 GB,37.99,"2,667","1,2",Blue,14.993,5
Patriot PSD24G667SK 4 GB,,"2,667","2,2",Blue,14.993,5
Transcend JM1333KSN-4G 4 GB,,"31,333","1,4",Green,13.503,9
Samsung MV-2S1G4 1 GB,16.98,"2,800","1,1",Black,15,6
Mushkin Essentials 2 GB,,"2,667","2,1",Green,11.994,4
Mushkin Redline 8 GB,,"31,600","2,4",Red,8.75,7
G.Skill Sniper Gaming 12 GB,,"31,600","3,4",Black / Red,8.75,7
Crucial Ballistix Sport 12 GB,,"31,600","3,4",Black / Silver,12.5,10
Mushkin Blackline 12 GB,,"32,000","3,4",Black,9,9
Kingston KVR1333D3SOK2/4GR 4 GB,,"31,333","2,2",Green,13.503,9
ADATA Gaming 2 GB,,"31,600","1,2",Black / Silver,11.25,9
Wintec One 12 GB,,"31,600","3,4",Black / Silver,11.25,9
Patriot Signature 4 GB,,"31,066","1,4",Green,13.133,7
G.Skill F2-5300CL5D-4GBSK 4 GB,,"2,667","2,2",Black / Silver,14.993,5
Crucial CT2KIT51264AC667 8 GB,,"2,667","2,4",Green,14.993,5
Kingston HyperX 4 GB,,"31,866","2,2",Blue / Silver,9.646,9
Wintec AMPX 6 GB,,"31,600","3,2",Black / Silver,10,8
G.Skill F2-6400CL5S-1GBSK 1 GB,,"2,800","1,1",Blue / Silver,12.5,5
Wintec AMPO 2 GB,,"2,800","1,2",Green,15,6
Wintec AMPO 4 GB,,"31,333","2,2",Green,13.503,9
Wintec AMPO 2 GB,,"2,667","1,2",Green,14.993,5
Wintec AMPO 4 GB,,"2,800","2,2",Green,12.5,5
Samsung MV-3V2G4D/US 4 GB,,"31,333","2,2",Black,13.503,9
Mushkin Silverline 4 GB,,"31,600","1,4",Gray / Silver,11.25,9
Corsair Vengeance 8 GB,,"31,866","2,4",Black / Red,9.646,9
Corsair Vengeance 8 GB,,"31,600","2,4",Black / Red,11.25,9
Mushkin Radioactive 8 GB,,"31,600","2,4",Black / Yellow,11.25,9
Mushkin Radioactive 12 GB,,"31,600","3,4",Black / Yellow,11.25,9
Mushkin Radioactive 8 GB,,"31,600","2,4",Black / Yellow,8.75,7
Mushkin Silverline 8 GB,,"31,600","2,4",Gray / Silver,11.25,9
Mushkin Silverline 12 GB,,"31,600","3,4",Gray / Silver,11.25,9
Crucial Ballistix Tracer 2 GB,,"31,333","2,1",Green / Silver,10.503,7
Mushkin Silverline 4 GB,,"2,800","2,2",Silver,12.5,5
Mushkin Radioactive 12 GB,,"31,600","3,4",Black / Yellow,8.75,7
Mushkin 991555 2 GB,,"2,667","1,2",Silver,14.993,5
Mushkin Redline 8 GB,,"31,866","2,4",Red,9.646,9
Patriot Gamer 2 8 GB,,"31,333","2,4",Green,13.503,9
Patriot Gamer 2 4 GB,,"31,600","2,2",Green,10,8
Patriot Gamer 2 4 GB,,"31,333","2,2",Green,13.503,9
Patriot Gamer 2 4 GB,,"31,333","2,2",Green,10.503,7
Patriot Gamer 2 4 GB,,"31,600","2,2",Green,11.25,9
Samsung MV-3T2G4D/US 4 GB,,"31,333","2,2",Black,13.503,9
PNY MN4096SD3-1333 4 GB,,"31,333","1,4",Green,13.503,9
PNY MN8192KD3-1333 8 GB,167.91,"31,333","2,4",Green,13.503,9
Wintec AMPO 4 GB,,"31,333","1,4",Green,13.503,9
Wintec One 8 GB,,"31,600","2,4",Black,11.25,9
Mushkin Ridgeback 12 GB,,"32,000","3,4",Black,9,9
Corsair Vengeance 4 GB,,"31,600","2,2",Black / Blue,11.25,9
Mushkin 991647 4 GB,,"31,333","1,4",Green,13.503,9
Patriot PSD38G1333SK 8 GB,,"31,333","2,4",Green,13.503,9
G.Skill Ripjaws X 4 GB,,"31,866","2,2",Black / Blue,9.646,9
Mushkin 991556 2 GB,15.72,"2,667","1,2",Green,14.993,5
Mushkin 991741 4 GB,96.99,"2,800","1,4",Green,15,6
Samsung MV-3T2G4/US 2 GB,,"31,333","1,2",Black,13.503,9
Samsung MV-3T4G4D/US 8 GB,,"31,333","2,4",Black,13.503,9
ADATA Supreme 2 GB,,"2,800","1,2",Green,15,6
Kingston KHX1866C9D3K3/12GX 12 GB,,"31,866","3,4",Blue / Silver,9.646,9
Transcend JetRam 2 GB,,"31,600","1,2",Green,13.75,11
Transcend JetRam 4 GB,,"31,600","1,4",Green,13.75,11
Wintec AMPO 4 GB,,"31,333","2,2",Green,13.503,9
Mushkin Redline 6 GB,,"31,600","3,2",Red / Silver,8.75,7
Mushkin Blackline 4 GB,,"31,600","2,2",Black / Silver,10,8
Mushkin Blackline 6 GB,,"31,600","3,2",Black / Silver,10,8
Mushkin Blackline 8 GB,,"31,600","2,4",Black / Silver,10,8
Mushkin Blackline 12 GB,,"31,600","3,4",Black / Red,10,8
Mushkin Redline 4 GB,,"31,600","2,2",Red / Silver,8.75,7
Wintec One 8 GB,,"31,333","2,4",Black / Silver,13.503,9
Patriot Extreme Performance 16 GB,,"31,600","4,4",Black / Blue,11.25,9
ADATA XPG Gaming 8 GB,,"31,600","2,4",Black / Silver,11.25,9
Wintec One 6 GB,,"31,866","3,2",Black / Silver,9.646,9
Wintec One 4 GB,,"31,866","2,2",Black / Silver,9.646,9
Wintec Value 8 GB,,"31,333","2,4",Green,13.503,9
Kingston Value 6 GB,,"31,333","3,2",Green,13.503,9
Crucial Ballistix Elite 2 GB,,"31,600","1,2",Black / Silver,10,8
Crucial Ballistix Elite 4 GB,,"31,600","2,2",Black / Silver,10,8
Crucial Ballistix Elite 2 GB,,"32,133","1,2",Black / Silver,8.439,9
Samsung MV-3T2G3D/US 4 GB,,"31,600","2,2",Black,13.75,11
Samsung MV-3T2G3/US 2 GB,,"31,600","1,2",Black,13.75,11
Samsung MV-3T4G3/US 4 GB,,"31,600","1,4",Black,13.75,11
Crucial Ballistix Elite 6 GB,,"31,600","3,2",Black / Silver,10,8
Crucial Ballistix Elite 4 GB,,"32,000","1,4",Black / Silver,9,9
Crucial Ballistix 8 GB,,"31,600","2,4",Black / Red,12.5,10
Crucial Ballistix 4 GB,,"31,600","1,4",Black / Red,12.5,10
Crucial CT25664BD1339 2 GB,,"31,333","1,2",Green,13.503,9
Crucial CT25664BD160B 2 GB,,"31,600","1,2",Green,13.75,11
Crucial CT2KIT25664BD1339 4 GB,,"31,333","2,2",Green,13.503,9
Crucial CT3KIT25664BD1339 6 GB,,"31,333","3,2",Green,13.503,9
Crucial CT3KIT51264BD1339 12 GB,,"31,333","3,4",Green,13.503,9
Samsung MV-3V2G3D/US 4 GB,,"31,600","2,2",Black,13.75,11
ADATA XPG Gaming 16 GB,,"31,333","2,8",Black / Silver,13.503,9
Kingston KVR1333D3S8N9/2GKC 2 GB,,"31,333","1,2",Green,13.503,9
Corsair Vengeance 8 GB,,"31,600","2,4",Black / Red,8.75,7
OCZ Gold 4 GB,,"31,600","2,2",Black / Gold,10,8
ADATA XPG Gaming Series v2.0 8 GB,,"31,866","2,4",Black / Green,9.646,9
Patriot Signature 8 GB,48.98,"31,333","1,8",Green,13.503,9
G.Skill F3-12800CL9S-4GBSK 4 GB,,"31,600","1,4",Black / White,11.25,9
G.Skill F3-12800CL9D-8GBSK 8 GB,,"31,600","2,4",Black / Silver,11.25,9
Wintec 3VH13339S9-8GK 8 GB,,"31,333","2,4",Green,13.503,9
Kingston T1 8 GB,,"31,866","2,4",Blue,9.646,9
Crucial CT2KIT25664BD160B 4 GB,,"31,600","2,2",Green,13.75,11
Corsair CMSO8GX3M1A1333C9 8 GB,,"31,333","1,8",Green,13.503,9
Mushkin Essentials 12 GB,,"31,333","3,4",Green,13.503,9
GeIL EVO CORSA 8 GB,,"31,866","2,4",Black / Yellow,9.646,9
GeIL Enhance CORSA 4 GB,,"31,333","2,2",Black / Orange,13.503,9
GeIL Enhance CORSA 8 GB,,"31,333","2,4",Black / Orange,13.503,9
GeIL Value PLUS 2 GB,,"31,333","1,2",Black / Silver,13.503,9
GeIL Value PLUS 2 GB,,"31,600","1,2",Black / Silver,11.25,9
GeIL Value PLUS 4 GB,,"31,333","2,2",Black / Silver,13.503,9
GeIL Enhance CORSA 16 GB,,"31,333","4,4",Black / Orange,13.503,9
GeIL Enhance CORSA 16 GB,,"31,600","4,4",Black / Orange,11.25,9
GeIL Enhance CORSA 4 GB,,"31,600","2,2",Black / Orange,11.25,9
GeIL Enhance CORSA 8 GB,,"31,600","2,4",Black / Orange,11.25,9
GeIL Evo Two 8 GB,,"31,866","2,4",Black / Red,9.646,9
GeIL Black Dragon 8 GB,,"31,333","2,4",Black / Gold,13.503,9
G.Skill Sniper 8 GB,,"31,600","2,4",Black / White,11.25,9
Mushkin Blackline 8 GB,,"32,133","2,4",Black,9.376,10
GeIL Black Dragon 8 GB,,"31,600","2,4",Black / Gold,11.25,9
Crucial CT3KIT51264BD160B 12 GB,,"31,600","3,4",Green,13.75,11
GeIL Pristine 8 GB,,"31,333","2,4",Green,13.503,9
GeIL Pristine 2 GB,,"31,333","1,2",Green,13.503,9
Crucial CT3KIT102464BA1339 24 GB,,"31,333","3,8",Green,13.503,9
GeIL Pristine 4 GB,,"31,333","2,2",Green,13.503,9
GeIL GS38GB1333C9DC 8 GB,,"31,333","2,4",Green,13.503,9
GeIL GS34GB1333C9DC 4 GB,,"31,333","2,2",Green,13.503,9
GeIL GS34GB1066C7DC 4 GB,,"31,066","2,2",Green,13.133,7
GeIL GS38GB1066C7DC 8 GB,,"31,066","2,4",Green,13.133,7
G.Skill F3-12800CL11S-4GBSQ 4 GB,42,"31,600","1,4",Green,13.75,11
Corsair CMSO16GX3M2A1333C9 16 GB,84.98,"31,333","2,8",Green,13.503,9
Crucial Ballistix Elite 8 GB,,"31,866","2,4",Black / Silver,9.646,9
Crucial Ballistix 4 GB,,"31,600","2,2",Black / Yellow,10,8
Wintec Value 2 GB,,"31,333","1,2",Green,13.503,9
Wintec Value 4 GB,,"2,800","2,2",Green,15,6
Kingston Value 4 GB,24.61,"31,333","1,4",Green,13.503,9
Crucial Ballistix 8 GB,,"31,866","2,4",Black / Orange,9.646,9
Patriot Signature 16 GB,,"31,333","2,8",Green,13.503,9
Wintec Value 2 GB,,"2,800","1,2",Green,15,6
Crucial CT102464BF1339 8 GB,,"31,333","1,8",Green,13.503,9
GeIL EVO CORSA 8 GB,,"31,600","2,4",Black / Yellow,8.75,7
Crucial Ballistix 4 GB,,"31,866","1,4",Black / Orange,9.646,9
Kingston KVR1333D3S9/4GKC 4 GB,,"31,333","1,4",Green,13.503,9
GeIL EVO CORSA 16 GB,,"31,333","2,8",Black / Yellow,13.503,9
G.Skill Ripjaws Z 32 GB,,"31,866","8,4",Black / Red,9.646,9
G.Skill Ripjaws Z 32 GB,,"32,133","8,4",Black / Red,10.314,11
GeIL EVO CORSA 16 GB,,"32,400","4,4",Black / Yellow,9.167,11
GeIL EVO CORSA 8 GB,,"32,133","2,4",Black / Yellow,8.439,9
Mushkin Redline 16 GB,,"32,133","4,4",Red,8.439,9
Mushkin Redline 16 GB,,"31,866","4,4",Red,9.646,9
Mushkin Blackline 8 GB,,"31,600","4,2",Black / Silver,11.25,9
G.Skill Ripjaws Z 16 GB,,"32,400","4,4",Black / Blue,9.167,11
Corsair Vengeance 8 GB,,"31,600","4,2",Black / Silver,11.25,9
Crucial CT2KIT25664BF1339 4 GB,34.99,"31,333","2,2",Green,13.503,9
Crucial CT51264BF1339 4 GB,19.93,"31,333","1,4",Green,13.503,9
Crucial Ballistix Elite 8 GB,,"32,000","2,4",Black / Silver,9,9
G.Skill Ripjaws X 8 GB,,"31,333","4,2",Black / Blue,10.503,7
Corsair Vengeance 32 GB,,"31,866","4,8",Black / Red,9.646,9
Kingston Value 6 GB,,"31,066","3,2",Green,13.133,7
Corsair Dominator 32 GB,,"31,600","4,8",Black / Blue,11.25,9
Corsair Vengeance 8 GB,,"31,866","2,4",Black / Gold,10.718,10
Corsair Vengeance 16 GB,,"31,600","4,4",Black / Silver,11.25,9
ADATA XPG Plus 8 GB,,"31,333","2,4",Red / Silver,12.003,8
AMD Entertainment Edition 4 GB,,"31,333","1,4",Black / Red,13.503,9
AMD Entertainment Edition 2 GB,,"31,600","1,2",Black / Red,11.25,9
Corsair Vengeance 8 GB,,"31,600","4,2",Black / Gold,11.25,9
Corsair Vengeance 8 GB,,"31,600","4,2",Black / Red,10,8
G.Skill F3-12800CL11D-8GBSA 8 GB,,"31,600","2,4",Green,13.75,11
G.Skill Ripjaws Z 8 GB,,"31,600","4,2",Black / Blue,10,8
Corsair Vengeance 8 GB,,"32,133","2,4",Black / Red,8.439,9
Corsair Vengeance 8 GB,,"31,866","2,4",Black / Red,9.646,9
G.Skill Ripjaws X 8 GB,,"31,866","4,2",Black / Red,9.646,9
Patriot G2 16 GB,,"31,600","4,4",Black / Blue,11.25,9
G.Skill Sniper Gaming 16 GB,,"32,133","4,4",Black / Red,10.314,11
GeIL GS38GB1333C9SC 8 GB,,"31,333","1,8",Green,13.503,9
GeIL GS316GB1333C9DC 16 GB,,"31,333","2,8",Green,13.503,9
AMD Entertainment Edition 2 GB,,"31,333","1,2",Black / Red,13.503,9
Mushkin Blackline 16 GB,,"31,600","4,4",Black / Red,10,8
Mushkin Redline 16 GB,,"32,133","4,4",Red,8.439,9
Corsair Vengeance 4 GB,,"31,600","1,4",Black / Gold,11.25,9
GeIL EVO CORSA 16 GB,,"32,400","4,4",Black / Yellow,8.333,10
GeIL EVO CORSA 8 GB,,"32,133","2,4",Black / Yellow,8.439,9
AMD Entertainment Edition 4 GB,,"31,600","1,4",Black / Red,11.25,9
Pareema MD313C81609L2 8 GB,,"31,333","2,4",Blue,13.503,9
Pareema MD313C80809L1 2 GB,,"31,333","1,2",Blue,13.503,9
Crucial Ballistix Elite 2 GB,,"31,866","1,2",Black / Silver,9.646,9
Crucial Ballistix Elite 2 GB,,"31,600","1,2",Black / Silver,10,8
Mushkin Redline 8 GB,,"32,133","4,2",Red / Silver,8.439,9
Mushkin Essentials 4 GB,18.98,"31,600","1,4",Green,13.75,11
Mushkin Essentials 8 GB,15.72,"31,333","1,8",Green,13.503,9
Mushkin Silverline 8 GB,,"31,333","1,8",Gray / Silver,13.503,9
Mushkin Essentials 8 GB,,"31,600","2,4",Green,13.75,11
G.Skill F3-10666CL9S-8GBSQ 8 GB,,"31,333","1,8",Green,13.503,9
Corsair Dominator 16 GB,,"31,866","4,4",Black / Blue,9.646,9
Pareema MD313C80809S1 2 GB,,"31,333","1,2",Blue,13.503,9
Pareema MD313C81609S2 8 GB,,"31,333","2,4",Black,13.503,9
Pareema MD316C81611L2 8 GB,,"31,600","2,4",Green,13.75,11
Pareema MD316C81611L1 4 GB,,"31,600","1,4",Green,13.75,11
Pareema MD313D81609L2 16 GB,,"31,333","2,8",Green,13.503,9
Pareema MD316C81609L1 4 GB,,"31,600","1,4",Green,11.25,9
Pareema MD316C81609L2 8 GB,,"31,600","2,4",Green,11.25,9
ADATA Premier 4 GB,,"2,800","1,4",Green,15,6
Mushkin Redline 16 GB,,"31,600","4,4",Red,8.75,7
Mushkin Redline 16 GB,,"31,600","4,4",Red,8.75,7
Mushkin Essentials 2 GB,14.67,"31,600","1,2",Green,13.75,11
Mushkin Redline 16 GB,,"31,600","4,4",Red,8.75,7
Mushkin Essentials 8 GB,29.99,"31,600","2,4",Green,13.75,11
Mushkin Blackline 16 GB,,"32,133","4,4",Black,9.376,10
Kingston Value 4 GB,,"31,066","2,2",Green,13.133,7
GeIL EVO CORSA 8 GB,,"32,400","2,4",Black / Yellow,8.333,10
GeIL EVO CORSA 16 GB,,"31,600","2,8",Black / Yellow,11.25,9
GeIL EVO CORSA 8 GB,,"32,400","2,4",Black / Yellow,9.167,11
GeIL EVO CORSA 16 GB,,"31,600","2,8",Black / Yellow,12.5,10
GeIL EVO CORSA 32 GB,,"31,600","4,8",Black / Yellow,12.5,10
GeIL Evo Two 16 GB,,"31,333","2,8",Black / Red,13.503,9
GeIL Evo Two 8 GB,,"32,400","2,4",Black / Red,8.333,10
G.Skill Sniper 8 GB,,"32,133","2,4",Black / Red,10.314,11
GeIL Evo Two 16 GB,,"31,600","2,8",Black / Red,12.5,10
GeIL Evo Two 32 GB,,"31,600","4,8",Black / Red,12.5,10
GeIL Evo Two 16 GB,,"31,600","2,8",Black / Red,11.25,9
Corsair Vengeance 16 GB,,"31,600","4,4",Black / Yellow,11.25,9
G.Skill Ripjaws Z 8 GB,,"31,600","4,2",Black / Red,11.25,9
G.Skill Sniper Gaming 16 GB,,"31,600","4,4",Black / Red,11.25,9
G.Skill F3-10600CL9D-16GBSQ 16 GB,,"31,333","2,8",Green,13.503,9
GeIL Black Dragon 16 GB,,"31,600","2,8",Black / Gold,12.5,10
GeIL Black Dragon 16 GB,,"31,333","2,8",Black / Gold,13.503,9
Crucial Ballistix 6 GB,,"31,600","3,2",Black / Yellow,10,8
Mushkin Redline 16 GB,,"31,600","4,4",Red / Silver,8.75,7
Corsair Vengeance 8 GB,,"31,600","2,4",Black / Red,11.25,9
Mushkin Silverline 32 GB,,"31,333","4,8",Gray / Silver,13.503,9
G.Skill F3-10600CL9S-8GBSQ 8 GB,,"31,333","1,8",Green,13.503,9
Mushkin Blackline 16 GB,,"31,600","4,4",Black,10,8
Mushkin Blackline 12 GB,,"31,600","3,4",Black,10,8
Mushkin Blackline 12 GB,,"31,600","3,4",Black,10,8
Mushkin Blackline 16 GB,,"31,600","4,4",Black,10,8
Mushkin Blackline 8 GB,,"31,600","2,4",Black,10,8
Mushkin Blackline 8 GB,,"31,600","2,4",Gray / Silver,10,8
Corsair Vengeance 8 GB,,"31,600","2,4",Black / Blue,10,8
Corsair Dominator GT 16 GB,,"32,133","4,4",Black / Red,8.439,9
Wintec Value 4 GB,,"2,800","2,2",Green,15,6
Crucial Ballistix Smart Tracer 4 GB,,"31,600","1,4",Black / Silver,10,8
Mushkin Essentials 32 GB,,"31,333","4,8",Green,13.503,9
Crucial Ballistix Smart Tracer 2 GB,,"31,600","1,2",Black / Silver,10,8
Crucial Ballistix Sport 2 GB,,"31,600","1,2",Black / Silver,11.25,9
Crucial Ballistix Sport 4 GB,,"31,600","2,2",Black / Silver,11.25,9
Crucial Ballistix Elite 4 GB,,"31,866","2,2",Black / Silver,9.646,9
Crucial Ballistix Sport 8 GB,,"31,333","2,4",Black / Silver,13.503,9
Crucial Ballistix Smart Tracer 4 GB,,"31,600","2,2",Black / Silver,10,8
Crucial Ballistix Sport 4 GB,,"31,333","1,4",Black / Silver,13.503,9
Crucial Ballistix Smart Tracer 4 GB,,"31,600","1,4",Black / Silver,10,8
Crucial Ballistix Smart Tracer 6 GB,,"31,600","3,2",Black / Silver,10,8
Kingston T1 8 GB,,"31,600","2,4",Blue,11.25,9
Crucial Ballistix Smart Tracer 4 GB,,"31,600","2,2",Black / Silver,10,8
AMD Entertainment Edition 2 GB,,"31,333","1,2",Black,13.503,9
AMD Performance Edition 8 GB,,"31,333","2,4",Black / Red,12.003,8
AMD Performance Edition 4 GB,,"31,333","2,2",Black / Red,12.003,8
AMD Performance Edition 8 GB,,"31,600","2,4",Black / Red,10,8
Crucial Ballistix 2 GB,,"31,333","1,2",Black / Yellow,10.503,7
Crucial Ballistix Sport 12 GB,,"31,600","3,4",Black / Silver,11.25,9
Crucial Ballistix Sport 4 GB,,"31,333","2,2",Black / Silver,13.503,9
Crucial Ballistix Smart Tracer 8 GB,,"31,600","2,4",Black / Silver,10,8
Crucial Ballistix Smart Tracer 12 GB,,"31,600","3,4",Black / Silver,10,8
Wintec Value 2 GB,,"2,667","1,2",Green,14.993,5
Kingston LoVo 4 GB,,"31,600","2,2",Green / Silver,11.25,9
Kingston Blu 8 GB,,"31,333","2,4",Red / Silver,13.503,9
Kingston Blu 4 GB,,"31,333","1,4",Red / Silver,13.503,9
Kingston Blu 4 GB,,"31,600","1,4",Red / Silver,11.25,9
Kingston Blu 8 GB,,"31,600","2,4",Red / Silver,11.25,9
Kingston KHX2133C11D3K4/8GX 8 GB,,"32,133","4,2",Blue / Silver,10.314,11
Crucial Ballistix Sport 12 GB,,"31,333","3,4",Orange / White,13.503,9
AMD Entertainment Edition 4 GB,,"31,600","1,4",Blue,11.25,9
AMD Entertainment Edition 4 GB,,"31,333","1,4",Blue,13.503,9
Kingston KVR1333D3S9/8G 8 GB,,"31,333","1,8",Green,13.503,9
Corsair Vengeance LP 4 GB,,"31,600","1,4",Black / Yellow,8.75,7
Kingston T1 Black 8 GB,,"31,866","2,4",Black,9.646,9
Crucial Ballistix Elite 8 GB,,"31,600","2,4",Black / Silver,10,8
Crucial Ballistix Elite 8 GB,,"31,866","2,4",Black / Silver,9.646,9
Crucial Ballistix Smart Tracer 12 GB,,"31,600","3,4",,10,8
Wintec Value 2 GB,,"2,800","1,2",Green,12.5,5
Crucial Ballistix Elite 4 GB,,"31,600","2,2",Black / Silver,10,8
Corsair Vengeance 8 GB,,"31,600","2,4",Black / Gold,11.25,9
Corsair Vengeance 32 GB,,"31,600","8,4",Black / Silver,11.25,9
Kingston T1 6 GB,,"31,866","3,2",Blue,9.646,9
Crucial Ballistix Smart Tracer 2 GB,,"31,600","1,2",,10,8
Crucial Ballistix Elite 4 GB,,"31,866","1,4",Black / Silver,9.646,9
Crucial Ballistix Smart Tracer 6 GB,,"31,600","3,2",,10,8
Corsair Vengeance LP 4 GB,,"31,600","1,4",Black / Yellow,11.25,9
Patriot Viper Xtreme Division 4 16 GB,,"31,866","4,4",Black / Silver,9.646,9
Patriot G2 Series Division 2 Edition 16 GB,,"31,600","2,8",Black / Blue,11.25,9
Patriot G2 Series Division 4 32 GB,,"31,333","4,8",Black / Blue,13.503,9
Corsair Vengeance 8 GB,,"31,600","1,8",Black / Gold,11.25,9
Corsair Vengeance 16 GB,,"31,600","2,8",Black / Gold,11.25,9
"Patriot Gamer 2 Series, Division 2 Editi 32 GB",,"31,333","4,8",,13.503,9
"Patriot Gamer 2 Series, Division 4 Editi 8 GB",,"31,333","4,2",Black / Blue,13.503,9
GeIL EVO CORSA 8 GB,,"31,600","1,8",Black / Yellow,12.5,10
GeIL EVO CORSA 8 GB,,"31,333","1,8",Black / Yellow,13.503,9
GeIL EVO CORSA 64 GB,,"31,600","8,8",,12.5,10
G.Skill Ares 8 GB,,"31,333","2,4",Black / Orange,13.503,9
G.Skill Ares 16 GB,,"31,866","4,4",Black / Blue,9.646,9
G.Skill Ares 8 GB,,"32,133","2,4",Black / Orange,10.314,11
G.Skill Ares 8 GB,,"31,600","2,4",Black / Blue,10,8
G.Skill Ares 16 GB,,"31,600","4,4",Black / Blue,10,8
G.Skill Ares 16 GB,,"31,333","2,8",Black / Orange,13.503,9
G.Skill Ares 16 GB,,"31,333","4,4",Black / Orange,13.503,9
G.Skill Ares 16 GB,,"32,133","4,4",Black / Orange,10.314,11
G.Skill Ares 8 GB,,"31,866","2,4",Black / Blue,9.646,9
ADATA Premier 16 GB,,"31,333","2,8",Green,13.503,9
G.Skill Ripjaws X 32 GB,,"31,866","4,8",Black / Red,10.718,10
Crucial Ballistix 12 GB,,"31,333","3,4",Orange / White,10.503,7
Crucial Ballistix 4 GB,,"31,866","2,2",Black / Orange,9.646,9
Crucial Ballistix Tactical Tracer 4 GB,,"31,866","1,4",Black / Silver,9.646,9
"Patriot Gamer 2, Division 4 Edition 32 GB",,"31,600","4,8",Black / Blue,11.25,9
GeIL EVO CORSA 32 GB,,"31,866","8,4",Black / Yellow,9.646,9
G.Skill Ripjaws Z 32 GB,,"32,133","4,8",Black / Red,10.314,11
G.Skill Ripjaws X + Turbulence II 8 GB,,"32,400","2,4",Black / Red,9.167,11
Crucial Ballistix Sport 6 GB,,"31,600","3,2",Orange / White,11.25,9
Kingston HyperX 4 GB,,"31,866","1,4",Blue / Silver,9.646,9
Crucial Ballistix Tactical Tracer 4 GB,,"31,866","1,4",Black / Silver,9.646,9
PNY MD8192KD3-1866-X9 8 GB,,"31,866","2,4",,9.646,9
G.Skill Trident + Turbulence II 8 GB,,"32,400","2,4",,8.333,10
G.Skill Ripjaws X 16 GB,,"32,133","4,4",Black / Blue,8.439,9
G.Skill Ripjaws X 8 GB,,"31,866","4,2",,8.574,8
PNY MD16384K4D3-1600-X9 16 GB,,"31,600","4,4",,11.25,9
PNY MD16384K4D3-2133-X10 16 GB,,"32,133","4,4",Black / Red,9.376,10
G.Skill Ripjaws X 32 GB,,"32,133","4,8",Black / Blue,8.439,9
Mushkin Blackline 32 GB,,"31,600","4,8",Black,12.5,10
Mushkin Blackline 16 GB,,"31,600","2,8",Black / Silver,12.5,10
Mushkin Redline 8 GB,,"31,600","2,4",,8.75,7
Mushkin Redline 12 GB,,"31,600","3,4",,8.75,7
Mushkin Blackline 16 GB,,"31,600","2,8",Black,11.25,9
Mushkin Blackline 32 GB,,"31,600","4,8",Black,11.25,9
Mushkin Redline 16 GB,,"31,600","4,4",,8.75,7
Mushkin Redline 12 GB,,"31,866","3,4",,9.646,9
Crucial Ballistix Tactical Tracer 8 GB,,"31,866","2,4",Black / Silver,9.646,9
GeIL EVO CORSA 32 GB,,"32,133","8,4",,9.376,10
GeIL EVO CORSA 32 GB,,"31,600","8,4",,11.25,9
GeIL Value PLUS 8 GB,,"31,333","1,8",Black / Silver,13.503,9
GeIL Value PLUS 16 GB,,"31,333","2,8",Black / Silver,13.503,9
GeIL Value PLUS 16 GB,,"31,600","2,8",Black / Silver,12.5,10
GeIL Value PLUS 8 GB,,"31,600","1,8",Black / Silver,12.5,10
GeIL EVO CORSA 16 GB,,"32,400","2,8",,9.167,11
Patriot Gamer 2 8 GB,,"31,600","1,8",Black / Blue,11.25,9
Crucial Ballistix Tactical Tracer 8 GB,,"31,866","2,4",Black / Silver,9.646,9
Wintec Value 8 GB,,"31,333","1,8",,13.503,9
Crucial Ballistix 4 GB,,"31,866","1,4",Black / Yellow,9.646,9
Crucial Ballistix 2 GB,,"31,866","1,2",Black / Yellow,9.646,9
"Patriot Viper Xtreme Series, Division Vi 8 GB",,"32,133","2,4",Black / Silver,10.314,11
Mushkin Redline 8 GB,,"31,866","2,4",,9.646,9
Mushkin Redline 16 GB,,"31,866","4,4",,9.646,9
Mushkin Redline 12 GB,,"31,866","3,4",,9.646,9
Mushkin Redline 8 GB,,"31,600","2,4",,8.75,7
Mushkin Redline 16 GB,,"31,600","4,4",,8.75,7
Mushkin Redline 12 GB,,"31,600","3,4",,8.75,7
Mushkin Redline 8 GB,,"31,866","2,4",,9.646,9
GeIL EVO CORSA 32 GB,,"31,600","4,8",Black / Yellow,11.25,9
ADATA Premier 16 GB,,"31,600","2,8",Black / Red,13.75,11
Wintec Value 16 GB,,"31,333","2,8",Green,13.503,9
G.Skill F3-1600C10S-8GSQ 8 GB,,"31,600","1,8",Green,12.5,10
G.Skill F3-1600C10D-16GSQ 16 GB,34.76,"31,600","2,8",Green,12.5,10
G.Skill F3-1600C11S-8GSQ 8 GB,,"31,600","1,8",Green,13.75,11
G.Skill F3-1600C11D-16GSQ 16 GB,,"31,600","2,8",Green,13.75,11
Corsair Vengeance 8 GB,,"32,133","2,4",Black / Red,8.439,9
Kingston KVR1333D3N9HK4/16G 16 GB,,"31,333","4,4",Green,13.503,9
Corsair Vengeance 16 GB,,"31,866","2,8",Black / Silver,9.646,9
GeIL EVO CORSA 32 GB,,"32,400","4,8",,9.167,11
Crucial Ballistix 12 GB,,"31,600","3,4",Black / Yellow,10,8
Patriot Signature 8 GB,,"31,333","1,8",Blue / Silver,13.503,9
G.Skill Trident X 8 GB,,"32,666","2,4",Black / Red,8.252,11
Wintec Value 16 GB,,"31,600","2,8",Green,13.75,11
G.Skill Trident X 16 GB,,"32,666","4,4",Black / Red,8.252,11
GeIL EVO CORSA 16 GB,,"31,866","2,8",Black / Yellow,9.646,9
ADATA Premier 16 GB,,"31,600","2,8",Blue,13.75,11
Crucial Ballistix Elite 6 GB,,"31,600","3,2",Black / Silver,10,8
GeIL GS38GB1600C10SC 8 GB,,"31,600","1,8",Green,12.5,10
GeIL GS316GB1600C10DC 16 GB,,"31,600","2,8",Green,12.5,10
AMD Entertainment Edition 2 GB,,"31,333","1,2",Black,13.503,9
AMD Entertainment Edition 4 GB,,"31,333","1,4",Black,13.503,9
AMD Entertainment Edition 2 GB,,"31,600","1,2",Black,13.75,11
AMD Entertainment Edition 4 GB,,"31,600","1,4",Black,13.75,11
GeIL EVO CORSA 8 GB,,"32,133","2,4",Black / Yellow,10.314,11
GeIL EVO CORSA 16 GB,,"32,133","2,8",,10.314,11
Corsair XMS 16 GB,,"31,600","2,8",,12.5,10
ADATA XPG Gaming 16 GB,,"32,133","2,8",Gray / Silver,9.376,10
ADATA XPG Gaming 8 GB,,"32,133","2,4",,9.376,10
GeIL EVO CORSA 32 GB,,"32,400","4,8",,8.333,10
Kingston KHX16C9/8 8 GB,,"31,600","1,8",Blue / Silver,11.25,9
Corsair Vengeance 8 GB,,"32,133","2,4",Black / Blue,8.439,9
ADATA Premier 16 GB,,"31,333","2,8",Green,13.503,9
Corsair XMS 16 GB,,"31,600","2,8",Black / Blue,11.25,9
Kingston KHX18C9T1K4/16X 16 GB,,"31,866","4,4",Blue,9.646,9
Kingston KHX21C11T1K2/16X 16 GB,,"32,133","2,8",Black,10.314,11
Kingston KHX16C9K2/16 16 GB,,"31,600","2,8",Blue,11.25,9
"Patriot Viper Xtreme Series, Division 2 8 GB",,"32,400","2,4",Black / Silver,9.167,11
Kingston KHX21C11T1BK2/8X 8 GB,,"32,133","2,4",Black,10.314,11
GeIL EVO CORSA 16 GB,,"32,133","4,4",Black / Yellow,10.314,11
Corsair Dominator Platinum 8 GB,,"31,866","2,4",Black / Silver,9.646,9
Kingston KHX2133C11D3T1K2/8GX 8 GB,,"32,133","2,4",,10.314,11
Mushkin Redline 32 GB,,"31,866","4,8",Red,10.718,10
Mushkin Redline 32 GB,,"31,866","4,8",Red,10.718,10
Mushkin Redline 16 GB,,"31,866","2,8",,10.718,10
Mushkin Redline 16 GB,,"31,866","2,8",,10.718,10
Kingston KHX24C11K4/16X 16 GB,,"32,400","4,4",Blue / Silver,9.167,11
Kingston KHX21C11T1K2/8X 8 GB,,"32,133","2,4",Blue,10.314,11
Kingston KVR16N11/2 2 GB,24.56,"31,600","1,2",Green,13.75,11
Kingston KVR16S11/2 2 GB,,"31,600","1,2",,13.75,11
GeIL EVO VELOCE 8 GB,,"31,600","2,4",Red / Silver,11.25,9
Crucial Ballistix Elite 12 GB,,"31,600","3,4",Black / Silver,10,8
Kingston KVR16S11/8 8 GB,36.28,"31,600","1,8",Green,13.75,11
GeIL EVO VELOCE 16 GB,,"31,333","2,8",Red / Silver,13.503,9
GeIL EVO VELOCE 16 GB,,"31,600","2,8",Red / Silver,11.25,9
GeIL EVO VELOCE 16 GB,,"31,600","2,8",Red / Silver,12.5,10
GeIL EVO VELOCE 16 GB,,"31,600","4,4",,11.25,9
"Patriot Viper Xtreme Series, Division 2 16 GB",,"31,866","2,8",Black / Silver,9.646,9
Corsair Dominator Platinum 8 GB,,"31,600","2,4",Black / Silver,11.25,9
Kingston KHX16C9P1K2/16 16 GB,,"31,600","2,8",Black / Silver,11.25,9
Kingston KHX16S9P1K2/16 16 GB,,"31,600","2,8",Gray / Silver,11.25,9
Corsair Vengeance 16 GB,,"31,866","4,4",Black / Blue,9.646,9
Kingston KVR13S9S8/4 4 GB,19.66,"31,333","1,4",Green,13.503,9
GeIL EVO Leggara 16 GB,,"31,600","2,8",Black / Green,12.5,10
GeIL EVO Leggara 16 GB,,"32,133","2,8",Black / Green,10.314,11
Corsair Dominator Platinum 16 GB,,"31,866","4,4",,9.646,9
Corsair Dominator Platinum 8 GB,,"31,600","2,4",Black / Silver,11.25,9
GeIL EVO Leggara 8 GB,,"31,866","2,4",Black / Green,9.646,9
GeIL EVO Leggara 16 GB,,"31,866","2,8",Black / Green,10.718,10
GeIL EVO Leggara 8 GB,,"32,133","2,4",Black / Green,10.314,11
Crucial CT2K2G3S1339M 4 GB,,"31,333","2,2",Green,13.503,9
Crucial CT2K4G3S1339M 8 GB,45.29,"31,333","2,4",Green,13.503,9
GeIL EVO Leggara 16 GB,,"31,600","4,4",,11.25,9
Corsair Vengeance LP 16 GB,,"32,133","4,4",Black / Blue,8.439,9
GeIL EVO Leggara 8 GB,,"32,400","2,4",,9.167,11
GeIL EVO Leggara 32 GB,,"32,400","4,8",,8.333,10
GeIL EVO Leggara 8 GB,,"31,600","2,4",Black / Green,11.25,9
GeIL EVO Leggara 16 GB,,"31,600","2,8",Black / Green,11.25,9
Kingston Value 2 GB,,"31,066","1,2",Green,13.133,7
Patriot Viper 3 8 GB,,"32,133","2,4",Black / Silver,10.314,11
Patriot Viper 3 32 GB,,"31,600","4,8",Black / Silver,12.5,10
GeIL EVO VELOCE 32 GB,,"31,866","4,8",Red / Silver,10.718,10
Kingston KHX16C10B1K2/16X 16 GB,,"31,600","2,8",Blue / Silver,12.5,10
GeIL EVO Leggara 16 GB,,"32,400","4,4",,9.167,11
Kingston KVR1333D3S8N9HK2/4G 4 GB,,"31,333","2,2",Green,13.503,9
Mushkin Blackline 32 GB,,"31,866","4,8",Black,11.79,11
Mushkin Blackline 32 GB,,"31,866","4,8",Black,11.79,11
Mushkin Blackline 16 GB,,"31,866","2,8",Black,11.79,11
Mushkin Blackline 16 GB,,"31,600","2,8",Black,11.25,9
Mushkin Blackline 32 GB,,"31,600","4,8",Black,11.25,9
"Patriot Intel Extreme Master, Limited Ed 16 GB",,"31,866","2,8",Black / Blue,10.718,10
"Patriot Intel Extreme Master, Limited Ed 8 GB",,"31,600","2,4",Black / Blue,11.25,9
"Patriot Intel Extreme Master, Limited Ed 8 GB",,"31,866","2,4",Black / Blue,9.646,9
"Patriot Intel Extreme Master, Limited Ed 8 GB",,"32,133","2,4",Black / Blue,10.314,11
Mushkin Blackline 16 GB,,"31,866","2,8",Black,11.79,11
GeIL EVO Leggara 16 GB,,"31,333","2,8",Red / Silver,13.503,9
Kingston KVR1333D3N9HK3/12G 12 GB,,"31,333","3,4",Green,13.503,9
Patriot Viper 3 16 GB,,"31,600","4,4",Black / Silver,11.25,9
"Patriot Intel Extreme Master, Limited Ed 16 GB",,"31,866","4,4",Black / Blue,9.646,9
G.Skill Trident 8 GB,,"32,400","2,4",Black / Red,8.333,10
G.Skill Ripjaws Z 16 GB,,"32,133","2,8",Black / Red,10.314,11
G.Skill Trident 16 GB,,"32,400","4,4",Black / Red,8.333,10
GeIL EVO VELOCE 32 GB,,"31,333","4,8",Red / Silver,13.503,9
Corsair Dominator Platinum 16 GB,,"31,866","2,8",Black / Silver,9.646,9
Corsair Dominator Platinum 8 GB,,"32,133","2,4",Black / Silver,8.439,9
Corsair Dominator Platinum 16 GB,,"32,133","4,4",Black / Silver,8.439,9
Kingston Blu Red 4 GB,,"31,333","2,2",Red / Silver,13.503,9
Kingston XMP Blu Red 4 GB,,"31,600","2,2",Red / Silver,11.25,9
Kingston Predator 8 GB,,"31,600","2,4",,11.25,9
Kingston Predator 8 GB,,"31,866","2,4",,9.646,9
Kingston Predator 8 GB,,"32,400","2,4",,9.167,11
"Patriot Intel Extreme Master, Limited Ed 32 GB",,"31,600","4,8",Black / Blue,11.25,9
Kingston Blu Red 4 GB,,"31,333","1,4",Red / Silver,13.503,9
Kingston Blu Red 8 GB,,"31,600","1,8",Red / Silver,12.5,10
Kingston Blu Red 16 GB,,"31,600","2,8",,12.5,10
Kingston Blu Red 8 GB,,"31,600","2,4",,11.25,9
Kingston Blu Red 8 GB,,"31,333","2,4",Red / Silver,13.503,9
Kingston Blu Red 4 GB,,"31,600","1,4",Red / Silver,11.25,9
Kingston KHX16C9K2/16X 16 GB,,"31,600","2,8",Blue / Silver,11.25,9
Mushkin Redline 16 GB,,"32,400","4,4",,8.333,10
Mushkin Redline 8 GB,,"32,400","2,4",,8.333,10
GeIL EVO Leggara 32 GB,,"31,333","4,8",Black / Green,13.503,9
Mushkin Essentials 8 GB,,"31,333","2,4",Green,13.503,9
Corsair Vengeance 16 GB,,"32,400","4,4",Black / Silver,7.5,9
AMD Entertainment Edition 8 GB,,"31,333","1,8",Black / Red,13.503,9
Kingston KVR13S9K2/16 16 GB,,"31,333","2,8",Green,13.503,9
Mushkin Silverline 16 GB,,"31,600","2,8",Gray / Silver,13.75,11
Crucial CT25664BC1067T 2 GB,,"31,066","1,2",Green,13.133,7
Crucial CT2K4G3S1067M 8 GB,61.85,"31,066","2,4",Green,13.133,7
Crucial CT2K8G3S1339M 16 GB,79.98,"31,333","2,8",Green,13.503,9
Crucial CT2K4G3S160BM 8 GB,54.99,"31,600","2,4",Green,13.75,11
Lexar CT2KIT51264BF160B 8 GB,,"31,600","2,4",Green,13.75,11
Lexar CT2KIT51264BC160B 8 GB,,"31,600","2,4",,13.75,11
Crucial CT2KIT51264BC160B 8 GB,,"31,600","2,4",Green,13.75,11
AMD Entertainment Edition 16 GB,,"31,333","2,8",Black / Red,13.503,9
Kingston KHX16C9K4/32X 32 GB,,"31,600","4,8",Blue / Silver,11.25,9
Kingston Blu Red 2 GB,,"31,333","1,2",Red / Silver,13.503,9
Kingston Blu Red 2 GB,,"31,600","1,2",Red / Silver,11.25,9
GeIL EVO Leggara 16 GB,,"31,866","2,8",Black / Green,9.646,9
Patriot Viper 3 16 GB,,"31,866","4,4",Black / Silver,9.646,9
Kingston XMP Blu Red 16 GB,,"31,600","2,8",Red / Silver,12.5,10
Kingston Predator 16 GB,,"32,133","2,8",Black / Blue,10.314,11
Patriot Viper 3 32 GB,,"31,600","4,8",Black / Red,12.5,10
Patriot Viper 3 16 GB,,"31,600","4,4",Black / Red,11.25,9
Patriot Viper 3 16 GB,,"31,866","2,8",Black / Red,10.718,10
Patriot Viper 3 32 GB,,"31,866","4,8",Black / Red,10.718,10
Patriot Viper 3 32 GB,,"31,600","4,8",Black / Red,11.25,9
Patriot Viper 3 16 GB,,"31,600","2,8",Black / Red,11.25,9
Patriot Viper 3 16 GB,,"31,600","2,8",Black / Red,12.5,10
Patriot Viper 3 8 GB,,"31,600","2,4",Black / Red,11.25,9
Corsair Vengeance 16 GB,,"32,400","4,4",Black / Silver,8.333,10
Patriot Viper 3 16 GB,,"32,133","4,4",Black / Red,10.314,11
Patriot Viper 3 16 GB,,"32,133","2,8",Black / Red,10.314,11
Patriot Viper 3 8 GB,,"32,133","2,4",Black / Red,10.314,11
Kingston KVR1333D3S8N9HK3/6G 6 GB,,"31,333","3,2",Green,13.503,9
GeIL EVO VELOCE 32 GB,,"31,600","4,8",Red / Silver,11.25,9
Pareema MD316C81611S2 8 GB,,"31,600","2,4",Green,13.75,11
Pareema MD316D81611S2 16 GB,,"31,600","2,8",Green,13.75,11
Pareema MD313D81609S1 8 GB,,"31,333","1,8",Green,13.503,9
Pareema MD313D81609S2 16 GB,,"31,333","2,8",Green,13.503,9
Pareema MD316C81611S1 4 GB,,"31,600","1,4",,13.75,11
Pareema MD316D81611S1 8 GB,,"31,600","1,8",Green,13.75,11
Corsair ValueSelect 16 GB,,"31,600","2,8",Green,11.25,9
Corsair ValueSelect 8 GB,,"31,600","1,8",Green,11.25,9
Mushkin Blackline 8 GB,,"31,600","2,4",Green,11.25,9
Corsair Vengeance Performance 16 GB,,"31,866","2,8",Black / Gold,10.718,10
Wintec Value 8 GB,,"31,600","1,8",,13.75,11
Corsair CMSO8GX3M2A1600C11 8 GB,,"31,600","2,4",Green,11.25,9
Corsair CMSO4GX3M1A1600C11 4 GB,24.99,"31,600","1,4",Green,11.25,9
Mushkin Essentials 8 GB,185.99,"2,800","2,4",Green,15,6
Corsair CMSO4GX3M1B1333C9 4 GB,,"31,333","1,4",Black,13.503,9
Patriot Signature 4 GB,,"31,333","1,4",Black,13.503,9
Patriot Signature 16 GB,,"31,600","2,8",Green,13.75,11
Patriot Signature 8 GB,38.13,"31,333","1,8",Black,13.503,9
Patriot Viper 3 32 GB,,"32,133","4,8",Black / Red,10.314,11
Patriot Viper 3 16 GB,,"31,866","4,4",Black / Red,9.646,9
Corsair Dominator Platinum 8 GB,,"32,666","2,4",Black / Silver,8.252,11
Corsair Dominator Platinum 16 GB,,"32,600","4,4",,7.692,10
Corsair Vengeance LP 8 GB,,"31,866","2,4",Black / Blue,9.646,9
GeIL EVO VELOCE 16 GB,,"31,866","2,8",Red / Silver,9.646,9
Patriot Viper 3 8 GB,,"31,600","1,8",Black / Silver,11.25,9
Corsair Dominator Platinum 16 GB,,"32,666","4,4",Black / Silver,8.252,11
Patriot Viper 3 8 GB,,"31,600","2,4",Black / Green,11.25,9
Patriot Viper 3 16 GB,,"31,600","4,4",Black / Green,11.25,9
ADATA XPG Gaming 16 GB,,"31,600","2,8",Black / Silver,11.25,9
Corsair Dominator 16 GB,,"31,600","2,8",Black / Blue,11.25,9
Corsair Vengeance 16 GB,,"31,600","2,8",Black / Gold,11.25,9
Corsair Dominator Platinum 8 GB,,"32,800","2,4",Black / Silver,8.571,12
Corsair Vengeance LP 8 GB,,"31,600","1,8",Black / Yellow,11.25,9
Corsair Vengeance 64 GB,,"31,866","8,8",Black / Yellow,9.646,9
Kingston Predator 16 GB,,"31,866","2,8",Black / Blue,9.646,9
Kingston Predator 8 GB,,"32,133","2,4",Black / Blue,10.314,11
Kingston Predator 16 GB,,"31,866","4,4",Black / Blue,9.646,9
Kingston KHX16LC10K2/16X 16 GB,,"31,600","2,8",Green / Silver,12.5,10
Kingston Blu Red 4 GB,,"31,600","2,2",Red / Silver,11.25,9
G.Skill Trident X 16 GB,,"32,666","4,4",,7.502,10
Kingston Blu 8 GB,,"31,333","1,8",Blue / Silver,13.503,9
Kingston Predator 8 GB,,"32,666","2,4",Black / Blue,8.252,11
Mushkin Blackline 8 GB,,"32,400","2,4",Black,9.167,11
Mushkin Blackline 16 GB,,"32,400","4,4",Black,9.167,11
Mushkin Blackline 8 GB,,"32,400","2,4",Black,9.167,11
G.Skill Trident X 16 GB,,"32,400","4,4",Black / Red,7.5,9
Corsair Vengeance Performance 32 GB,,"31,866","4,8",Black / Silver,9.646,9
Corsair Dominator Platinum 8 GB,,"32,400","2,4",,7.5,9
Crucial Ballistix Sport 4 GB,,"31,600","1,4",Black / Silver,11.25,9
Crucial Ballistix Sport 16 GB,,"31,600","4,4",Black / Silver,11.25,9
G.Skill NS 8 GB,,"31,600","2,4",Black,13.75,11
Kingston HyperX Beast 16 GB,,"31,866","4,4",Black,9.646,9
Kingston HyperX Beast 8 GB,,"31,866","2,4",Black,9.646,9
G.Skill Trident X 8 GB,,"32,400","2,4",Black / Red,7.5,9
Corsair Dominator Platinum 16 GB,,"32,400","4,4",Black / Silver,7.5,9
Corsair Dominator Platinum 16 GB,,"32,666","4,4",Black / Silver,7.502,10
Kingston HyperX Beast 8 GB,,"32,133","2,4",Black,10.314,11
Kingston HyperX Beast 32 GB,,"32,133","4,8",Black,10.314,11
Crucial Ballistix Elite 8 GB,,"32,133","2,4",,8.439,9
Crucial Ballistix Tactical 16 GB,,"31,600","4,4",Black / Yellow,10,8
Kingston KHX16C9K8/64X 64 GB,,"31,600","8,8",Blue / Silver,11.25,9
Kingston HyperX Beast 16 GB,,"31,866","2,8",Black,10.718,10
Kingston HyperX Beast 32 GB,,"31,866","4,8",Black,10.718,10
Kingston HyperX Beast 16 GB,,"32,133","2,8",Black,10.314,11
G.Skill Trident X 16 GB,,"32,800","4,4",Black / Red,7.857,11
Kingston Black 8 GB,,"31,600","2,4",Black / Silver,11.25,9
Kingston Black 2 GB,,"31,333","1,2",Blue / Silver,13.503,9
GeIL EVO Leggara 32 GB,,"31,600","4,8",Black / Green,12.5,10
Kingston Black 4 GB,,"31,333","1,4",Black / Silver,13.503,9
Kingston Black 4 GB,,"31,333","2,2",Blue / Silver,13.503,9
Kingston Black 2 GB,,"31,600","1,2",Blue / Silver,11.25,9
Kingston XMP Black 4 GB,,"31,600","2,2",Black / Silver,11.25,9
Kingston Black 4 GB,,"31,600","2,2",Blue / Silver,11.25,9
Kingston Black 8 GB,,"31,333","2,4",,13.503,9
Kingston XMP 10th Anniversary 8 GB,,"31,866","2,4",Gray / Silver,9.646,9
Mushkin Redline 16 GB,,"31,600","2,8",Red,10,8
Mushkin Redline 32 GB,,"31,600","4,8",Red,10,8
Mushkin Redline 32 GB,,"31,600","4,8",Red,10,8
Mushkin Redline 16 GB,,"31,866","2,8",Red,9.646,9
Mushkin Redline 16 GB,,"31,866","2,8",Red,9.646,9
Mushkin Redline 16 GB,,"31,600","2,8",Red,10,8
Kingston XMP 10th Anniversary 16 GB,,"32,400","4,4",Gray / Silver,9.167,11
Kingston XMP 10th Anniversary 16 GB,,"32,133","4,4",Gray / Silver,10.314,11
Kingston XMP 10th Anniversary 16 GB,,"31,866","4,4",Gray / Silver,9.646,9
Kingston HyperX 16 GB,,"31,600","2,8",Green / Silver,11.25,9
GeIL EVO VELOCE 16 GB,,"32,133","2,8",Red / Silver,10.314,11
GeIL EVO VELOCE 32 GB,,"31,866","4,8",Red / Silver,9.646,9
G.Skill Trident X 8 GB,,"32,800","2,4",Black / Red,7.857,11
GeIL EVO Leggara 16 GB,,"32,400","2,8",Black / Green,9.167,11
Crucial Ballistix Sport 8 GB,69.92,"31,333","1,8",Black / Silver,13.503,9
Crucial Ballistix Sport 32 GB,,"31,600","4,8",Black / Silver,11.25,9
Corsair Dominator Platinum 32 GB,,"31,600","4,8",Black / Silver,11.25,9
AMD Performance Edition 8 GB,,"31,866","2,4",Black / Red,10.718,10
AMD Entertainment Edition 8 GB,,"31,600","2,4",,13.75,11
Kingston HyperX 16 GB,,"31,600","2,8",Gray / Silver,12.5,10
Kingston LV XMP 10th Anniversary 16 GB,,"31,600","2,8",Gray / Silver,12.5,10
Kingston XMP 10th Anniversary 32 GB,,"31,600","4,8",Gray / Silver,11.25,9
Kingston XMP 10th Anniversary 16 GB,,"31,600","4,4",Gray / Silver,11.25,9
Kingston XMP 10th Anniversary 8 GB,99.98,"31,600","2,4",Gray / Silver,11.25,9
Kingston HyperX 10th Anniversary 8 GB,,"31,600","1,8",Gray / Silver,11.25,9
Kingston HyperX 10th Anniversary 4 GB,,"31,600","1,4",Gray / Silver,11.25,9
Mushkin Redline 32 GB,,"31,866","4,8",Red,9.646,9
Corsair Dominator Platinum 16 GB,,"32,800","4,4",Black / Silver,8.571,12
Crucial Ballistix Tactical Tracer 16 GB,,"31,600","2,8",,10,8
GeIL EVO VELOCE 32 GB,,"32,133","4,8",Red / Silver,10.314,11
Kingston XMP 10th Anniversary 16 GB,,"31,600","4,4",Gray / Silver,11.25,9
GeIL GS34GB1333C9SC 4 GB,,"31,333","1,4",Green,13.503,9
Crucial CT2KIT51264BC160BDUP 8 GB,,"31,600","2,4",,13.75,11
AMD Entertainment Edition 16 GB,,"31,600","2,8",,13.75,11
Kingston KHX16LS9P1K2/16 16 GB,,"31,600","2,8",Gray / Silver,11.25,9
Kingston HyperX 8 GB,,"31,600","2,4",Green / Silver,11.25,9
Kingston 1500 4 GB,,"31,600","1,4",Gray / Silver,11.25,9
Kingston HyperX T1 8 GB,,"32,000","2,4",Blue,9,9
Kingston HyperX Beast 64 GB,,"32,133","8,8",Black,10.314,11
Kingston HyperX 8 GB,,"32,133","2,4",Gray / Silver,11.252,12
Mushkin Blackline 32 GB,,"31,600","4,8",Black,11.25,9
Mushkin Blackline 16 GB,,"31,600","2,8",Black,11.25,9
Patriot Signature 8 GB,,"31,333","2,4",Green,13.503,9
Mushkin Redline 32 GB,,"31,866","4,8",Red,9.646,9
GeIL EVO Leggara 32 GB,,"31,600","4,8",Black / Green,11.25,9
G.Skill Ripjaws X 16 GB,,"32,133","4,4",Black / Blue,9.376,10
G.Skill Sniper 16 GB,,"32,133","4,4",Black / Red,9.376,10
G.Skill Ares 16 GB,,"32,133","4,4",Black / Blue,9.376,10
G.Skill Ripjaws X 8 GB,,"32,133","2,4",Black / Blue,9.376,10
G.Skill Sniper 8 GB,,"32,133","2,4",Black / Red,9.376,10
GeIL EVO VELOCE 4 GB,,"31,333","1,4",Red / Silver,13.503,9
GeIL EVO VELOCE 16 GB,,"32,400","2,8",Red / Silver,9.167,11
G.Skill Ripjaws X 16 GB,,"32,400","4,4",Black / Blue,9.167,11
Mushkin Stealth 16 GB,,"31,600","4,4",Black / Gold,11.25,9
Mushkin Stealth 16 GB,,"31,600","4,4",Black / Gold,11.25,9
Kingston HyperX Beast 64 GB,,"31,866","8,8",Black,10.718,10
GeIL EVO VELOCE 8 GB,,"31,333","2,4",Red / Silver,13.503,9
Mushkin Blackline 16 GB,,"31,600","2,8",Green,11.25,9
Mushkin Stealth 8 GB,,"31,600","2,4",Black / Gold,10,8
Mushkin Stealth 8 GB,,"31,600","2,4",Black / Gold,11.25,9
Mushkin Stealth 8 GB,,"31,600","2,4",Black / Gold,11.25,9
Mushkin Stealth 32 GB,,"31,600","4,8",Black / Gold,11.25,9
Mushkin Stealth 32 GB,,"31,600","4,8",Black / Gold,11.25,9
PNY MN8192SD3-1600-X9 8 GB,,"31,600","1,8",Green,11.25,9
Mushkin Stealth 12 GB,,"31,600","3,4",Black / Gold,10,8
Patriot Viper 3 4 GB,,"31,600","1,4",Black / Blue,11.25,9
Mushkin Stealth 16 GB,,"31,600","2,8",Black / Gold,11.25,9
Mushkin Stealth 12 GB,,"31,600","3,4",Black / Gold,11.25,9
Mushkin Stealth 12 GB,,"31,600","3,4",Black / Gold,11.25,9
Avexir MPower 16 GB,,"32,133","4,4",Black / Yellow,8.439,9
Avexir Core 8 GB,,"32,133","2,4",Black / Silver,8.439,9
Avexir Core 8 GB,,"31,866","2,4",Black / Silver,9.646,9
Corsair Vengeance Pro 32 GB,,"32,133","4,8",Black / Silver,10.314,11
Corsair Vengeance Pro 8 GB,,"31,600","2,4",Black / Blue,11.25,9
Corsair Vengeance Pro 8 GB,,"32,133","2,4",Black / Silver,10.314,11
G.Skill Sniper 32 GB,,"32,400","4,8",Black / Red,9.167,11
G.Skill Trident X 32 GB,,"32,666","4,8",Black / Red,8.252,11
Kingston M1G64KL110 8 GB,,"31,600","1,8",Green,13.75,11
Kingston M51264KL110S 4 GB,,"31,600","1,4",Green,13.75,11
Mushkin Redline 32 GB,,"32,133","4,8",,8.439,9
Mushkin Redline 16 GB,,"32,133","2,8",,8.439,9
Mushkin Redline 16 GB,,"32,133","2,8",,8.439,9
PNY MN16384KD3-1600-X9 16 GB,,"31,600","2,8",,11.25,9
Patriot Signature Line 2 GB,,"31,333","1,2",Green,13.503,9
Corsair Vengeance Pro 8 GB,,"32,133","2,4",Black / Silver,8.439,9
Crucial Ballistix Sport XT 16 GB,,"31,600","4,4",,11.25,9
Crucial Ballistix Sport XT 32 GB,,"31,600","4,8",Blue / Silver,11.25,9
Crucial Ballistix Sport XT 8 GB,,"31,600","1,8",Blue / Silver,11.25,9
Crucial Ballistix Sport XT 8 GB,,"31,866","1,8",Blue / Silver,10.718,10
G.Skill Trident X 32 GB,,"32,666","4,8",Black / Red,9.002,12
Avexir Core 16 GB,,"31,600","4,4",Black / Yellow,11.25,9
GeIL EVO VELOCE 8 GB,,"32,133","2,4",Red / Silver,9.376,10
Mushkin Redline 32 GB,,"32,400","4,8",,8.333,10
Mushkin Redline 16 GB,,"32,400","2,8",,8.333,10
Avexir SODIMM 8 GB,,"31,333","1,8",Black / Green,13.503,9
Avexir Apple Memory 16 GB,,"31,333","2,8",Black / Green,13.503,9
Avexir Budget 8 GB,,"31,333","1,8",Black,13.503,9
Avexir Core 8 GB,,"31,600","2,4",Black / White,11.25,9
Avexir MPower 8 GB,,"31,600","2,4",Black / Yellow,11.25,9
Avexir Standard 8 GB,,"31,600","2,4",Black / Silver,11.25,9
Avexir Core 16 GB,,"31,600","4,4",Black / Blue,11.25,9
Avexir Core 16 GB,,"31,600","4,4",Black / Red,11.25,9
Avexir MPower 16 GB,,"31,600","4,4",Black / Yellow,11.25,9
G.Skill Trident X 16 GB,,"32,666","2,8",Black / Red,9.002,12
G.Skill Trident X 16 GB,,"32,800","2,8",Black / Red,8.571,12
Avexir Core 16 GB,,"31,600","4,4",Black / White,11.25,9
Crucial Ballistix Sport XT 4 GB,,"31,866","1,4",Blue / Silver,10.718,10
Crucial Ballistix Sport XT 16 GB,,"31,866","4,4",,10.718,10
Mushkin Blackline 32 GB,,"32,133","4,8",Black,9.376,10
Mushkin Blackline 32 GB,,"32,133","4,8",Black,9.376,10
Mushkin Blackline 16 GB,,"32,400","2,8",Black,9.167,11
Mushkin Blackline 16 GB,,"32,400","2,8",Black,9.167,11
Mushkin Blackline 16 GB,,"32,133","2,8",,9.376,10
Mushkin Blackline 32 GB,,"32,133","4,8",,10.314,11
Mushkin Blackline 32 GB,,"32,133","4,8",Black,10.314,11
Mushkin Redline 16 GB,,"32,400","2,8",,8.333,10
Mushkin Blackline 16 GB,,"32,133","2,8",Black,10.314,11
GeIL EVO Leggara 16 GB,,"31,866","4,4",Black / Green,9.646,9
Mushkin Redline 32 GB,,"32,400","4,8",,8.333,10
Mushkin Blackline 32 GB,,"32,400","4,8",Black,9.167,11
Mushkin Blackline 32 GB,,"32,400","4,8",,9.167,11
Corsair CMSO8GX3M1B1333C9 8 GB,,"31,333","1,8",,13.503,9
ADATA XPG V2 8 GB,,"31,600","2,4",Black / Yellow,11.25,9
ADATA XPG V2 8 GB,,"31,600","2,4",Black / Silver,11.25,9
ADATA XPG V2 8 GB,,"32,400","2,4",Black / Yellow,9.167,11
ADATA XPG V2 8 GB,,"32,400","2,4",Black / Silver,9.167,11
ADATA XPG V2 8 GB,,"32,600","2,4",Black / Silver,8.462,11
ADATA XPG V2 16 GB,,"32,600","2,8",Black / Yellow,8.462,11
ADATA XPG V2 8 GB,,"32,800","2,4",Black / Silver,7.857,11
ADATA XPG V2 16 GB,,"32,800","2,8",Black / Silver,7.857,11
GeIL GEV38GB1866C10DC 8 GB,,"31,866","2,4",Red / Silver,10.718,10
Kingston KTL-TP3CL/4G 4 GB,30,"31,600","1,4",,13.75,11
Kingston KTH-X3CL/4G 4 GB,39.99,"31,600","1,4",,13.75,11
Kingston KTL-TP3CL/8G 8 GB,28.99,"31,600","1,8",,13.75,11
Kingston KTT-S3CL/4G 4 GB,,"31,600","1,4",,13.75,11
Kingston KTT-S3CL/8G 8 GB,,"31,600","1,8",,13.75,11
AMD Entertainment Edition 16 GB,,"31,600","2,8",Black / Red,11.25,9
AMD AE38G1609U1K 8 GB,,"31,600","2,4",,11.25,9
AMD AP38G1869U1K 8 GB,,"31,866","2,4",Black / Red,9.646,9
Avexir Server 8 GB,,"31,333","1,8",Black / Green,13.503,9
Avexir Apple Memory 8 GB,,"31,333","1,8",Green,13.503,9
Avexir Platinum 8 GB,,"31,333","2,4",Black,13.503,9
Avexir Green 8 GB,,"31,333","1,8",Black / Green,13.503,9
Avexir Platinum 16 GB,,"31,333","2,8",Black,13.503,9
Avexir Green 8 GB,,"31,600","2,4",Green,11.25,9
Avexir Core 16 GB,,"31,600","4,4",Black / Orange,11.25,9
Avexir Standard 16 GB,,"31,600","4,4",Black / Silver,11.25,9
Avexir Core 16 GB,,"31,600","2,8",Black / Blue,12.5,10
Avexir Core 24 GB,,"31,600","3,8",Black / Blue,12.5,10
Avexir Core 32 GB,,"31,600","4,8",Black / Blue,12.5,10
ADATA XPG V2 16 GB,,"31,600","2,8",Black / Yellow,11.25,9
ADATA XPG V2 16 GB,,"31,600","2,8",Black / Silver,11.25,9
ADATA XPG V2 8 GB,,"32,600","2,4",Black / Yellow,8.462,11
ADATA XPG V2 16 GB,,"32,600","2,8",Black / Silver,8.462,11
ADATA XPG V2 8 GB,,"32,800","2,4",Black / Yellow,7.857,11
GeIL EVO VELOCE 16 GB,,"32,133","2,8",Red / Silver,9.376,10
Kingston KTD-L3CL/4G 4 GB,33.74,"31,600","1,4",Green,13.75,11
Mushkin Stealth 16 GB,,"32,800","4,4",,8.571,12
Mushkin Stealth 8 GB,,"32,800","2,4",,8.571,12
G.Skill Trident X 16 GB,,"32,800","4,4",,8.571,12
Kingston KVR13N9S8HK2/8 8 GB,,"31,333","2,4",Green,13.503,9
Crucial Ballistix Sport 16 GB,,"31,600","2,8",,11.25,9
Crucial Ballistix Sport 4 GB,31.45,"31,600","1,4",Black / Silver,11.25,9
Crucial Ballistix Sport 8 GB,,"31,600","1,8",Black / Silver,11.25,9
G.Skill F3-1333C9D-8GSL 8 GB,,"31,333","2,4",,13.503,9
G.Skill F3-1333C9S-4GSL 4 GB,,"31,333","1,4",Green,13.503,9
G.Skill F3-1333C9S-8GSL 8 GB,,"31,333","1,8",,13.503,9
ADATA XPG Gaming 8 GB,,"31,600","1,8",Black / Silver,11.25,9
G.Skill F3-1333C9D-16GSL 16 GB,,"31,333","2,8",,13.503,9
Patriot Viper 3 16 GB,,"31,600","2,8",Black / Blue,12.5,10
Patriot Viper 3 16 GB,,"31,600","2,8",Black / Blue,11.25,9
TEAMGROUP Dark 8 GB,,"31,600","2,4",,11.25,9
TEAMGROUP Dark 16 GB,,"31,600","2,8",,11.25,9
TEAMGROUP Dark 8 GB,,"31,600","2,4",,11.25,9
TEAMGROUP Dark 8 GB,,"31,866","2,4",,9.646,9
TEAMGROUP Elite 2 GB,,"31,333","1,2",,13.503,9
TEAMGROUP Elite 4 GB,,"31,066","2,2",,13.133,7
TEAMGROUP TED34096M1600HC11 4 GB,,"31,600","1,4",,13.75,11
TEAMGROUP Elite 8 GB,,"31,333","2,4",,13.503,9
TEAMGROUP TED38192M1600HC11DC 8 GB,,"31,600","2,4",Red / Silver,13.75,11
TEAMGROUP Elite 8 GB,,"31,600","1,8",,13.75,11
TEAMGROUP Elite 2 GB,,"2,667","1,2",,14.993,5
TEAMGROUP Elite 2 GB,,"2,667","1,2",,14.993,5
TEAMGROUP TEDD2048M800HC5 2 GB,,"2,800","1,2",,12.5,5
TEAMGROUP Elite 4 GB,,"2,667","2,2",,14.993,5
TEAMGROUP Elite 4 GB,,"2,800","2,2",,12.5,5
TEAMGROUP Elite 4 GB,,"2,800","2,2",Black / Silver,12.5,5
TEAMGROUP Vulcan 16 GB,,"31,600","2,8",,12.5,10
TEAMGROUP Vulcan 8 GB,,"31,600","2,4",,11.25,9
TEAMGROUP Vulcan 8 GB,,"32,400","2,4",,8.333,10
TEAMGROUP Vulcan 8 GB,,"31,600","2,4",,11.25,9
TEAMGROUP TLD316G1600HC10ADC01 16 GB,,"31,600","2,8",Black / Red,12.5,10
TEAMGROUP Vulcan 16 GB,,"31,600","2,8",,12.5,10
TEAMGROUP Vulcan 8 GB,,"31,600","2,4",Orange,11.25,9
TEAMGROUP Vulcan 16 GB,,"31,600","2,8",,11.25,9
TEAMGROUP Xtreem Dark 16 GB,,"31,600","4,4",,11.25,9
TEAMGROUP TXD316G1866HC9KQC-D 16 GB,,"31,866","4,4",,9.646,9
TEAMGROUP Xtreem LV 16 GB,,"32,133","2,8",,10.314,11
TEAMGROUP TXD316G2133HC11QC-L 16 GB,,"32,133","4,4",,10.314,11
TEAMGROUP TXD316G2133HC9NQC-L 16 GB,,"32,133","4,4",,8.439,9
TEAMGROUP Xtreem LV 16 GB,,"32,400","2,8",,8.333,10
TEAMGROUP Xtreem Dark 4 GB,,"31,600","2,2",,11.25,9
TEAMGROUP Xtreem Dark 8 GB,,"31,600","2,4",Black / Silver,11.25,9
TEAMGROUP Xtreem LV 8 GB,,"32,400","2,4",,8.333,10
TEAMGROUP Xtreem 8 GB,,"32,666","2,4",Black / Red,8.252,11
Avexir Core 8 GB,,"31,600","2,4",Black / Red,11.25,9
Avexir Core 8 GB,,"31,600","2,4",Black / Yellow,11.25,9
G.Skill Trident X 16 GB,,"32,933","4,4",,8.183,12
Patriot Viper 3 16 GB,,"32,133","2,8",,10.314,11
Patriot Viper 3 8 GB,,"31,866","2,4",,9.646,9
ADATA XPG Gaming 4 GB,,"31,600","1,4",Black / Silver,11.25,9
G.Skill F3-1600C11D-8GSL 8 GB,,"31,600","2,4",,13.75,11
G.Skill F3-1600C11S-4GSL 4 GB,,"31,600","1,4",,13.75,11
G.Skill F3-1600C9S-4GSL 4 GB,20,"31,600","1,4",,11.25,9
Wintec Value 4 GB,,"31,600","1,4",Green,11.25,9
Avexir Standard 8 GB,,"31,333","2,4",Black / Silver,13.503,9
Avexir Platinum 8 GB,,"31,333","1,8",Black,13.503,9
Avexir Core 16 GB,,"31,333","2,8",Black / Blue,13.503,9
Avexir Standard 16 GB,,"31,333","2,8",Black / Silver,13.503,9
Avexir Core 8 GB,,"31,600","2,4",Black / Orange,11.25,9
Avexir MPower 16 GB,,"31,600","2,8",Black / Yellow,12.5,10
Avexir Standard 16 GB,,"31,600","2,8",Black / Silver,12.5,10
Avexir Core 16 GB,,"31,866","4,4",Black / Blue,9.646,9
Avexir Core 8 GB,,"32,000","2,4",Black / Blue,9,9
Avexir Core 16 GB,,"32,000","4,4",Black / Blue,9,9
Corsair XMS 64 GB,,"31,600","8,8",Black / Silver,11.25,9
Crucial Ballistix Sport 16 GB,,"31,866","2,8",,10.718,10
Crucial Ballistix Sport 8 GB,,"31,866","1,8",Black / Silver,10.718,10
Patriot Viper 3 8 GB,,"32,133","2,4",,10.314,11
Crucial Ballistix Sport 8 GB,,"31,866","2,4",,10.718,10
Crucial Ballistix Sport 4 GB,39.99,"31,866","1,4",Black / Silver,10.718,10
GeIL GeIL EVO VELOCE 8GB (2 x 4GB) 8 GB,,"31,866","2,4",Red / Silver,9.646,9
Mushkin Blackline 16 GB,,"32,666","4,4",,9.002,12
Mushkin Stealth 16 GB,,"32,666","4,4",,9.002,12
Mushkin Blackline RADIOACTIVE 16 GB,,"32,666","4,4",,9.002,12
Mushkin Blackline 8 GB,,"32,666","2,4",,9.002,12
Mushkin Stealth 8 GB,,"32,666","2,4",,9.002,12
Mushkin Blackline RADIOACTIVE 8 GB,,"32,666","2,4",Yellow / Black,9.002,12
VisionTek 900392 2 GB,,"31,600","1,2",Black,11.25,9
Kingston KVR13S9S8K2/8 8 GB,42,"31,333","1,8",Green,13.503,9
G.Skill Ripjaws 8 GB,22.4,"31,600","2,4",Black / Red,11.25,9
G.Skill Ripjaws 8 GB,,"31,866","2,4",Black / Red,10.718,10
G.Skill Ripjaws 4 GB,,"31,866","1,4",Black / Red,10.718,10
Patriot PV316G240C0KBL 16 GB,,"32,400","2,8",Black / Blue,8.333,10
Patriot PV316G240C0KRD 16 GB,,"32,400","2,8",Black / Red,8.333,10
Avexir SODIMM 16 GB,,"31,333","2,8",Black / Green,13.503,9
Avexir MSI Z77 MPOWER Optimized (Yellow LED) 32GB 32 GB,,"31,600","4,8",Black / Yellow,12.5,10
Avexir MSI Z77 MPOWER Optimized (Blue LED) 8GB 8 GB,,"32,133","2,4",Black / Yellow,8.439,9
G.Skill Ripjaws 16 GB,,"31,866","2,8",Black / Red,10.718,10
G.Skill Ripjaws 8 GB,,"31,866","1,8",Black / Red,10.718,10
Patriot Patriot Viper 3 4GB 4 GB,,"31,600","1,4",,12.5,10
Avexir AVEXIR Core Series 8GB Kit 8 GB,,"33,100","2,4",Black / Blue,7.742,12
AMD AE38G1609U2 8 GB,,"31,600","1,8",Black / Red,11.25,9
VisionTek 900616 4 GB,,"2,800","1,4",Blue,15,6
Avexir Standard 8 GB,,"31,333","1,8",Black / Silver,13.503,9
Corsair Vengeance Performance 8 GB,,"31,866","2,4",Black / Gold,10.718,10
Corsair Vengeance Pro 8 GB,,"31,600","2,4",,11.25,9
Avexir Standard 32 GB,,"31,600","4,8",Black / Silver,12.5,10
Avexir Core Series 16 GB,,"32,800","4,4",Black / Blue,8.571,12
Avexir Core Series 8 GB,,"32,933","2,4",Black / Blue,8.183,12
ADATA XPG V2 8 GB,,"33,100","2,4",,7.742,12
OCZ OCZ2M8004GK 4 GB,48.05,"2,800","2,2",Green,12.5,5
Avexir Core 8 GB,,"33,200","2,4",Black / Blue,8.125,13
ADATA XPG V1.0 4 GB,,"31,600","1,4",Blue / Silver,13.75,11
ADATA XPG V1.0 4 GB,,"31,600","1,4",,11.25,9
ADATA XPG V1.0 16 GB,,"31,600","2,8",Blue / Silver,13.75,11
ADATA XPG V1.0 8 GB,,"31,600","1,8",,13.75,11
Corsair CMSO4GX3M1C1333C9 4 GB,24.99,"31,333","1,4",,13.503,9
Corsair CMSO4GX3M1C1600C11 4 GB,34.98,"31,600","1,4",Green,11.25,9
Corsair CMSO8GX3M1C1333C9 8 GB,49.98,"31,333","1,8",Green,13.503,9
Corsair CMSO8GX3M2C1600C11 8 GB,44.99,"31,600","2,4",Green,11.25,9
Corsair Vengeance Pro 16 GB,,"32,800","4,4",,8.571,12
Corsair Vengeance Pro 8 GB,,"32,933","2,4",,8.183,12
Crucial CT2K8G3ERSLQ81067 16 GB,,"31,333","2,8",Black / Silver,10.503,7
Crucial CT2KIT25664BA160B 4 GB,,"31,600","2,2",Green,13.75,11
G.Skill Ares 4 GB,,"31,600","1,4",,11.25,9
G.Skill Ripjaws Z 64 GB,,"32,133","8,8",,9.376,10
G.Skill Ripjaws Z 16 GB,,"32,133","4,4",,8.439,9
PNY MN16384KD3-1600 16 GB,,"31,600","2,8",Green,13.75,11
PNY MN8192SD3-1600 8 GB,,"31,600","1,8",Green,13.75,11
Patriot Viper SODIMM 16 GB,,"31,600","2,8",Black / Silver,11.25,9
Patriot Viper SODIMM 4 GB,34.28,"31,600","1,4",Black / Silver,11.25,9
Patriot Viper SODIMM 8 GB,45.88,"31,600","1,8",Black / Silver,11.25,9
Patriot Viper SODIMM 8 GB,49.35,"31,600","2,4",Black / Silver,11.25,9
Corsair Vengeance Performance 16 GB,,"31,866","2,8",Black / Gold,10.718,10
Corsair Vengeance Performance 8 GB,,"32,133","2,4",Black / Gold,8.439,9
G.Skill Ripjaws 8 GB,,"31,866","2,4",,11.79,11
G.Skill Ripjaws 4 GB,,"31,866","1,4",,11.79,11
Wintec Value 8 GB,,"31,333","2,4",,13.503,9
TEAMGROUP Elite 4GB 4 GB,,"31,333","1,4",,13.503,9
Corsair Vengeance Performance 8 GB,,"31,600","2,4",,11.25,9
G.Skill Aegis 8 GB,77,"31,333","2,4",,13.503,9
G.Skill Aegis 8 GB,,"31,333","2,4",,13.503,9
G.Skill Aegis 8 GB,,"31,600","2,4",,13.75,11
G.Skill Ripjaws Z 16 GB,,"32,933","4,4",,8.183,12
Patriot Viper 16 GB,,"31,866","2,8",,10.718,10
Patriot Viper 8 GB,,"31,866","1,8",,10.718,10
Patriot Viper 3 8 GB,,"32,400","2,4",,9.167,11
Wintec Value 4 GB,,"31,333","1,4",,13.503,9
Wintec Value 4 GB,,"31,333","1,4",,13.503,9
Wintec Value 4 GB,,"31,600","1,4",,13.75,11
Wintec Value 8 GB,,"31,600","2,4",,13.75,11
Wintec Value 4 GB,,"31,600","1,4",,13.75,11
Wintec Value 8 GB,,"31,600","2,4",,13.75,11
Crucial CT2K8G3ERSLS41339 16 GB,,"31,333","2,8",,13.503,9
Crucial Ballistix 8 GB,,"31,866","1,8",,9.646,9
Corsair CML8GX3M2A1600C9R 8 GB,,"31,600","2,4",Black / Red,11.25,9
G.Skill Ripjaws Z 64 GB,,"32,133","8,8",Black / Blue,8.439,9
Avexir Core 8 GB,,"32,133","2,4",Black / Blue,10.314,11
Corsair Vengeance Pro 64 GB,,"31,866","8,8",Black / Silver,9.646,9
Mushkin Redline 8 GB,,"32,400","2,4",Red / White,8.333,10
Silicon Power Xpower 8 GB,,"32,400","2,4",Green / Silver,9.167,11
Corsair Dominator Platinum 16 GB,,"32,666","4,4",Black / Silver,9.002,12
Corsair Dominator Platinum 8 GB,,"32,400","2,4",Black / Silver,7.5,9
Corsair Dominator Platinum 8 GB,,"32,666","2,4",Black / Silver,9.002,12
Corsair Vengeance Pro 8 GB,,"32,400","2,4",Black / Silver,9.167,11
Corsair Vengeance Pro 8 GB,,"32,800","2,4",Black / Red,8.571,12
Crucial CT2KIT51264BA160BJ 8 GB,,"31,600","2,4",Black / Green,13.75,11
Crucial CT51264BF1339J 4 GB,,"31,333","1,4",Black / Green,13.503,9
G.Skill Ripjaws 8 GB,,"32,133","2,4",Black / Red,10.314,11
G.Skill Ripjaws 4 GB,,"32,133","1,4",Black / Red,10.314,11
GeIL EVO POTENZA 8 GB,,"32,133","2,4",Black / Red,10.314,11
Mushkin Redline 16 GB,,"32,400","4,4",Red / White,8.333,10
Corsair Dominator Platinum 8 GB,,"32,800","2,4",Black / Silver,8.571,12
Corsair Vengeance Pro 16 GB,,"32,666","4,4",Black / Red,9.002,12
G.Skill Ripjaws Z 16 GB,,"32,666","4,4",Black / Blue,8.252,11
G.Skill Trident X 16 GB,,"33,000","4,4",Black / Red,8,12
GeIL DRAGON 8 GB,,"31,600","1,8",Black / Gold,13.75,11
GeIL Green 8 GB,,"31,333","2,4",Black / Green,13.503,9
GeIL Green 8 GB,,"31,333","1,8",Black / Green,13.503,9
GeIL DRAGON 4 GB,,"31,333","1,4",Black,13.503,9
GeIL DRAGON 4 GB,,"31,600","1,4",Black,13.75,11
GeIL DRAGON 8 GB,,"31,333","1,8",Black,13.503,9
Corsair Mac Memory 4 GB,22.94,"31,066","1,4",Black / Green,13.133,7
Corsair Mac Memory 8 GB,47.55,"31,333","1,8",Black / Green,13.503,9
Corsair Mac Memory 8 GB,39.21,"31,600","1,8",Black / Green,13.75,11
Corsair Mac Memory 8 GB,44.99,"31,333","2,4",Black / Green,13.503,9
Crucial CT12872BD1339 1 GB,,"31,333","1,1",Black / Green,13.503,9
Crucial CT2G3S1339M 2 GB,,"31,333","1,2",Black / Green,13.503,9
Crucial CT2K4G3W186DM 8 GB,,"31,866","2,4",Black / Green,13.934,13
Crucial CT2K8G3S160BM 16 GB,44.09,"31,600","2,8",Black / Green,13.75,11
Crucial CT2KIT51272BA1067 8 GB,,"31,066","2,4",Black / Green,13.133,7
Crucial CT4G3S1067M 4 GB,29.05,"31,066","1,4",Black / Green,13.133,7
Crucial CT4G3S1339M 4 GB,18.95,"31,333","1,4",Black / Green,13.503,9
Crucial CT4G3W186DM 4 GB,,"31,866","1,4",Black / Green,13.934,13
Crucial CT51272BA1067 4 GB,,"31,066","1,4",Black / Green,13.133,7
Crucial CT8G3W186DM 8 GB,,"31,866","1,8",Black / Green,13.934,13
G.Skill FA-10666CL9S-4GBSQ 4 GB,,"31,333","1,4",Black / Green,13.503,9
G.Skill FA-1333C9D-16GSQ 16 GB,,"31,333","2,8",Black / Green,13.503,9
G.Skill FA-1333C9Q-16GSQ 16 GB,,"31,333","4,4",Black / Green,13.503,9
G.Skill FA-1333C9Q-32GSQ 32 GB,,"31,333","4,8",Black / Green,13.503,9
G.Skill FA-1333C9S-8GSQ 8 GB,,"31,333","1,8",Black / Green,13.503,9
G.Skill FA-1600C11D-16GSQ 16 GB,,"31,600","2,8",Black / Green,13.75,11
G.Skill FA-1600C11S-4GSQ 4 GB,,"31,600","1,4",Black / Green,13.75,11
G.Skill FA-8500CL7D-8GBSQ 8 GB,24.86,"31,066","2,4",Black / Green,13.133,7
HP 647909-B21 8 GB,14.95,"31,333","1,8",Black / Green,13.503,9
IBM 00D4964 16 GB,,"31,333","1,16",Black / Green,13.503,9
Mushkin 971643A 2 GB,,"31,066","1,2",Black / Blue,13.133,7
Mushkin 971644A 4 GB,,"31,066","1,4",Black / Blue,13.133,7
Mushkin 971699A 2 GB,20.62,"31,066","1,2",Black / Green,13.133,7
Mushkin 971980A 16 GB,,"31,333","1,16",Black / Green,13.503,9
Mushkin 972020A 8 GB,,"31,333","1,8",Black / Green,13.503,9
Mushkin 972038A 8 GB,,"31,600","1,8",Black / Green,13.75,11
Mushkin 972044A 8 GB,,"31,333","1,8",Black / Green,13.503,9
Mushkin 973980A 64 GB,,"31,333","4,16",Black / Green,13.503,9
Mushkin 974044A 32 GB,,"31,333","4,8",Black / Green,13.503,9
Mushkin 976504A 2 GB,,"2,667","2,1",Black / Green,14.993,5
Mushkin 976539A 4 GB,,"2,667","2,2",Black / Green,14.993,5
Mushkin 977033A 8 GB,,"31,600","2,4",Black / Green,13.75,11
Patriot Mac 16 GB,,"31,333","2,8",Black / Green,13.503,9
Mushkin Essentials 16 GB,35.99,"31,600","2,8",Black / Green,13.75,11
Mushkin 976647A 8 GB,33.54,"31,333","2,4",Black / Green,13.503,9
Corsair Vengeance Pro 16 GB,,"32,933","4,4",Black / Red,8.183,12
Corsair Vengeance Pro 16 GB,,"32,933","4,4",Black / Red,8.183,12
Corsair Vengeance Pro 8 GB,,"33,000","2,4",Black / Red,8,12
Corsair Vengeance Pro 8 GB,,"32,666","2,4",Black / Red,8.252,11
GeIL EVO Leggera 2 GB,,"31,333","1,2",Black / Blue,13.503,9
GeIL EVO Leggera 2 GB,,"31,600","1,2",Black / Blue,11.25,9
GeIL EVO Leggara 8 GB,,"31,333","2,4",Black / Blue,13.503,9
GeIL EVO VELOCE 2 GB,,"31,333","1,2",Red / White,13.503,9
GeIL EVO VELOCE 2 GB,,"31,600","1,2",Red / White,11.25,9
GeIL Green 4 GB,,"31,333","1,4",Black / Green,13.503,9
GeIL EVO CORSA 8 GB,,"31,600","1,8",Black / Yellow,11.25,9
GeIL EVO POTENZA 16 GB,,"31,333","2,8",Black / Red,13.503,9
GeIL EVO POTENZA 16 GB,,"31,600","2,8",Black / Red,11.25,9
GeIL EVO POTENZA 4 GB,,"31,600","1,4",Black / Red,11.25,9
GeIL EVO POTENZA 8 GB,,"31,333","2,4",Black / Red,13.503,9
GeIL EVO POTENZA 8 GB,,"31,600","2,4",Black / Red,11.25,9
GeIL EVO POTENZA 8 GB,,"31,866","2,4",Black / Red,9.646,9
GeIL EVO POTENZA 16 GB,,"31,333","2,8",Black / White,13.503,9
GeIL EVO POTENZA 4 GB,,"31,333","1,4",Black / White,13.503,9
GeIL EVO POTENZA 4 GB,,"31,600","1,4",Black / White,11.25,9
GeIL EVO POTENZA 8 GB,,"31,333","2,4",Black / White,13.503,9
GeIL EVO POTENZA 8 GB,,"31,600","2,4",Black / White,11.25,9
GeIL EVO POTENZA 8 GB,,"31,866","2,4",Black / White,9.646,9
GeIL EVO POTENZA 8 GB,,"32,933","2,4",Black / White,8.183,12
GeIL EVO POTENZA 8 GB,,"33,000","2,4",Black / White,8,12
AMD R9 Gamer 8 GB,,"32,400","2,4",Black / Silver,9.167,11
Corsair Dominator Platinum 16 GB,,"32,400","4,4",Black / Silver,7.5,9
Corsair Dominator Platinum 16 GB,,"32,933","4,4",Black / Silver,8.183,12
Corsair Dominator Platinum 16 GB,,"32,800","4,4",Black / Silver,8.571,12
Corsair Dominator Platinum 8 GB,,"32,933","2,4",Black / Silver,8.183,12
Crucial CT2KIT12872BA1067 2 GB,,"31,066","2,1",Black / Green,13.133,7
Mushkin 976643A 4 GB,31.59,"31,066","2,2",Black / Blue,13.133,7
Mushkin 976644A 8 GB,,"31,066","2,4",Black / Green,13.133,7
Mushkin Proline 12 GB,,"31,333","3,4",Black / Green,13.503,9
Patriot Viper 3 16 GB,,"32,400","2,8",Black / Silver,9.167,11
Patriot Mac 8 GB,74.95,"31,333","2,4",Black / Blue,13.503,9
Patriot Signature Apple Line 8 GB,47.43,"31,600","2,4",Black / Green,13.75,11
VisionTek 900642 8 GB,39.99,"31,600","1,8",Black,13.75,11
Corsair Vengeance Pro 8 GB,,"32,666","2,4",Black / Red,9.002,12
Corsair Vengeance Pro 8 GB,,"32,933","2,4",Black / Red,8.183,12
GeIL EVO VELOCE 8 GB,,"31,333","1,8",Red / Silver,13.503,9
GeIL EVO VELOCE 4 GB,,"31,600","1,4",White,13.75,11
GeIL Green 4 GB,,"31,333","1,4",Green / Black,13.503,9
GeIL Green 8 GB,,"31,333","1,8",Green / Black,13.503,9
Mushkin Essentials 16 GB,,"31,866","4,4",Black / Green,13.934,13
Mushkin Proline 16 GB,,"31,866","4,4",Black / Green,13.934,13
Mushkin Essentials 8 GB,,"31,866","2,4",Black / Green,13.934,13
Mushkin Essentials 16 GB,,"31,866","2,8",Black / Green,13.934,13
Mushkin Proline 8 GB,,"31,866","2,4",Black / Green,13.934,13
Patriot Signature 2 GB,,"31,333","1,2",Black / Green,13.503,9
Patriot Signature 2 GB,,"31,600","1,2",Black / Green,13.75,11
Patriot Viper 3 Low Profile Blue 16 GB,,"31,600","2,8",Black / Blue,12.5,10
Patriot Viper 3 Low Profile Red 16 GB,,"31,600","2,8",Black / Red,12.5,10
Patriot Viper 3 Low Profile Black 16 GB,,"31,600","2,8",Black / Silver,11.25,9
Patriot Viper 3 Low Profile Black 16 GB,,"31,866","2,8",Black / Silver,10.718,10
Patriot Viper 3 Low Profile Blue 16 GB,,"31,866","2,8",Black / Blue,10.718,10
Patriot Viper 3 Low Profile Blue 16 GB,,"32,133","2,8",Black / Blue,10.314,11
Patriot Viper 3 Low Profile Black 32 GB,,"31,600","4,8",Black / Silver,12.5,10
Patriot Viper 3 Low Profile Blue 32 GB,,"31,600","4,8",Black / Blue,12.5,10
Patriot Viper 3 Low Profile Black 32 GB,,"31,600","4,8",Black / Silver,11.25,9
Patriot Viper 3 Low Profile Red 32 GB,,"31,600","4,8",Black / Red,11.25,9
Patriot Viper 3 Low Profile Black 32 GB,,"31,866","4,8",Black / Silver,10.718,10
Patriot Viper 3 Low Profile Blue 32 GB,,"31,866","4,8",Black / Blue,10.718,10
Patriot Viper 3 Low Profile Red 32 GB,,"31,866","4,8",Black / Red,10.718,10
Patriot Viper 3 Low Profile Black 32 GB,,"32,133","4,8",Black / Silver,10.314,11
Patriot Viper 3 Low Profile Red 32 GB,,"32,133","4,8",Black / Red,10.314,11
Patriot Viper 3 Low Profile Black 8 GB,,"31,600","2,4",Black / Silver,12.5,10
Patriot Viper 3 Low Profile Blue 8 GB,,"31,600","2,4",Black / Blue,12.5,10
Patriot Viper 3 Low Profile Blue 8 GB,,"31,600","2,4",Black / Blue,11.25,9
Patriot Viper 3 Low Profile Red 8 GB,,"31,600","2,4",Black / Red,11.25,9
Patriot Viper 3 Low Profile Black 8 GB,,"31,866","2,4",Black / Silver,10.718,10
Patriot Viper 3 Low Profile Red 8 GB,,"31,866","2,4",Black / Red,10.718,10
Patriot Viper 3 Low Profile Black 8 GB,,"31,866","2,4",Black / Silver,9.646,9
Patriot Viper 3 Red 8 GB,,"31,866","2,4",Black / Red,9.646,9
Patriot Viper 3 Low Profile Black 8 GB,,"32,133","2,4",Black / Silver,10.314,11
Patriot Viper 3 Low Profile Blue 8 GB,,"32,133","2,4",Black / Blue,10.314,11
Corsair Dominator Platinum 32 GB,,"32,666","4,8",Black / Silver,9.002,12
Kingston KHX18C10/8 8 GB,,"31,866","1,8",Blue / Silver,10.718,10
Kingston ValueRAM 48 GB,399.62,"31,600","3,16",Black / Green,13.75,11
Mushkin 977136A 16 GB,,"31,866","2,8",Black / Green,13.934,13
ADATA XPG V1.0 4 GB,,"31,600","1,4",Red / Silver,11.25,9
ADATA XPG V2 8 GB,,"31,866","2,4",Black / Silver,10.718,10
ADATA XPG V2 16 GB,,"31,866","2,8",Black / Silver,10.718,10
Kingston KHX18C10K2/16 16 GB,,"31,866","2,8",Blue / Silver,10.718,10
Kingston KHX18C10K2/8 8 GB,,"31,866","2,4",Blue / Silver,10.718,10
Kingston Beast 16 GB,,"31,866","4,4",Black,10.718,10
Kingston KHX18LS11P1K2/16 16 GB,,"31,866","2,8",Silver,11.79,11
Kingston KHX18LS11P1K2/8 8 GB,,"31,866","2,4",Silver,11.79,11
Mushkin Essentials 8 GB,,"31,866","2,4",Black / Green,13.934,13
Mushkin Essentials 16 GB,,"31,866","2,8",Black / Blue,13.934,13
Patriot Signature 4 GB,,"31,333","1,4",Black / Green,13.503,9
Patriot Signature Line 4 GB,19.52,"31,600","1,4",Black / Green,13.75,11
Patriot Signature Line 8 GB,,"31,333","2,4",Blue / Silver,13.503,9
Patriot Viper 3 Low Profile Red 16 GB,,"31,866","2,8",Black / Red,10.718,10
Patriot Viper 3 Low Profile Blue 32 GB,,"32,133","4,8",Black / Blue,10.314,11
ADATA Premier 8 GB,,"31,333","2,4",Black / Green,13.503,9
Kingston KAS-N3CL/8G 8 GB,,"31,600","1,8",Black / Green,13.75,11
Kingston KHX18C10/4 4 GB,,"31,866","1,4",Blue / Silver,10.718,10
Corsair Dominator Platinum 16 GB,,"31,600","2,8",Black / Silver,11.25,9
Corsair Dominator Platinum 16 GB,,"32,400","2,8",Black / Silver,9.167,11
Corsair Dominator Platinum 16 GB,,"32,133","4,4",Black / Silver,8.439,9
Corsair Dominator Platinum 8 GB,,"31,600","2,4",Black / Silver,11.25,9
Corsair Dominator Platinum 8 GB,,"32,133","2,4",Black / Silver,8.439,9
Patriot PX34G1333C9 Bundle 8 GB,,"31,333","2,4",Black / Silver,13.503,9
Mushkin 976605 8 GB,,"2,667","2,4",Blue / Silver,14.993,5
Patriot PXD38G1600C10K 8 GB,,"31,600","2,4",Black / Silver,12.5,10
Crucial BLE4KIT4G3D1608DE1TX0 16 GB,,"31,600","4,4",Black,10,8
Corsair Vengeance Pro 16 GB,,"32,133","4,4",Black / Red,8.439,9
GeIL EVO POTENZA 8 GB,,"31,600","1,8",Black / Red,11.25,9
Kingston HyperX Fury 4 GB,,"31,333","1,4",Blue / Silver,13.503,9
Kingston HyperX Fury 8 GB,,"31,333","2,4",Blue / Silver,13.503,9
Kingston HyperX Fury 4 GB,,"31,333","1,4",Red / Silver,13.503,9
Kingston HyperX Fury 4 GB,,"31,333","1,4",White / Silver,13.503,9
Kingston HyperX Fury 4 GB,,"31,866","1,4",Black / Silver,10.718,10
Kingston HyperX Fury 4 GB,,"31,866","1,4",White / Silver,10.718,10
Corsair Vengeance LP 8 GB,,"32,133","2,4",Black / Green,8.439,9
G.Skill F3-1333C9D-8GSA 8 GB,,"31,333","2,4",Black,13.503,9
Wintec One 16 GB,,"31,600","2,8",Black / Green,13.75,11
Wintec Value 16 GB,,"31,600","2,8",Black / Green,13.75,11
Wintec Value 8 GB,,"31,600","1,8",Black / Green,13.75,11
Transcend JetRam 8 GB,,"31,333","1,8",Black / Green,13.503,9
ADATA Premier 8 GB,,"31,600","2,4",Black / Green,13.75,11
ADATA XPG Gaming 4 GB,,"31,333","2,2",Black / Silver,13.503,9
Corsair Vengeance Pro 64 GB,,"32,400","8,8",Black / Red,9.167,11
Corsair Vengeance Pro 8 GB,,"32,133","2,4",Black / Red,8.439,9
AMD Radeon R3 Value 16 GB,,"31,333","2,8",Black / Red,13.503,9
AMD Radeon R3 Value 4 GB,,"31,333","1,4",Black / Red,13.503,9
AMD Radeon R5 Entertainment 4 GB,,"31,600","1,4",Black / Red,13.75,11
AMD Radeon R3 Value 8 GB,,"31,333","1,8",Black / Red,13.503,9
AMD Radeon R5 Entertainment 8 GB,,"31,600","1,8",Black / Red,13.75,11
Crucial CT25672BD1339 2 GB,,"31,333","1,2",Black / Green,13.503,9
Crucial CT51264BF160BJ 4 GB,15.58,"31,600","1,4",Black / Green,13.75,11
Mushkin Redline 16 GB,,"31,600","4,4",Red / Silver,8.75,7
Mushkin Redline 16 GB,,"31,600","4,4",Red / Silver,8.75,7
Mushkin Redline 16 GB,,"31,866","4,4",Red / Silver,8.574,8
Mushkin Redline 16 GB,,"31,866","4,4",Red / Silver,8.574,8
Mushkin Redline 8 GB,,"31,600","2,4",Red / Silver,8.75,7
Mushkin Redline 8 GB,,"31,600","2,4",Red / Silver,8.75,7
Mushkin Redline 8 GB,,"31,866","2,4",Red / Silver,8.574,8
Mushkin Redline 8 GB,,"31,866","2,4",Red / Silver,8.574,8
Mushkin Redline 16 GB,,"32,133","4,4",Red / Silver,8.439,9
Mushkin Redline 16 GB,,"32,133","4,4",Red / Silver,8.439,9
Mushkin Redline 8 GB,,"32,133","2,4",Red / Silver,8.439,9
Mushkin Redline 8 GB,,"32,133","2,4",Red / Silver,8.439,9
Mushkin Redline 16 GB,,"31,600","2,8",Red / Silver,8.75,7
Mushkin Redline 16 GB,,"31,866","2,8",Red / Silver,8.574,8
Mushkin Redline 16 GB,,"31,866","2,8",Red / Silver,8.574,8
Mushkin Redline 16 GB,,"32,133","2,8",Red / Silver,8.439,9
Mushkin Redline 16 GB,,"32,133","2,8",Red / Silver,8.439,9
Kingston KHX13C9B1B/8 8 GB,,"31,333","1,8",Black / Silver,13.503,9
Kingston KVR16R11S4K4/32 32 GB,,"31,600","4,8",Black / Green,13.75,11
PNY MD16384KD3-2133-X11 16 GB,,"32,133","2,8",Black / Red,10.314,11
PNY MD4096SD3-1600-X9 4 GB,,"31,600","1,4",Black / Silver,11.25,9
PNY MD8192SD3-1866-X9 8 GB,,"31,866","1,8",Black / Silver,9.646,9
PNY MN4096SD3-1600-LV 4 GB,,"31,600","1,4",Black / Green,13.75,11
PNY MN8192SD3-1600-LV 8 GB,,"31,600","1,8",Black / Green,13.75,11
V7 V73T2GNZBII 2 GB,,"31,333","1,2",Black / Green,13.503,9
PNY MD32768K4D3-1866-X9 32 GB,,"31,866","4,8",Black / Silver,9.646,9
V7 V73T4GNZBII 4 GB,,"31,333","1,4",Black / Green,13.503,9
AMD R5 Entertainment 16 GB,,"31,600","2,8",Black / Red,13.75,11
AMD R5 Entertainment 4 GB,,"31,600","1,4",Black / Red,13.75,11
AMD R5 Entertainment 8 GB,,"31,600","1,8",Black / Red,13.75,11
Corsair CMSO2GX3M1C1600C11 2 GB,,"31,600","1,2",Black / Green,13.75,11
Crucial CT2KIT51264BF1339J 8 GB,,"31,333","2,4",Black / Green,13.503,9
Kingston KVR13LS9S6/2 2 GB,,"31,333","1,2",Black / Green,13.503,9
PNY MN16384KD3-1600-LV 16 GB,,"31,600","2,8",Black / Green,13.75,11
PNY MN8192KD3-1600-LV 8 GB,,"31,600","2,4",Black / Green,13.75,11
G.Skill Ripjaws 32 GB,,"31,333","4,8",Black / Red,13.503,9
G.Skill Ripjaws 32 GB,,"31,866","4,8",Black / Red,10.718,10
G.Skill Ripjaws 32 GB,,"31,866","4,8",Black / Red,11.79,11
TEAMGROUP Xtreem 16 GB,,"32,666","2,8",Blue / White,8.252,11
Corsair Vengeance LPX 16 GB,,"42,800","4,4",Black / Blue,10.714,15
G.Skill Ripjaws 16 GB,,"42,133","4,4",Red,14.065,15
G.Skill Ripjaws 16 GB,,"42,133","4,4",Blue,14.065,15
G.Skill Ripjaws 32 GB,,"42,133","4,8",Blue,14.065,15
G.Skill Ripjaws 16 GB,,"42,400","4,4",Blue,12.5,15
ADATA XPG Z1 16 GB,,"42,133","4,4",Red / Black,12.189,13
ADATA XPG Z1 8 GB,,"42,133","2,4",Red / Black,14.065,15
ADATA XPG Z1 16 GB,,"42,133","4,4",Red / Black,14.065,15
ADATA XPG Z1 16 GB,,"42,133","2,8",Red / Black,12.189,13
ADATA XPG Z1 32 GB,,"42,133","4,8",Red / Black,14.065,15
ADATA XPG Z1 16 GB,,"42,400","4,4",Red / Black,13.333,16
Crucial Ballistix Sport 32 GB,,"42,400","4,8",Gray / Silver,13.333,16
G.Skill Ripjaws 16 GB,,"43,000","4,4",Red,10,15
Mushkin Redline 32 GB,,"31,600","4,8",Red / White,8.75,7
Mushkin Redline 32 GB,,"31,600","4,8",Red / White,8.75,7
Mushkin Redline 32 GB,,"31,866","4,8",Red / White,8.574,8
Mushkin Redline 32 GB,,"31,866","4,8",Red / White,8.574,8
Mushkin Redline 32 GB,,"32,133","4,8",Red / White,8.439,9
Kingston KVR1333D3E9S/4G 4 GB,15.98,"31,333","1,4",Black / Green,13.503,9
G.Skill Ripjaws 4 16 GB,,"43,000","4,4",Black,10,15
G.Skill Ripjaws 4 32 GB,,"43,000","4,8",Black,10,15
G.Skill Ripjaws 4 16 GB,,"43,200","4,4",Black,10,16
G.Skill Ripjaws 4 16 GB,,"43,300","4,4",Black,9.697,16
G.Skill Ripjaws 4 16 GB,,"43,333","4,4",Black,9.601,16
Kingston HyperX Savage 8 GB,,"31,600","2,4",Black / Red,11.25,9
Kingston HyperX Savage 8 GB,,"31,866","2,4",Black / Red,9.646,9
Kingston HyperX Savage 4 GB,,"32,400","1,4",Black / Red,9.167,11
Kingston HyperX Savage 8 GB,,"32,400","2,4",Black / Red,9.167,11
Kingston HyperX Savage 8 GB,,"31,866","1,8",Black / Red,9.646,9
Mushkin Blackline 8 GB,,"31,600","1,8",Black / Gray,11.25,9
Mushkin Blackline 4 GB,,"31,600","1,4",Black / Green,11.25,9
TEAMGROUP Vulcan 8 GB,,"32,400","2,4",Yellow,9.167,11
Kingston HyperX Savage 32 GB,,"32,133","4,8",Black / Red,10.314,11
Mushkin Blackline 8 GB,,"31,600","2,4",Black,11.25,9
Mushkin Blackline 16 GB,,"31,600","2,8",Black / Blue,11.25,9
Mushkin Redline 32 GB,,"32,133","4,8",Red,8.439,9
Mushkin Proline 16 GB,,"31,866","2,8",Black / Green,13.934,13
Crucial CT16G4RFD4213 16 GB,32.99,"42,133","1,16",Black / Green,14.065,15
Crucial CT3K32G3ELSLQ4160B 96 GB,,"31,600","3,32",Blue / Silver,13.75,11
Kingston HyperX Predator 8 GB,,"31,866","2,4",Black / Blue,9.646,9
Kingston HyperX Predator 16 GB,,"31,866","4,4",Black / Blue,9.646,9
Kingston HyperX Beast 64 GB,,"32,133","8,8",Black,10.314,11
Kingston HyperX Beast 16 GB,,"32,133","2,8",Black,10.314,11
Kingston HyperX Beast 16 GB,,"31,866","4,4",Black,9.646,9
Kingston HyperX Predator 16 GB,,"32,133","2,8",Black / Blue,10.314,11
Kingston HyperX Beast 8 GB,,"32,133","2,4",Black,10.314,11
Kingston HyperX Beast 32 GB,,"32,133","4,8",Black,10.314,11
Kingston HyperX Predator 8 GB,,"32,400","2,4",Black / Blue,9.167,11
Kingston HyperX Beast 16 GB,,"32,400","4,4",Black,9.167,11
Kingston KVR16R11S4/8KF 8 GB,,"31,600","1,8",Black / Green,13.75,11
Mushkin Proline 32 GB,,"31,866","4,8",Black / Green,13.934,13
Mushkin Proline 16 GB,,"31,866","2,8",Black / Green,13.934,13
TEAMGROUP Dark 8 GB,,"31,600","1,8",Black / Green,11.25,9
TEAMGROUP Elite 4 GB,,"31,333","1,4",Black / Green,13.503,9
TEAMGROUP TSD316G1333C9DC-E 16 GB,,"31,333","2,8",Black / Green,13.503,9
TEAMGROUP Elite 4 GB,,"31,066","1,4",Black / Green,13.133,7
TEAMGROUP TSD34096M1333C9DC-E 4 GB,,"31,333","2,2",Black / Green,13.503,9
TEAMGROUP TSD38192M1066C7DC-E 8 GB,,"31,066","2,4",Black / Green,13.133,7
TEAMGROUP TSD38192M1333C9DC-E 8 GB,,"31,333","2,4",Black,13.503,9
TEAMGROUP TSD38192M1600C11DC-E 8 GB,,"31,600","2,4",Black / Green,13.75,11
TEAMGROUP TSD38192M1600C11-E 8 GB,,"31,600","1,8",Black / Green,13.75,11
TEAMGROUP Dark 8 GB,,"31,600","1,8",Red / Blue,11.25,9
TEAMGROUP Vulcan 16 GB,,"31,600","2,8",Orange,12.5,10
TEAMGROUP Vulcan 16 GB,,"31,600","2,8",Yellow,12.5,10
TEAMGROUP Vulcan 16 GB,,"32,400","2,8",Orange,9.167,11
TEAMGROUP Elite Plus 2 GB,,"31,333","1,2",Black / Gold,13.503,9
ADATA XPG V1.0 8 GB,,"32,133","2,4",Black / Red,9.376,10
Corsair Dominator Platinum 16 GB,,"42,666","4,4",Black / Silver,11.253,15
Crucial Ballistix Tactical 8 GB,,"31,600","1,8",Black / Silver,10,8
Crucial CT12864BA160B 1 GB,,"31,600","1,1",Black / Green,13.75,11
Crucial CT16G4VFD4213 16 GB,54.95,"42,133","1,16",Black / Green,14.065,15
Crucial CT3KIT12864BA160B 3 GB,,"31,600","3,1",Black / Green,13.75,11
Crucial CT3KIT25664BA160B 6 GB,,"31,600","3,2",Black / Green,13.75,11
Crucial CT4K16G4VFD4213 64 GB,,"42,133","4,16",Black / Green,14.065,15
GeIL GPR416GB2800C16QC 16 GB,,"42,800","4,4",Black / Red,10.714,15
GeIL GPR432GB2133C15QC 32 GB,,"42,133","4,8",Black / Red,14.065,15
GeIL GPR432GB2666C15QC 32 GB,,"42,666","4,8",Black / Red,11.253,15
GeIL GPR432GB2800C16QC 32 GB,,"42,800","4,8",Black / Red,10.714,15
G.Skill Ripjaws 32 GB,,"31,600","4,8",Black / Red,11.25,9
G.Skill Trident X 8 GB,,"33,100","2,4",Black / Red,7.742,12
Kingston Impact Black 4 GB,49.99,"31,600","1,4",Black,11.25,9
Kingston Impact Black 16 GB,,"31,600","2,8",Black,11.25,9
Kingston Impact Black 8 GB,,"31,600","2,4",Black,11.25,9
Kingston Impact Black 16 GB,,"31,866","2,8",Black,10.718,10
Kingston Impact Black 8 GB,,"31,866","2,4",Black,10.718,10
Kingston HyperX Predator 8 GB,,"32,133","2,4",Black / Blue,10.314,11
Kingston Impact Black 8 GB,,"32,133","2,4",Black,10.314,11
Kingston Predator 8 GB,,"31,866","2,4",Black / Blue,10.718,10
Kingston Predator 16 GB,,"31,866","4,4",Black / Blue,10.718,10
Kingston Beast 8 GB,,"31,866","2,4",Black,10.718,10
Mushkin Blackline 16 GB,,"31,600","4,4",Black,11.25,9
Mushkin Blackline 16 GB,,"32,000","4,4",Black / White,9,9
Mushkin Blackline 16 GB,,"32,000","4,4",Black,9,9
Mushkin Redline 16 GB,,"32,133","4,4",Red / White,8.439,9
Mushkin Redline 16 GB,,"31,866","4,4",Red,9.646,9
Mushkin Blackline 32 GB,,"31,600","4,8",Yellow,11.25,9
Mushkin Redline 16 GB,,"32,400","4,4",Red / White,8.333,10
Mushkin Blackline 16 GB,,"32,400","4,4",Yellow,9.167,11
Mushkin Blackline 16 GB,,"32,400","4,4",Black / White,9.167,11
Mushkin Blackline 32 GB,,"31,600","4,8",Black / White,11.25,9
Mushkin Blackline 32 GB,,"31,600","4,8",Black,11.25,9
Mushkin Redline 32 GB,,"31,866","4,8",Red,9.646,9
Mushkin Blackline 32 GB,,"32,400","4,8",Black / White,9.167,11
Mushkin Blackline 32 GB,,"32,400","4,8",Yellow,9.167,11
Mushkin Proline 16 GB,,"31,866","4,4",Black / Green,13.934,13
Mushkin Proline 16 GB,,"31,866","4,4",Black / Green,13.934,13
Mushkin Blackline 16 GB,,"32,133","4,4",Black,9.376,10
Mushkin Blackline 16 GB,,"32,133","4,4",Black,9.376,10
Mushkin Stealth 16 GB,,"32,133","4,4",Black,9.376,10
Mushkin Blackline 16 GB,,"32,133","4,4",Yellow,9.376,10
Mushkin Redline 16 GB,,"31,866","4,4",Red / White,8.574,8
Mushkin Redline 16 GB,,"32,133","4,4",Red / White,8.439,9
Mushkin Redline 32 GB,,"32,133","4,8",Red / White,8.439,9
Mushkin Blackline 16 GB,,"32,133","4,4",Black / White,10.314,11
Mushkin Blackline 8 GB,,"31,600","2,4",Black,12.5,10
Mushkin Blackline 8 GB,,"31,600","2,4",Black,11.25,9
Mushkin Redline 8 GB,,"32,133","2,4",Red / White,8.439,9
Mushkin Blackline 16 GB,,"31,600","2,8",Yellow,11.25,9
Mushkin Redline 8 GB,,"32,400","2,4",Red / White,8.333,10
Mushkin Blackline 8 GB,,"32,400","2,4",Black / White,9.167,11
Mushkin Blackline 8 GB,,"32,400","2,4",Yellow,9.167,11
Mushkin Blackline 16 GB,,"31,600","2,8",Black / White,11.25,9
Mushkin Blackline 16 GB,,"31,600","2,8",Black,11.25,9
Mushkin Redline 16 GB,,"31,866","2,8",Red,9.646,9
Mushkin Redline 16 GB,,"31,866","2,8",Red,9.646,9
Mushkin Blackline 16 GB,,"32,400","2,8",Black / White,9.167,11
Mushkin Blackline 16 GB,,"32,400","2,8",Yellow,9.167,11
Mushkin Proline 8 GB,,"31,866","2,4",Black / Green,13.934,13
Mushkin Proline 8 GB,,"31,866","2,4",Black / Green,13.934,13
Mushkin Blackline 8 GB,,"32,133","2,4",Black,9.376,10
Mushkin Blackline 8 GB,,"32,133","2,4",Black,9.376,10
Mushkin Stealth 8 GB,,"32,133","2,4",Black,9.376,10
Mushkin Blackline 8 GB,,"32,133","2,4",Yellow,9.376,10
Mushkin Redline 8 GB,,"31,866","2,4",Red / White,8.574,8
Mushkin Redline 8 GB,,"32,133","2,4",Red / White,8.439,9
Mushkin Redline 16 GB,,"32,133","2,8",Red / White,8.439,9
Mushkin Blackline 12 GB,,"31,600","3,4",Black,12.5,10
Patriot Signature 2 GB,,"31,333","1,2",Blue / Silver,13.503,9
TEAMGROUP Vulcan 8 GB,,"32,400","2,4",Orange,9.167,11
TEAMGROUP Vulcan 8 GB,,"32,133","2,4",Red,9.376,10
TEAMGROUP Vulcan 8 GB,,"32,133","2,4",Red,10.314,11
TEAMGROUP Vulcan 8 GB,,"32,400","2,4",Red,9.167,11
TEAMGROUP Vulcan 8 GB,,"32,133","2,4",Orange,9.376,10
TEAMGROUP Vulcan 8 GB,,"32,133","2,4",Orange,10.314,11
TEAMGROUP Elite Plus 4 GB,,"31,333","1,4",Black / Gold,13.503,9
TEAMGROUP Elite Plus 8 GB,,"31,333","2,4",Black / Gold,13.503,9
TEAMGROUP Elite 4 GB,,"31,333","1,4",Black / Green,13.503,9
TEAMGROUP Xtreem 8 GB,,"32,400","2,4",White / Blue,8.333,10
TEAMGROUP Xtreem 8 GB,,"32,666","2,4",White / Blue,8.252,11
TEAMGROUP Xtreem 8 GB,,"32,800","2,4",White / Blue,8.571,12
TEAMGROUP Zeus Blue 8 GB,,"32,133","2,4",Blue,10.314,11
TEAMGROUP Zeus Red 8 GB,,"31,600","2,4",Red,11.25,9
TEAMGROUP Zeus Red 8 GB,,"32,133","2,4",Red,10.314,11
TEAMGROUP Zeus Yellow 8 GB,,"31,600","2,4",Yellow,11.25,9
TEAMGROUP Zeus Yellow 8 GB,,"32,133","2,4",Yellow,10.314,11
ADATA XPG V1.0 16 GB,,"31,600","2,8",Red / White,11.25,9
Crucial CT4G4RFS8213 4 GB,,"42,133","1,4",Black / Green,14.065,15
Crucial CT8G4RFS4213 8 GB,34.99,"42,133","1,8",Black / Green,14.065,15
GeIL GPR416GB2133C15QC 16 GB,,"42,133","4,4",Black / Red,14.065,15
GeIL GPR416GB2400C15QC 16 GB,,"42,400","4,4",Black / Red,12.5,15
G.Skill Ripjaws 4 16 GB,,"43,200","4,4",Black / Red,10,16
G.Skill Ripjaws 4 16 GB,,"43,300","4,4",Black / Red,9.697,16
G.Skill Ripjaws 4 16 GB,,"43,333","4,4",Black / Red,9.601,16
Kingston HX424C12PB2K4/16 16 GB,,"42,400","4,4",Black,10,12
Kingston HX426C13PB2K4/16 16 GB,,"42,666","4,4",Black,9.752,13
Kingston HX428C14PB2K4/16 16 GB,,"42,800","4,4",Black,10,14
Kingston HX430C15PB2K4/16 16 GB,,"43,000","4,4",Black,10,15
Mushkin Proline 32 GB,,"31,866","4,8",Black / Green,13.934,13
Mushkin Proline 16 GB,,"31,866","2,8",Black / Green,13.934,13
Mushkin Proline 32 GB,,"31,866","1,32",Black,13.934,13
Samsung M393B1G70QH0-CMA08 8 GB,,"31,866","1,8",Black / Green,13.934,13
Wintec HMT31GR7CFR4C-PBD8 8 GB,,"31,600","1,8",Black,13.75,11
Wintec HMT31GR7EFR4C-RDT8 8 GB,,"31,866","1,8",Black / Blue,13.934,13
Wintec HMT351R7CFR8A-H9T3 4 GB,,"31,333","1,4",Black / Blue,13.503,9
Wintec HMT351R7CFR8A-H9T8 4 GB,,"31,333","1,4",Black / Blue,13.503,9
Wintec HMT351R7EFR8A-PBT8 4 GB,,"31,600","1,4",Black / Blue,13.75,11
Wintec HMT41GR7MFR8C-PBT8 8 GB,,"31,600","1,8",Black / Blue,13.75,11
Wintec HMT41GV7AFR8C-RDT8 8 GB,,"31,600","1,8",Black / Blue,13.75,11
Wintec HMT42GR7MFR4C-H9T3 16 GB,,"31,333","1,16",Black / Blue,13.503,9
Apotop S3A4Gx1-13C9EB 4 GB,,"31,333","1,4",Black / Green,13.503,9
Apotop U3A8Gx2-16CACB 16 GB,,"31,600","2,8",Black / Purple,12.5,10
Apotop L3A4Gx1-16CBDA 4 GB,,"31,600","1,4",Black / Red,13.75,11
Apotop L3A4Gx2-16CBDA 8 GB,,"31,600","2,4",Black / Red,13.75,11
Apotop U3A4Gx2-16C9BB 8 GB,,"31,600","2,4",Black / Purple,11.25,9
Apotop U3A4Gx2-16CACB 8 GB,,"31,600","2,4",Black / Purple,12.5,10
Apotop U3A8Gx2-16C9AB 16 GB,,"31,600","2,8",Black / Purple,11.25,9
Apotop U3A8Gx2-16C9BB 16 GB,,"31,600","2,8",Black / Purple,11.25,9
Apotop U3A8Gx2-18C9AB 16 GB,,"31,866","2,8",Black / Purple,9.646,9
Apotop U3A8Gx2-21C9AC 16 GB,,"32,133","2,8",Black / Purple,8.439,9
Apotop U3A8Gx4-16C9BB 32 GB,,"31,600","4,8",Black / Purple,11.25,9
Apotop U3A8Gx4-18C9AB 32 GB,,"31,866","4,8",Black / Purple,9.646,9
Apotop U3A8Gx4-21C9AC 32 GB,,"32,133","4,8",Black / Purple,8.439,9
Apotop U3A2Gx2-16C9BB 4 GB,,"31,600","2,2",Black / Purple,11.25,9
G.Skill Ripjaws 4 32 GB,,"42,400","4,8",Black / Red,12.5,15
Crucial Ballistix Elite 16 GB,,"31,600","4,4",Black / White,10,8
Crucial Ballistix Sport 4 GB,,"31,600","2,2",Black / Silver,11.25,9
Crucial BLT2KIT4G3D1608DT1TX 8 GB,,"31,600","2,4",Black / Yellow,10,8
Crucial Ballistix Tactical Tracer 8 GB,,"31,600","2,4",Black / Silver,10,8
Crucial Ballistix Tactical Tracer 8 GB,,"31,600","2,4",Black / Silver,10,8
Crucial Ballistix 8 GB,,"31,866","2,4",Black / Yellow,9.646,9
Crucial Ballistix Tactical Tracer 8 GB,,"31,866","2,4",Black / Silver,9.646,9
Crucial Ballistix Tactical 16 GB,,"31,866","2,8",Black / Yellow,9.646,9
Crucial Ballistix 12 GB,,"31,600","3,4",Black / Yellow,10,8
Crucial Ballistix Tactical Tracer 12 GB,,"31,600","3,4",Black / Silver,10,8
Crucial Ballistix Tactical Tracer 12 GB,,"31,600","3,4",Black / Silver,10,8
G.Skill Ripjaws Z 64 GB,,"31,600","8,8",Black / Red,12.5,10
G.Skill Ripjaws Z 32 GB,,"32,133","8,4",Black / Red,10.314,11
G.Skill Ripjaws Z 64 GB,,"32,133","8,8",Black / Red,10.314,11
G.Skill Ripjaws Z 32 GB,,"32,133","4,8",Black / Red,10.314,11
G.Skill Ripjaws Z 32 GB,,"32,400","4,8",Black / Blue,8.333,10
Mushkin 974136A 32 GB,,"31,866","4,8",Black / Green,13.934,13
Mushkin 974146A 64 GB,,"31,866","4,16",Black,13.934,13
Mushkin 977146A 32 GB,,"31,866","2,16",Black,13.934,13
TEAMGROUP Xtreem 16 GB,,"32,666","2,8",White / Blue,8.252,11
Patriot Extreme Performance 8 GB,,"42,400","2,4",Black / Gold,12.5,15
Crucial Ballistix Tactical Tracer 8 GB,,"31,866","2,4",Black / Silver,9.646,9
Crucial Ballistix 8 GB,,"31,600","2,4",Black / Silver,10,8
Mushkin Proline 8 GB,42.98,"31,333","1,8",Black / Green,13.503,9
Mushkin Proline 16 GB,,"31,333","1,16",Black / Green,10.503,7
Mushkin Proline 32 GB,,"31,333","1,32",Silver,10.503,7
Mushkin Proline 64 GB,,"31,866","4,16",Black / Green,13.934,13
Mushkin Proline 16 GB,,"31,333","2,8",Black / Green,13.503,9
TEAMGROUP Elite Plus 8 GB,,"31,333","1,8",Black / Gold,13.503,9
Wintec 3RSH186613R4H-16GK 16 GB,,"31,866","2,8",Black / Silver,13.934,13
Wintec 3RSH186613R4H-32GQ 32 GB,,"31,866","4,8",Black / Silver,13.934,13
Wintec 3RSH186613R5H-32GK 32 GB,,"31,866","1,32",Black / Silver,13.934,13
Wintec 3RSL160011R9H-16GK 16 GB,,"31,600","2,8",Black / Silver,13.75,11
Wintec 3RSL160011R9H-32GQ 32 GB,,"31,600","4,8",Black / Silver,13.75,11
Mushkin Proline 32 GB,108.72,"31,333","1,32",Silver,13.503,9
TEAMGROUP Vulcan Orange 16 GB,,"32,133","2,8",Orange,10.314,11
Corsair Dominator Platinum 32 GB,,"42,400","4,8",Blue / Silver,12.5,15
Corsair Vengeance LPX 16 GB,,"42,400","4,4",Black,12.5,15
Corsair Vengeance LPX 16 GB,,"42,666","4,4",Red,11.253,15
GeIL GPR416GB2666C15QC 16 GB,,"42,666","4,4",Black / Red,11.253,15
GeIL GPR432GB2400C15QC 32 GB,,"42,400","4,8",Black / Red,12.5,15
Kingston KVR16LE11K4/32I 32 GB,,"31,600","4,8",Black / Green,13.75,11
G.Skill Ripjaws 4 64 GB,,"42,800","8,8",Black,10.714,15
GeIL EVO POTENZA 8 GB,,"32,400","2,4",Black / Red,9.167,11
GeIL GPR432GB3000C15QC 32 GB,,"43,000","4,8",Black / Red,10,15
GeIL GPR416GB3200C16QC 16 GB,,"43,200","4,4",Black / Red,10,16
GeIL GPR416GB3000C15QC 16 GB,,"43,000","4,4",Black / Red,10,15
G.Skill Ripjaws 4 GB,,"31,600","2,2",Black / Red,8.75,7
AMD ASH1333U/8GB 8 GB,,"31,333","1,8",Black / Green,13.503,9
Apotop U3A4Gx2-16CBWB 8 GB,,"31,600","2,4",White / Purple,13.75,11
Apotop U3A8Gx1-16CBWB 8 GB,,"31,600","1,8",White / Purple,13.75,11
Kingston KHX12800D3K2/4G 4 GB,,"31,600","2,2",Blue / Silver,11.25,9
Mushkin Blackline 16 GB,,"42,133","4,4",Black / White,11.252,12
Mushkin Blackline 16 GB,,"42,400","4,4",Black / White,12.5,15
TEAMGROUP Elite 4 GB,,"42,133","1,4",Black,14.065,15
TEAMGROUP Elite 8 GB,,"42,133","1,8",Black / Green,14.065,15
TEAMGROUP Elite 8 GB,,"42,133","2,4",Black,14.065,15
TEAMGROUP Elite Plus 16 GB,,"42,133","4,4",Black / Gold,14.065,15
TEAMGROUP Elite Plus 4 GB,,"42,133","1,4",Black / Gold,14.065,15
TEAMGROUP Elite Plus 8 GB,,"42,133","2,4",Black / Gold,14.065,15
Apotop U3A4Gx1-16CBWB 4 GB,,"31,600","1,4",White / Purple,13.75,11
Apotop U3A8Gx2-16CBWB 16 GB,,"31,600","2,8",White / Purple,13.75,11
TEAMGROUP Elite 16 GB,,"42,400","2,8",Black,12.5,15
TEAMGROUP Elite 16 GB,,"42,400","4,4",Black / Green,12.5,15
TEAMGROUP Elite 4 GB,,"42,400","1,4",Black / Green,12.5,15
TEAMGROUP Elite 8 GB,,"42,400","1,8",Black / Green,12.5,15
TEAMGROUP Elite 8 GB,,"42,400","2,4",Black / Green,12.5,15
TEAMGROUP Elite Plus 16 GB,,"42,400","4,4",Black / Gold,13.333,16
TEAMGROUP Elite Plus 32 GB,,"42,400","4,8",Black / Gold,13.333,16
TEAMGROUP Elite Plus 8 GB,,"42,400","2,4",Black / Gold,13.333,16
Apotop U3A4Gx1-16C9GB 4 GB,,"31,600","1,4",Black / Gold,11.25,9
Apotop U3A4Gx2-18C9GB 8 GB,,"31,866","2,4",Black / Gold,9.646,9
Apotop U3A4Gx2-16C9GB 8 GB,,"31,600","2,4",Black / Gold,11.25,9
Apotop U3A4Gx2-18C9PB 8 GB,,"31,866","2,4",White / Purple,9.646,9
Apotop U3A4Gx2-21C9GC 8 GB,,"32,133","2,4",Black / Gold,8.439,9
Apotop U3A4Gx2-21C9PC 8 GB,,"32,133","2,4",White / Purple,8.439,9
Apotop U3A8Gx1-16C9GB 8 GB,,"31,600","1,8",Black / Gold,11.25,9
Apotop U3A8Gx2-18C9GB 16 GB,,"31,866","2,8",Black / Gold,9.646,9
Apotop U3A8Gx2-16C9GB 16 GB,,"31,600","2,8",Black / Gold,11.25,9
Apotop U3A8Gx2-18C9PB 16 GB,,"31,866","2,8",White / Purple,9.646,9
Apotop U3A8Gx2-21C9GC 16 GB,,"32,133","2,8",Black / Gold,8.439,9
Apotop U3A8Gx2-21C9PC 16 GB,,"32,133","2,8",White / Purple,8.439,9
Corsair Vengeance LPX 16 GB,,"42,400","4,4",Red,12.5,15
Crucial Ballistix Tactical 8 GB,,"31,600","1,8",Black / Silver,10,8
Crucial CT12872AA80E 1 GB,,"2,800","1,1",Black / Green,12.5,5
Crucial CT2KIT51272AF80E 8 GB,,"2,800","2,4",Silver,12.5,5
TEAMGROUP Elite Plus 32 GB,,"42,133","4,8",Black / Gold,14.065,15
Corsair Dominator Platinum 16 GB,,"43,200","4,4",Black / Silver,9.375,15
Corsair Vengeance LPX 16 GB,,"42,133","4,4",Black / Red,14.065,15
Mushkin Redline 16 GB,,"42,400","4,4",Red / White,10.833,13
Mushkin Blackline 32 GB,,"42,400","4,8",Black / White,12.5,15
TEAMGROUP Elite 16 GB,,"42,133","2,8",Black / Green,14.065,15
TEAMGROUP Elite 32 GB,,"42,133","4,8",Black / Green,14.065,15
Patriot Viper Xtreme 4 GB,,"31,600","1,4",Black / Silver,13.75,11
Mushkin Redline 16 GB,,"42,400","2,8",Red / White,10.833,13
G.Skill Ripjaws 4 32 GB,,"42,666","4,8",Blue,12.003,16
Crucial Ballistix 8 GB,,"31,866","2,4",Black / Silver,9.646,9
Crucial Ballistix Tactical 12 GB,,"31,600","3,4",Black / Silver,10,8
Crucial Ballistix Sport 8 GB,,"31,333","2,4",Black / Silver,13.503,9
Crucial Ballistix Sport 6 GB,,"31,600","3,2",Black / Silver,11.25,9
Crucial Ballistix Sport 12 GB,,"31,600","3,4",Black / Silver,11.25,9
GeIL GPR416GB3000C16QC 16 GB,,"43,000","4,4",Black / Red,10.667,16
Mushkin Blackline 16 GB,,"42,133","2,8",Black / White,11.252,12
Patriot PX416G280C6QK 16 GB,,"42,800","4,4",Black / Silver,10.714,15
Patriot PX432G266C5QK 32 GB,,"42,666","4,8",Black / Silver,11.253,15
Patriot PX432G280C6QK 32 GB,,"42,800","4,8",Black / Silver,10.714,15
Crucial Ballistix Smart Tracer 16 GB,,"31,600","2,8",Black / Silver,10,8
Mushkin Blackline 32 GB,,"32,133","4,8",Black / White,10.314,11
Mushkin Blackline 16 GB,,"31,866","2,8",Black / White,11.79,11
Mushkin Blackline 8 GB,,"32,133","2,4",Black / White,9.376,10
Mushkin Blackline 16 GB,,"31,600","2,8",Black,11.25,9
Corsair Dominator Platinum 16 GB,,"43,300","4,4",Black / Silver,9.697,16
Kingston KVR16E11S8/4HB 4 GB,,"31,600","1,4",Black / Green,13.75,11
Kingston KVR16LE11/8HB 8 GB,,"31,600","1,8",Black / Green,13.75,11
Mushkin Blackline 16 GB,,"31,600","4,4",Black / White,11.25,9
Mushkin Redline 32 GB,,"31,866","4,8",Black / White,10.718,10
Mushkin Blackline 32 GB,,"31,600","4,8",Black / White,11.25,9
Mushkin Blackline 32 GB,,"31,866","4,8",Black / White,11.79,11
Mushkin Redline 32 GB,,"31,866","4,8",Red / White,9.646,9
Mushkin Blackline 16 GB,,"32,133","4,4",Black / White,9.376,10
Mushkin Blackline 8 GB,,"31,600","2,4",Black / White,12.5,10
Mushkin Blackline 8 GB,,"31,600","2,4",Black / White,11.25,9
Mushkin Blackline 16 GB,,"31,600","2,8",Black / White,11.25,9
Mushkin Blackline 16 GB,,"31,600","2,8",Black / White,12.5,10
Mushkin Redline 16 GB,,"31,866","2,8",Red / White,10.718,10
Mushkin Redline 16 GB,,"31,866","2,8",Black / White,9.646,9
Mushkin Blackline 16 GB,,"32,133","2,8",Black / White,10.314,11
Silicon Power SP008GBLTU133N02 8 GB,,"31,333","1,8",Black / Green,13.503,9
Mushkin Blackline 32 GB,,"31,600","4,8",Black / White,11.25,9
Mushkin Blackline 32 GB,,"32,133","4,8",Black / White,9.376,10
TEAMGROUP R-DIMM 2 GB,,"31,600","1,2",Black / Green,13.75,11
TEAMGROUP R-DIMM 4 GB,,"31,600","1,4",Black / Green,13.75,11
TEAMGROUP R-DIMM 8 GB,,"31,333","1,8",Black / Green,13.503,9
TEAMGROUP Elite 8 GB,,"31,333","1,8",Silver,13.503,9
TEAMGROUP Elite 8 GB,,"31,600","1,8",Silver,13.75,11
Mushkin Redline 16 GB,,"31,866","4,4",Black / White,9.646,9
Mushkin Redline 8 GB,,"31,866","2,4",Black / White,9.646,9
Mushkin Blackline 16 GB,,"32,133","2,8",Black / White,9.376,10
Kingston KVR16E11/8HB 8 GB,,"31,600","1,8",Black / Green,13.75,11
G.Skill Ripjaws 4 64 GB,,"42,133","8,8",Blue,14.065,15
G.Skill Ripjaws 4 16 GB,,"42,400","4,4",Black,11.667,14
G.Skill Ripjaws 4 64 GB,,"42,666","8,8",Blue,12.003,16
Mushkin Redline 4 GB,,"43,200","1,4",Red / White,10,16
Mushkin Redline 4 GB,,"43,000","1,4",Red / White,10,15
Mushkin Blackline 16 GB,,"32,133","4,4",Black / White,9.376,10
Mushkin Redline 16 GB,,"43,200","4,4",Red / White,10,16
Mushkin Redline 16 GB,,"43,000","4,4",Red / White,10,15
Mushkin Blackline 8 GB,,"32,133","2,4",Black / White,9.376,10
Mushkin Redline 8 GB,,"43,200","2,4",Red / White,10,16
Mushkin Redline 8 GB,,"43,000","2,4",Red / White,10,15
TEAMGROUP Vulcan Orange 8 GB,,"32,133","2,4",Orange,10.314,11
TEAMGROUP Vulcan 16 GB,,"32,400","2,8",Red,9.167,11
Kingston KVR16LR11D4/16HB 16 GB,,"31,600","1,16",Black / Green,13.75,11
Kingston KVR16LR11S4/8HB 8 GB,,"31,600","1,8",Black / Green,13.75,11
Kingston KVR16R11D4/16HB 16 GB,107.73,"31,600","1,16",Black / Green,13.75,11
Kingston KVR16R11S4/8HB 8 GB,145.84,"31,600","1,8",Black / Green,13.75,11
Patriot PSD34G1600L82S 4 GB,,"31,600","1,4",Black / Green,13.75,11
Mushkin Redline 8 GB,,"42,666","1,8",Red / White,11.253,15
Mushkin Redline 32 GB,,"43,000","4,8",Red / White,10,15
Mushkin Redline 8 GB,,"42,400","2,4",Red / White,10.833,13
Mushkin Redline 16 GB,,"42,666","2,8",Red / White,11.253,15
Mushkin Redline 16 GB,,"43,000","2,8",Red / White,10,15
Wintec 3SH13339R5-8GR 8 GB,,"31,333","1,8",Black / Green,13.503,9
Corsair Dominator Platinum 16 GB,,"43,000","4,4",Black / Silver,10,15
Kingston KVR16LE11S8/4HB 4 GB,,"31,600","1,4",Black / Green,13.75,11
Mushkin Redline 4 GB,,"42,800","1,4",Red / White,10.714,15
Mushkin Blackline 4 GB,,"42,800","1,4",Black / White,11.429,16
Mushkin Redline 16 GB,,"42,800","4,4",Red / White,10.714,15
Mushkin Blackline 16 GB,,"42,800","4,4",Black / White,11.429,16
Mushkin Redline 8 GB,,"42,400","2,4",Red / White,12.5,15
Mushkin Redline 8 GB,,"42,800","2,4",Red / White,10.714,15
Mushkin Blackline 8 GB,,"42,800","2,4",Black / White,11.429,16
TEAMGROUP R-DIMM 32 GB,,"31,333","1,32",Silver,13.503,9
Patriot Viper 4 16 GB,,"42,400","4,4",Black / Red,12.5,15
Patriot Viper 4 16 GB,,"42,800","4,4",Black / Red,11.429,16
Corsair Dominator Platinum 16 GB,,"43,333","4,4",Black / Silver,9.601,16
Corsair Dominator Platinum 64 GB,,"42,800","8,8",Black / Silver,10.714,15
Mushkin Blackline 16 GB,,"42,800","2,8",Black / White,11.429,16
Mushkin Blackline 8 GB,,"42,800","1,8",Black / White,11.429,16
GeIL GPW38GB3000C13DC 8 GB,,"33,000","2,4",Black / White,8.667,13
Silicon Power SP008GXLYU16ANDA 8 GB,,"31,600","2,4",Red,11.25,9
Silicon Power SP008GXLYU18ANDA 8 GB,,"31,866","2,4",Red,9.646,9
Silicon Power SP008GXLYU21ANDA 8 GB,,"32,133","2,4",Red,10.314,11
Silicon Power SP008GXLYU24ANDA 8 GB,,"32,400","2,4",Red,9.167,11
Silicon Power SP016GXLYU16ANDA 16 GB,,"31,600","2,8",Red,11.25,9
Silicon Power SP016GXLYU18ANDA 16 GB,,"31,866","2,8",Red,9.646,9
Silicon Power SP016GXLYU21ANDA 16 GB,,"32,133","2,8",Red,10.314,11
ADATA AX4U3000W8G16-QGZ 32 GB,,"43,000","4,8",Gold,10.667,16
ADATA AX4U3333W4G16-QGZ 16 GB,,"43,333","4,4",Gold,9.601,16
Pareema MD316D81610L1 8 GB,,"31,600","1,8",Black / Green,12.5,10
Pareema MD316D81610L2 16 GB,,"31,600","2,8",Black / Green,12.5,10
Pareema MD316D81610S1 8 GB,,"31,600","1,8",Black / Green,12.5,10
Pareema MD316D81610S2 16 GB,,"31,600","2,8",Black / Green,12.5,10
Pareema MD316D81611L1 8 GB,,"31,600","1,8",Black / Green,13.75,11
Pareema MD316D81611L2 16 GB,,"31,600","2,8",Black / Green,13.75,11
Mushkin Redline 16 GB,,"31,600","4,4",Red / White,8.75,7
Mushkin Blackline 16 GB,,"31,600","4,4",Black / White,10,8
Mushkin Redline 8 GB,,"31,600","2,4",Red / White,8.75,7
Mushkin Blackline 8 GB,,"31,600","2,4",Black / White,10,8
Klevv Genuine 8 GB,,"31,866","2,4",Black / Silver,9.646,9
Klevv Genuine 8 GB,,"32,133","2,4",Black / Silver,9.376,10
Klevv Genuine 8 GB,,"32,666","2,4",Black / Silver,9.002,12
Klevv Genuine 8 GB,,"32,933","2,4",Black / Silver,8.183,12
Klevv Neo 8 GB,,"31,600","2,4",Silver,11.25,9
Klevv Neo 8 GB,,"31,866","2,4",Silver,9.646,9
Klevv Neo 8 GB,,"32,133","2,4",Silver,9.376,10
Klevv Neo 8 GB,,"32,400","2,4",Silver,9.167,11
Klevv Neo 16 GB,,"31,600","2,8",Silver,11.25,9
Klevv Neo 16 GB,,"31,866","2,8",Silver,9.646,9
Klevv Neo 16 GB,,"32,133","2,8",Silver,9.376,10
Klevv Neo 16 GB,,"32,400","2,8",Silver,9.167,11
Klevv Urbane 8 GB,,"31,600","2,4",Silver,11.25,9
Klevv Urbane 8 GB,,"31,866","2,4",Silver,9.646,9
Klevv Urbane 8 GB,,"32,133","2,4",Silver,9.376,10
Klevv Urbane 8 GB,,"32,666","2,4",Silver,9.002,12
Klevv Urbane 8 GB,,"32,933","2,4",Silver,8.183,12
Klevv Urbane 16 GB,,"31,866","2,8",Silver,9.646,9
Klevv Urbane 16 GB,,"32,133","2,8",Silver,9.376,10
Klevv Urbane 16 GB,,"32,400","2,8",Silver,9.167,11
Klevv Urbane 16 GB,,"32,666","2,8",Silver,9.002,12
Klevv CRAS 16 GB,,"42,800","4,4",Black / Silver,11.429,16
Klevv CRAS 32 GB,,"42,133","4,8",Black / Silver,14.065,15
Klevv CRAS 32 GB,,"42,800","4,8",Black / Silver,11.429,16
Klevv Genuine 16 GB,,"31,600","4,4",Black / Silver,11.25,9
Klevv Genuine 16 GB,,"31,866","4,4",Black / Silver,9.646,9
Klevv Genuine 16 GB,,"32,133","4,4",Black / Silver,9.376,10
Klevv Genuine 16 GB,,"32,400","4,4",Black / Silver,9.167,11
Klevv Genuine 16 GB,,"32,666","4,4",Black / Silver,9.002,12
Klevv Genuine 16 GB,,"32,800","4,4",Black / Silver,8.571,12
Klevv Genuine 16 GB,,"32,933","4,4",Black / Silver,8.183,12
Klevv Genuine 16 GB,,"31,600","2,8",Black / Silver,11.25,9
Klevv Genuine 16 GB,,"31,866","2,8",Black / Silver,9.646,9
Klevv Genuine 16 GB,,"32,133","2,8",Black / Silver,9.376,10
Klevv Genuine 16 GB,,"32,400","2,8",Black / Silver,9.167,11
Klevv Genuine 16 GB,,"32,666","2,8",Black / Silver,9.002,12
Klevv Genuine 32 GB,,"31,600","4,8",Black / Silver,11.25,9
Klevv Genuine 32 GB,,"31,866","4,8",Black / Silver,9.646,9
Klevv Genuine 32 GB,,"32,133","4,8",Black / Silver,9.376,10
Klevv Genuine 32 GB,,"32,400","4,8",Black / Silver,9.167,11
Klevv Genuine 32 GB,,"32,666","4,8",Black / Silver,9.002,12
Klevv Neo 16 GB,,"31,600","4,4",Silver,11.25,9
Klevv Neo 16 GB,,"31,866","4,4",Silver,9.646,9
Klevv Neo 16 GB,,"32,133","4,4",Silver,9.376,10
Klevv Neo 16 GB,,"32,400","4,4",Silver,9.167,11
Klevv Neo 32 GB,,"31,600","4,8",Silver,11.25,9
Klevv Neo 32 GB,,"31,866","4,8",Silver,9.646,9
Klevv Neo 8 GB,,"32,133","2,4",Silver,9.376,10
Klevv Neo 32 GB,,"32,400","4,8",Silver,9.167,11
Klevv Urbane 16 GB,,"31,600","4,4",Silver,11.25,9
Klevv Urbane 16 GB,,"32,133","4,4",Silver,9.376,10
Klevv Urbane 16 GB,,"32,400","4,4",Silver,9.167,11
Klevv Urbane 16 GB,,"32,666","4,4",Silver,9.002,12
Klevv Urbane 16 GB,,"32,800","4,4",Silver,8.571,12
Klevv Urbane 16 GB,,"32,933","4,4",Silver,8.183,12
Klevv Urbane 32 GB,,"31,600","4,8",Silver,11.25,9
Klevv Urbane 32 GB,,"31,866","4,8",Silver,9.646,9
Klevv Urbane 16 GB,,"32,133","4,4",Silver,9.376,10
Klevv Urbane 32 GB,,"32,400","4,8",Silver,9.167,11
Klevv Urbane 32 GB,,"32,666","4,8",Silver,9.002,12
Kingston HyperX Predator 8 GB,,"32,666","2,4",Black / Blue,8.252,11
Kingston KVR13LR9D4K3/48 48 GB,,"31,333","3,16",Black / Green,13.503,9
Kingston KVR18R13S8/4 4 GB,,"31,866","1,4",Black / Green,13.934,13
Kingston KVR18R13S8/4KF 4 GB,,"31,866","1,4",Black / Green,13.934,13
Mushkin Redline 16 GB,,"32,400","2,8",Red / White,8.333,10
Mushkin Redline 32 GB,,"32,400","4,8",Red / White,8.333,10
Crucial Ballistix Sport LT 16 GB,,"42,400","4,4",Silver,13.333,16
Corsair Dominator Platinum 16 GB,,"43,200","4,4",Black / Silver,9.375,15
Kingston KTD-PE421/16G 16 GB,53.98,"42,133","1,16",Green,14.065,15
Kingston KTH-PL421/16G 16 GB,34.97,"42,133","1,16",Green,14.065,15
Kingston KTH-PL421/8G 8 GB,28.51,"42,133","1,8",Green,14.065,15
Kingston KTL-TS421/16G 16 GB,149.93,"42,133","1,16",Green,14.065,15
Kingston KVR16LE11K3/24 24 GB,,"31,600","3,8",Green,13.75,11
Mushkin Proline 8 GB,,"31,333","1,8",Green,10.503,7
Crucial CT2K16G3ERSDD4186D 32 GB,,"31,866","2,16",Green,13.934,13
Crucial CT16G3ERSLQ41067 16 GB,,"31,066","1,16",Black,13.133,7
Crucial CT2K4G4RFS8213 8 GB,,"42,133","2,4",Green,14.065,15
Crucial CT2K8G4RFS4213 16 GB,,"42,133","2,8",Green,14.065,15
Crucial CT2G3ERSLD81339 2 GB,,"31,333","1,2",Green,13.503,9
Crucial CT2G3ERSLS8160B 2 GB,,"31,600","1,2",Green,13.75,11
Crucial CT2G3ERVLS81339 2 GB,,"31,333","1,2",Green,13.503,9
Crucial CT2K4G3ERSLD8160B 8 GB,,"31,600","2,4",Green,13.75,11
Crucial CT2K8G3ERSLD4160B 16 GB,,"31,600","2,8",Green,13.75,11
Crucial CT2KIT25672BD160B 4 GB,,"31,600","2,2",Green,13.75,11
Crucial CT2KIT51272BB160B 8 GB,,"31,600","2,4",Green,13.75,11
Crucial CT2KIT51272BD160B 8 GB,,"31,600","2,4",Green,13.75,11
Crucial CT32G3ERSLQ41067 32 GB,,"31,066","1,32",Black,13.133,7
Crucial CT3K16G3ERSLD4160B 48 GB,,"31,600","3,16",Green,13.75,11
Crucial CT3K2G3ERSLS8160B 6 GB,,"31,600","3,2",Green,13.75,11
Crucial CT3K4G3ERSLD8160B 12 GB,,"31,600","3,4",Green,13.75,11
Crucial CT3K8G3ERSLD81339 24 GB,,"31,333","3,8",Green,13.503,9
Crucial CT3KIT102472BA160B 24 GB,,"31,600","3,8",Green,13.75,11
Crucial CT3KIT102472BD1339 24 GB,,"31,333","3,8",Green,13.503,9
Crucial CT3KIT51272BA1067 12 GB,,"31,066","3,4",Green,13.133,7
Crucial CT3KIT51272BD160B 12 GB,,"31,600","3,4",Green,13.75,11
Crucial CT4G3ERSLD8160B 4 GB,,"31,600","1,4",Green,13.75,11
Crucial CT4G3ERSLS41339 4 GB,,"31,333","1,4",Green,13.503,9
Crucial CT4G3ERSLS4160B 4 GB,,"31,600","1,4",Green,13.75,11
Crucial CT4G3ERVDD8186D 4 GB,,"31,866","1,4",Green,13.934,13
Crucial CT51272BB160B 4 GB,,"31,600","1,4",Green,13.75,11
Crucial CT8G3ERSLD41339 8 GB,26.99,"31,333","1,8",Green,13.503,9
Crucial CT8G3ERSLD4160B 8 GB,18.98,"31,600","1,8",Green,13.75,11
Crucial CT8G3ERSLD8160B 8 GB,28.99,"31,600","1,8",Green,13.75,11
Crucial CT8G3ERSLS41339 8 GB,,"31,333","1,8",Green,13.503,9
Crucial CT8G3ERSLS4160B 8 GB,24.99,"31,600","1,8",Green,13.75,11
Kingston D1G72K111S 8 GB,,"31,600","1,8",Green,13.75,11
Kingston D1G72KL111S 8 GB,,"31,600","1,8",Green,13.75,11
Kingston D51272K110S 4 GB,,"31,600","1,4",Green,13.75,11
Kingston KFJ-PM316S8/4G 4 GB,,"31,600","1,4",Green,13.75,11
Kingston KTD-PE316S8/4G 4 GB,,"31,600","1,4",Green,13.75,11
Kingston KTH-PL316S8/4G 4 GB,23.99,"31,600","1,4",Green,13.75,11
Kingston KVR18R13D4/16KF 16 GB,,"31,866","1,16",Green,13.934,13
Kingston KVR18R13D4K3/48 48 GB,,"31,866","3,16",Blue,13.934,13
Kingston KVR18R13D8/8 8 GB,,"31,866","1,8",Green,13.934,13
Kingston KVR18R13D8/8KF 8 GB,,"31,866","1,8",Green,13.934,13
Kingston KVR16R11S8/4EF 4 GB,64.7,"31,600","1,4",Green,13.75,11
Kingston KVR16R11S8/4I 4 GB,28.99,"31,600","1,4",Green,13.75,11
Kingston KVR16R11S8/4KF 4 GB,20.95,"31,600","1,4",Green,13.75,11
Kingston KVR16R11S8K3/6 6 GB,,"31,600","3,2",Green,13.75,11
Kingston KVR16R11S8K4/16I 16 GB,,"31,600","4,4",Green,13.75,11
Kingston KVR18E13/8KF 8 GB,,"31,866","1,8",Green,13.934,13
Kingston KVR18R13D4/16 16 GB,91.93,"31,866","1,16",Blue,13.934,13
Kingston KVR18R13S4/8 8 GB,,"31,866","1,8",Green,13.934,13
Kingston KVR18R13S4/8KF 8 GB,,"31,866","1,8",Green,13.934,13
Kingston KVR18R13S4K3/24 24 GB,,"31,866","3,8",Green,13.934,13
Kingston KVR18R13S4K4/32 32 GB,,"31,866","4,8",Green,13.934,13
Kingston ValueRAM 2 GB,,"2,400","1,2",Green,15,3
Kingston KVR667D2D4F5/4G 4 GB,,"2,667","1,4",Black / Silver,14.993,5
Kingston KVR667D2D4F5/8G 8 GB,,"2,667","1,8",Black / Silver,14.993,5
Kingston KVR16LR11S8K4/16 16 GB,,"31,600","4,4",Green,13.75,11
Kingston KVR16LSE11/4KF 4 GB,,"31,600","1,4",Green,13.75,11
Kingston ValueRAM 64 GB,139,"31,600","4,16",Green,13.75,11
Kingston KVR16R11D8/4 4 GB,,"31,600","1,4",Green,13.75,11
Kingston KVR16R11D8/4HC 4 GB,29.95,"31,600","1,4",Green,13.75,11
Kingston KVR16R11D8/8I 8 GB,76.95,"31,600","1,8",Green,13.75,11
Kingston KVR16R11D8L/8 8 GB,59.99,"31,600","1,8",Green,13.75,11
Kingston KVR16R11S4/4 4 GB,,"31,600","1,4",Green,13.75,11
Kingston KVR16R11S4/8HA 8 GB,,"31,600","1,8",Green,13.75,11
Kingston KVR16R11S4K3/24 24 GB,,"31,600","3,8",Green,13.75,11
Kingston KVR16R11S4K4/16 16 GB,,"31,600","4,4",Green,13.75,11
Kingston KVR16R11S4K4/32I 32 GB,,"31,600","4,8",Green,13.75,11
Kingston KVR16R11S8/4 4 GB,19.5,"31,600","1,4",Green,13.75,11
Kingston KVR16R11D8/8KF 8 GB,57.98,"31,600","1,8",Green,13.75,11
Kingston KVR16R11D8K4/32I 32 GB,,"31,600","4,8",Green,13.75,11
Kingston KVR16R11S4/4HE 4 GB,,"31,600","1,4",Green,13.75,11
Kingston KVR16R11S4/8I 8 GB,42.74,"31,600","1,8",Green,13.75,11
Kingston KVR16R11S8/2 2 GB,,"31,600","1,2",Green,13.75,11
Kingston KVR16R11S4/8 8 GB,48.25,"31,600","1,8",Green,13.75,11
Kingston KVR16R11D8K4/16 16 GB,,"31,600","4,4",Green,13.75,11
Kingston KVR16R11D4/8HE 8 GB,,"31,600","1,8",Green,13.75,11
Kingston KVR16R11D4/8HC 8 GB,29.99,"31,600","1,8",Green,13.75,11
Kingston KVR16LSE11/8KF 8 GB,,"31,600","1,8",Green,13.75,11
Kingston KVR16LR11S8K3/12 12 GB,,"31,600","3,4",Green,13.75,11
Kingston KVR16LR11S8/4I 4 GB,,"31,600","1,4",Green,13.75,11
Kingston KVR16LR11S8/4EF 4 GB,,"31,600","1,4",Green,13.75,11
Kingston KVR16LR11S8/4 4 GB,46.49,"31,600","1,4",Green,13.75,11
Kingston KVR16LR11S4L/8 8 GB,,"31,600","1,8",Green,13.75,11
Kingston KVR16LR11S4K4/32I 32 GB,,"31,600","4,8",Green,13.75,11
Kingston KVR16LR11S4/8I 8 GB,,"31,600","1,8",Green,13.75,11
Kingston KVR16LR11S4/8 8 GB,,"31,600","1,8",Green,13.75,11
Kingston KVR16LR11D8K4/32I 32 GB,199.99,"31,600","4,8",Green,13.75,11
Kingston KVR16LR11D8K4/32 32 GB,,"31,600","4,8",Green,13.75,11
Kingston KVR16LR11D8K3/24I 24 GB,,"31,600","3,8",Green,13.75,11
Kingston KVR16LR11D8K3/24 24 GB,,"31,600","3,8",Green,13.75,11
Kingston KVR16LR11D8/8KF 8 GB,,"31,600","1,8",Green,13.75,11
Kingston KVR16LR11D8/8I 8 GB,,"31,600","1,8",Green,13.75,11
Kingston KVR16LR11D8/8 8 GB,,"31,600","1,8",Green,13.75,11
Kingston KVR16LR11D4L/16 16 GB,,"31,600","1,16",Green,13.75,11
Kingston KVR16LR11D4K3/48 48 GB,,"31,600","3,16",Green,13.75,11
Kingston KVR16LR11D4/8 8 GB,,"31,600","1,8",Green,13.75,11
Kingston KVR16LR11D4/16I 16 GB,,"31,600","1,16",Green,13.75,11
Kingston KVR16LR11D4/16 16 GB,49.9,"31,600","1,16",Green,13.75,11
Kingston KVR16LL11Q4/32 32 GB,,"31,600","1,32",White,13.75,11
Kingston KVR16LE11S8/4EF 4 GB,,"31,600","1,4",Green,13.75,11
Kingston KTL-TS316S/8G 8 GB,,"31,600","1,8",Green,13.75,11
Kingston KTM-SX316ES/4G 4 GB,,"31,600","1,4",Green,13.75,11
Kingston KTM-SX316LLVS/8G 8 GB,,"31,600","1,8",Green,13.75,11
Kingston KTM-SX316S8/4G 4 GB,121,"31,600","1,4",Green,13.75,11
Kingston KTM-SX316S/8G 8 GB,54.42,"31,600","1,8",Green,13.75,11
Kingston KVR1066D3S8E7S/2G 2 GB,19.98,"31,066","1,2",Green,13.133,7
Kingston KVR1333D3D4R9S/4GED 4 GB,29.15,"31,333","1,4",Green,13.503,9
Kingston KVR1333D3D4R9S/8G 8 GB,40,"31,333","1,8",Green,13.503,9
Kingston KVR1333D3D8R9S/4G 4 GB,,"31,333","1,4",Green,13.503,9
Kingston KVR1333D3D8R9SK2/8G 8 GB,,"31,333","2,4",Green,13.503,9
Kingston KVR1333D3D8R9SL/4G 4 GB,,"31,333","1,4",Green,13.503,9
Kingston KVR1333D3E9S/8G 8 GB,39.07,"31,333","1,8",Green,13.503,9
Kingston KVR1333D3E9SK3/12G 12 GB,,"31,333","3,4",Green,13.503,9
Kingston KVR1333D3E9SK3/24G 24 GB,194.99,"31,333","3,8",Green,13.503,9
Kingston KVR1333D3LD8R9S/4G 4 GB,,"31,333","1,4",Green,13.503,9
Kingston KVR1333D3LQ8R9S/8G 8 GB,69.94,"31,333","1,8",Green,13.503,9
Kingston KVR1333D3Q8R9S/8G 8 GB,38.99,"31,333","1,8",Green,13.503,9
Kingston KVR1333D3S4R9S/4G 4 GB,,"31,333","1,4",Green,13.503,9
Kingston KVR1333D3S8R9S/2G 2 GB,11.99,"31,333","1,2",Green,13.503,9
Kingston KVR13E9/2I 2 GB,43.65,"31,333","1,2",Green,13.503,9
Kingston KVR13E9/4I 4 GB,28.99,"31,333","1,4",Green,13.503,9
Kingston KVR13E9K2/16I 16 GB,,"31,333","2,8",Green,13.503,9
Kingston KVR13E9K3/24I 24 GB,,"31,333","3,8",Green,13.503,9
Kingston KVR13LE9/8 8 GB,,"31,333","1,8",Green,13.503,9
Kingston KVR13LE9S8/4 4 GB,,"31,333","1,4",Green,13.503,9
Kingston KVR13LE9S8/4EF 4 GB,28.99,"31,333","1,4",Green,13.503,9
Kingston KVR13LL9Q4/32I 32 GB,,"31,333","1,32",White,13.503,9
Kingston KVR13LR9D4/16HA 16 GB,48.99,"31,333","1,16",Green,13.503,9
Kingston KVR13LR9D4/8HE 8 GB,,"31,333","1,8",Green,13.503,9
Kingston KVR13LR9D4/8I 8 GB,,"31,333","1,8",Green,13.503,9
Kingston KVR13LR9D4K3/48I 48 GB,,"31,333","3,16",Green,13.503,9
Kingston KVR13LR9D4K4/64I 64 GB,,"31,333","4,16",Green,13.503,9
Kingston KVR13LR9D8/8 8 GB,,"31,333","1,8",Green,13.503,9
Kingston KVR13LR9D8/8EF 8 GB,,"31,333","1,8",Green,13.503,9
Kingston KVR13LR9D8K3/12 12 GB,,"31,333","3,4",Green,13.503,9
Kingston KVR13LR9D8K4/16 16 GB,,"31,333","4,4",Green,13.503,9
Kingston KVR13LR9Q4/32 32 GB,,"31,333","1,32",Beige,13.503,9
Kingston KVR13LR9Q8/16 16 GB,,"31,333","1,16",Green,13.503,9
Kingston KVR13LR9Q8/16EF 16 GB,,"31,333","1,16",Green,13.503,9
Kingston KVR13LR9S4/4 4 GB,,"31,333","1,4",Green,13.503,9
Kingston KVR13LR9S4/8 8 GB,24.99,"31,333","1,8",Green,13.503,9
Kingston KVR13LR9S4/8HA 8 GB,28.99,"31,333","1,8",Green,13.503,9
Kingston KVR13LR9S4K4/16 16 GB,,"31,333","4,4",Green,13.503,9
Kingston KVR13LR9S4L/8 8 GB,,"31,333","1,8",Green,13.503,9
Kingston KVR13LR9S8/2 2 GB,,"31,333","1,2",Green,13.503,9
Kingston KVR13LR9S8/4 4 GB,,"31,333","1,4",Green,13.503,9
Kingston KVR13LR9S8/4EF 4 GB,,"31,333","1,4",Green,13.503,9
Kingston KVR13LR9S8K4/8 8 GB,,"31,333","4,2",Green,13.503,9
Kingston KVR13LSE9S8/4 4 GB,,"31,333","1,4",Green,13.503,9
Kingston KVR13R9D4/16 16 GB,34.99,"31,333","1,16",Green,13.503,9
Kingston KVR13R9D4/16I 16 GB,44.99,"31,333","1,16",Green,13.503,9
Kingston KVR13R9D4/8I 8 GB,44.65,"31,333","1,8",Green,13.503,9
Kingston KVR13R9D4K2/32 32 GB,,"31,333","2,16",Green,13.503,9
Kingston KVR13R9D4K2/32I 32 GB,,"31,333","2,16",Green,13.503,9
Kingston KVR13R9D4K3/48 48 GB,98.99,"31,333","3,16",Green,13.503,9
Kingston KVR13R9D4K4/64 64 GB,,"31,333","4,16",Green,13.503,9
Kingston KVR13R9S4/4I 4 GB,14.99,"31,333","1,4",Green,13.503,9
Kingston KVR13R9S4L/8 8 GB,,"31,333","1,8",Green,13.503,9
Kingston KVR16E11/2 2 GB,,"31,600","1,2",Green,13.75,11
Kingston KVR16E11/8EF 8 GB,,"31,600","1,8",Green,13.75,11
Kingston KVR16E11K3/24 24 GB,,"31,600","3,8",Green,13.75,11
Kingston KVR16E11S8/4EF 4 GB,,"31,600","1,4",Green,13.75,11
Kingston KVR16LE11/8EF 8 GB,,"31,600","1,8",Green,13.75,11
Kingston KVR16LE11L/4 4 GB,,"31,600","1,4",Green,13.75,11
Mushkin Proline 8 GB,,"31,066","1,8",Silver,13.133,7
Mushkin Proline 8 GB,20.3,"31,333","1,8",Silver,13.503,9
Mushkin Proline 16 GB,,"31,066","1,16",Green,13.133,7
Mushkin Proline 16 GB,,"31,333","1,16",Green,13.503,9
Mushkin Proline 16 GB,,"31,333","1,16",Blue,13.503,9
Mushkin Proline 16 GB,,"31,600","1,16",Green,13.75,11
Mushkin Proline 32 GB,,"31,066","1,32",Green,13.133,7
Mushkin Proline 4 GB,,"31,866","1,4",Green,13.934,13
Crucial CT102472BD1339 8 GB,19.98,"31,333","1,8",Green,13.503,9
Crucial CT2K4G3ERSLD81339 8 GB,,"31,333","2,4",Green,13.503,9
Crucial CT2K4G3ERVLD81339 8 GB,,"31,333","2,4",Green,13.503,9
Crucial CT2K8G3ERSLD41339 16 GB,,"31,333","2,8",Green,13.503,9
Crucial CT2K8G3ERSLD81339 16 GB,,"31,333","2,8",Green,13.503,9
Crucial CT2KIT25672BD1339 4 GB,,"31,333","2,2",Green,13.503,9
Crucial CT2KIT51272BD1339 8 GB,,"31,333","2,4",Green,13.503,9
Crucial CT3K16G3ERSLD41339 48 GB,,"31,333","3,16",Green,13.503,9
Crucial CT3K2G3ERSLD81339 6 GB,,"31,333","3,2",Green,13.503,9
Crucial CT3K4G3ERSLD81339 12 GB,,"31,333","3,4",Green,13.503,9
Crucial CT3K4G3ERVLD81339 12 GB,,"31,333","3,4",Green,13.503,9
Crucial CT3KIT51272BD1339 12 GB,,"31,333","3,4",Green,13.503,9
Crucial CT4G3ERSLD81339 4 GB,,"31,333","1,4",Green,13.503,9
Crucial CT4G3ERVLD81339 4 GB,,"31,333","1,4",Green,13.503,9
Crucial CT51272BD1339 4 GB,,"31,333","1,4",Green,13.503,9
Crucial CT51272BV1339 4 GB,,"31,333","1,4",Green,13.503,9
Crucial CT8G3ERSLD81339 8 GB,,"31,333","1,8",Green,13.503,9
Crucial CT8G4RFD8213 8 GB,,"42,133","1,8",Black / Green,14.065,15
Mushkin Stealth 4 GB,,"31,600","1,4",Black / Yellow,11.25,9
Mushkin Stealth 8 GB,,"31,600","1,8",Black / Yellow,11.25,9
Avexir Raiden 16 GB,,"31,600","2,8",Black / Blue,12.5,10
Avexir Core 4 GB,,"31,600","1,4",Black / Red,13.75,11
Avexir Core 4 GB,,"31,600","1,4",Black / Blue,13.75,11
Avexir Core 8 GB,,"31,600","2,4",Black / Red,13.75,11
Avexir Core 8 GB,,"31,600","1,8",Black / Red,13.75,11
Avexir Core 16 GB,,"31,600","2,8",Black / Blue,13.75,11
Avexir Raiden 16 GB,,"32,133","2,8",White / Blue,8.439,9
Avexir Core 8 GB,,"32,400","2,4",Black / Blue,9.167,11
Avexir Core 8 GB,,"32,400","2,4",Black / Red,9.167,11
Avexir Core 8 GB,,"32,400","2,4",Black / White,9.167,11
Avexir Core 16 GB,,"32,400","2,8",Black / Blue,9.167,11
Avexir Core 16 GB,,"32,400","2,8",Black / Red,9.167,11
Avexir Core 16 GB,,"32,400","2,8",Black / White,9.167,11
Avexir Core 32 GB,,"42,666","4,8",Black / Red,11.253,15
Corsair Vengeance LPX 16 GB,,"42,400","4,4",Blue,12.5,15
Corsair Vengeance LPX 8 GB,,"42,400","1,8",Red,12.5,15
Avexir Core 16 GB,,"32,133","2,8",Black / Blue,10.314,11
Avexir Raiden 8 GB,,"31,600","2,4",White / Blue,11.25,9
Avexir Core 16 GB,,"31,600","2,8",Black / Red,12.5,10
Avexir Core 8 GB,,"31,866","2,4",Black / Red,9.646,9
Avexir Core 16 GB,,"31,866","2,8",Black / Blue,9.646,9
Avexir Core 16 GB,,"31,866","2,8",Black / Red,9.646,9
Avexir Core 8 GB,,"32,133","2,4",Black / Red,10.314,11
Avexir Core 16 GB,,"32,133","2,8",Black / Red,10.314,11
Avexir Blitz 8 GB,,"32,400","2,4",Green / Silver,8.333,10
Avexir Blitz 8 GB,,"32,400","2,4",Black / White,8.333,10
Avexir Blitz 8 GB,,"31,600","2,4",Black / Red,11.25,9
Avexir Blitz 16 GB,,"31,600","2,8",Black / Red,11.25,9
Avexir Blitz 1.1 8 GB,,"31,866","2,4",Black / Red,11.79,11
Avexir Blitz 1.1 8 GB,,"32,933","2,4",Black / Red,8.183,12
Kingston D1G72L131 8 GB,,"31,600","1,8",Black / Green,13.75,11
Kingston KVR16R11S8K4/16 16 GB,,"31,600","4,4",Black / Green,13.75,11
ADATA AX4U3200W4G16-QGZ 16 GB,,"43,200","4,4",Gold,10,16
Kingston HX318LS11IB/4 4 GB,,"31,866","1,4",Black / White,11.79,11
Kingston HX318LS11IB/8 8 GB,,"31,866","1,8",Black / White,11.79,11
Kingston HX318LS11IBK2/8 8 GB,,"31,866","2,4",Black / White,11.79,11
Kingston HX426C13PBK4/32 32 GB,,"42,666","4,8",Black,9.752,13
Kingston HX428C14PBK4/32 32 GB,,"42,800","4,8",Black,10,14
Kingston HyperX Predator 64 GB,,"42,800","8,8",Black,10,14
TEAMGROUP Dark 8 GB,,"31,600","1,8",Black,11.25,9
TEAMGROUP Dark 8 GB,,"31,600","2,4",Black,11.25,9
TEAMGROUP Dark 8 GB,,"31,600","2,4",Red,11.25,9
TEAMGROUP Vulcan 16 GB,,"31,600","2,8",Orange,12.5,10
TEAMGROUP Vulcan 8 GB,,"31,600","2,4",Orange,11.25,9
TEAMGROUP Vulcan 8 GB,,"31,600","2,4",Red,11.25,9
TEAMGROUP Vulcan 16 GB,,"31,600","2,8",Yellow,12.5,10
TEAMGROUP Vulcan 8 GB,,"31,600","2,4",Yellow,11.25,9
Mushkin Redline 32 GB,,"32,133","4,8",Red,8.439,9
Mushkin Redline 16 GB,,"32,133","2,8",Red,8.439,9
GeIL Super Luce 16 GB,,"43,000","4,4",Black / Blue,10.667,16
GeIL Super Luce 16 GB,,"43,000","4,4",Black / Red,10.667,16
GeIL Super Luce 16 GB,,"43,000","4,4",Black / White,10.667,16
Avexir Blitz1.1 16 GB,,"32,133","2,8",Black / Yellow,8.439,9
Avexir Blitz1.1 8 GB,,"31,866","2,4",Black / Red,9.646,9
Avexir Blitz1.1 8 GB,,"31,866","2,4",Black / Yellow,9.646,9
Avexir Blitz1.1 16 GB,,"31,866","2,8",Black / Red,9.646,9
Avexir Blitz1.1 16 GB,,"31,866","2,8",Black / Yellow,9.646,9
Avexir Blitz 1.1 16 GB,,"31,866","2,8",Black / Red,11.79,11
G.Skill Ripjaws 16 GB,,"43,400","4,4",Black,9.412,16
EVGA Superclocked 16 GB,,"42,666","4,4",Black,12.003,16
EVGA SSC 16 GB,,"42,800","4,4",Black,11.429,16
EVGA SSC 8 GB,,"32,133","2,4",Black,10.314,11
EVGA SSC 16 GB,,"32,133","2,8",Black,10.314,11
Patriot Viper 4 GB,,"31,866","1,4",Black / Green,9.646,9
Corsair CM3X8GSDKIT1066 8 GB,,"31,066","2,4",Black / Green,16.886,9
Corsair Vengeance LPX 16 GB,,"43,200","4,4",Black / Yellow,9.375,15
Corsair Vengeance LPX 16 GB,,"43,200","4,4",Black / Yellow,9.375,15
Corsair Vengeance LPX 16 GB,,"43,300","4,4",Black / Yellow,9.697,16
Corsair Vengeance LPX 64 GB,,"42,666","8,8",Black / Yellow,11.253,15
GeIL Super Luce 16 GB,,"43,400","4,4",White / Blue,9.412,16
GeIL Super Luce 16 GB,,"43,000","4,4",White / Red,10.667,16
GeIL Super Luce 16 GB,,"43,400","4,4",White / Red,9.412,16
G.Skill Ripjaws 4 16 GB,,"43,400","4,4",Blue,9.412,16
Corsair CMV2GX3M1C1600C11 2 GB,,"31,600","1,2",Black / Green,13.75,11
Kingston D1G72M151 8 GB,,"42,133","1,8",Black / Green,14.065,15
Kingston HX321LS11IB2/4 4 GB,,"32,133","1,4",Black / Silver,10.314,11
Kingston KTD-PE421LQ/32G 32 GB,,"42,133","1,32",Black / Green,14.065,15
Kingston KVR16LR11S8/4HB 4 GB,65.98,"31,600","1,4",Black / Green,13.75,11
Kingston KVR16LSE11/4HB 4 GB,,"31,600","1,4",Black / Green,13.75,11
Kingston KVR16LSE11/8HB 8 GB,,"31,600","1,8",Black / Green,13.75,11
Kingston KVR16R11S8/4HB 4 GB,19.98,"31,600","1,4",Black / Green,13.75,11
Corsair Dominator Platinum 128 GB,,"42,400","8,16",Black / Silver,12.5,15
Mushkin Blackline 8 GB,,"32,666","2,4",Black / Green,9.002,12
Crucial Ballistix Sport 8 GB,,"31,866","2,4",Blue / Silver,10.718,10
Crucial BLT2KIT4G3D1608DT1TX0 8 GB,,"31,600","2,4",Black / Yellow,10,8
Corsair Dominator Platinum 128 GB,,"42,666","8,16",Black / Silver,11.253,15
Corsair Dominator Platinum 64 GB,,"42,800","8,8",Black / Silver,10.714,15
Crucial Ballistix Sport 8 GB,,"31,600","2,4",Black / Silver,11.25,9
Crucial CT4G3ERVLD8160B 4 GB,,"31,600","1,4",Black / Green,13.75,11
GeIL GLR4128GB2400C14DQC 128 GB,,"42,400","8,16",Black / Red,11.667,14
GeIL Super Luce 16 GB,,"43,000","4,4",Black / Blue,10.667,16
GeIL GLR464GB3000C13QC 64 GB,,"43,000","4,16",Black / Red,8.667,13
G.Skill Trident X 32 GB,,"42,800","4,8",Black / Gold,10.714,15
Kingston D4G72M152Q 32 GB,,"42,133","1,32",Black / Green,14.065,15
Kingston HX321LS11IB2/8 8 GB,,"32,133","1,8",Black / Silver,10.314,11
Kingston KVR16LE11K3/24I 24 GB,,"31,600","3,8",Black / Green,13.75,11
Kingston KVR16R11D8/8HB 8 GB,,"31,600","1,8",Black / Green,13.75,11
Mushkin ECO2 4 GB,,"31,600","1,4",Black / Silver,11.25,9
Mushkin ECO2 8 GB,,"31,600","1,8",Black / Silver,11.25,9
Mushkin ECO2 32 GB,,"31,600","4,8",Black / Silver,11.25,9
Mushkin ECO2 16 GB,,"31,600","2,8",Black / Silver,11.25,9
Samsung M393A4K40BB0-CPB0 32 GB,,"42,133","1,32",Black / Green,14.065,15
TEAMGROUP Dark 16 GB,,"31,600","2,8",Red / Silver,11.25,9
Avexir Notebook 4 GB,,"31,600","1,4",Black / Green,11.25,9
Avexir Notebook 8 GB,,"31,600","1,8",Black / Green,11.25,9
Avexir Notebook 4 GB,,"32,133","1,4",Black / Green,10.314,11
Avexir Notebook 8 GB,,"32,133","1,8",Black / Green,10.314,11
Avexir Blitz1.1 8 GB,,"31,866","2,4",Black / Yellow,9.646,9
Avexir Blitz1.1 16 GB,,"31,866","2,8",Black / Yellow,9.646,9
GeIL Super Luce 16 GB,,"43,400","4,4",Black / Blue,9.412,16
GeIL Super Luce 16 GB,,"43,400","4,4",Black / Red,9.412,16
GeIL Super Luce 16 GB,,"43,400","4,4",Black / White,9.412,16
G.Skill Ripjaws 4 16 GB,,"42,666","2,8",Red,11.253,15
G.Skill Ripjaws 4 128 GB,,"42,800","8,16",Black,10.714,15
G.Skill Ripjaws 4 16 GB,,"43,000","2,8",Black,10,15
G.Skill Ripjaws 4 8 GB,,"43,000","2,4",Blue,10,15
G.Skill Ripjaws 4 8 GB,,"43,000","2,4",Black,10,15
G.Skill Ripjaws 4 16 GB,,"43,300","4,4",Red,9.697,16
G.Skill Ripjaws 4 16 GB,,"43,333","4,4",Red,9.601,16
PNY Anarchy 16 GB,,"32,400","2,8",Black / Red,9.167,11
PNY Anarchy 8 GB,,"32,800","2,4",Black / Red,8.571,12
PNY Anarchy 8 GB,,"32,933","2,4",Black / Red,8.183,12
Kingston KVR16LR11D4K3/48I 48 GB,,"31,600","3,16",Black / Green,13.75,11
Kingston KVR16R11S8K3/12I 12 GB,,"31,600","3,4",Black / Green,13.75,11
Mushkin ECO2 16 GB,,"31,600","4,4",Black / Green,11.25,9
Mushkin Essentials 16 GB,,"42,133","4,4",Black / Green,14.065,15
PNY Anarchy 16 GB,,"31,600","2,8",Black / Blue,11.25,9
PNY Anarchy 16 GB,,"31,600","2,8",Black / Red,11.25,9
PNY Anarchy 16 GB,,"31,866","2,8",Black / Red,10.718,10
PNY Anarchy 16 GB,,"32,133","2,8",Black / Blue,9.376,10
PNY Anarchy 16 GB,,"32,133","2,8",Black / Red,9.376,10
PNY Anarchy X 16 GB,,"32,400","2,8",Black / Blue,9.167,11
PNY Anarchy X 16 GB,,"32,666","2,8",Black / Blue,9.002,12
PNY Anarchy 16 GB,,"31,866","4,4",Black / Blue,10.718,10
PNY Anarchy 16 GB,,"31,866","4,4",Black / Red,10.718,10
PNY Anarchy 16 GB,,"32,133","4,4",Black / Blue,9.376,10
PNY Anarchy 16 GB,,"32,133","4,4",Black / Red,9.376,10
PNY Anarchy X 16 GB,,"32,400","4,4",Black / Blue,9.167,11
PNY Anarchy X 16 GB,,"32,400","4,4",Black / Red,9.167,11
PNY Anarchy X 16 GB,,"32,666","4,4",Black / Blue,9.002,12
PNY Anarchy X 16 GB,,"32,666","4,4",Black / Red,9.002,12
PNY Anarchy X 16 GB,,"32,800","4,4",Black / Blue,8.571,12
PNY Anarchy X 16 GB,,"32,800","4,4",Black / Red,8.571,12
PNY Anarchy X 16 GB,,"32,933","4,4",Black / Blue,8.183,12
PNY Anarchy X 16 GB,,"32,933","4,4",Black / Red,8.183,12
PNY Anarchy 16 GB,,"42,133","4,4",Black / Blue,14.065,15
PNY Anarchy 16 GB,,"42,133","4,4",Black / Red,14.065,15
PNY Anarchy 16 GB,,"42,400","4,4",Black / Blue,12.5,15
PNY Anarchy 16 GB,,"42,400","4,4",Black / Red,12.5,15
PNY Anarchy X 16 GB,,"42,666","4,4",Black / Blue,11.253,15
PNY Anarchy X 16 GB,,"42,800","4,4",Black / Blue,11.429,16
PNY Anarchy X 16 GB,,"42,800","4,4",Black / Red,11.429,16
PNY Anarchy 32 GB,,"32,133","4,8",Black / Blue,9.376,10
PNY Anarchy X 32 GB,,"32,400","4,8",Black / Blue,9.167,11
PNY Anarchy X 32 GB,,"32,400","4,8",Black / Red,9.167,11
PNY Anarchy 4 GB,,"31,600","1,4",Black / Blue,11.25,9
PNY Anarchy 4 GB,,"31,600","1,4",Black / Red,11.25,9
PNY Anarchy 4 GB,,"31,866","1,4",Black / Blue,10.718,10
PNY Anarchy 4 GB,,"31,866","1,4",Black / Red,10.718,10
PNY Anarchy 4 GB,,"42,133","1,4",Black / Blue,14.065,15
PNY Anarchy 4 GB,,"42,133","1,4",Black / Red,14.065,15
PNY Anarchy 4 GB,,"42,400","1,4",Black / Blue,12.5,15
PNY Anarchy 4 GB,,"42,400","1,4",Black / Red,12.5,15
PNY Anarchy 8 GB,,"31,600","2,4",Black / Blue,11.25,9
PNY Anarchy 8 GB,,"31,600","2,4",Black / Red,11.25,9
PNY Anarchy 8 GB,,"31,866","2,4",Black / Red,10.718,10
PNY Anarchy 8 GB,,"32,133","2,4",Black / Blue,9.376,10
PNY Anarchy 8 GB,,"32,133","2,4",Black / Red,9.376,10
PNY Anarchy X 8 GB,,"32,400","2,4",Black / Blue,9.167,11
PNY Anarchy X 8 GB,,"32,800","2,4",Black / Red,8.571,12
PNY Anarchy X 8 GB,,"32,933","2,4",Black / Blue,8.183,12
PNY Anarchy 8 GB,,"42,133","2,4",Black / Blue,14.065,15
PNY Anarchy 8 GB,,"42,133","2,4",Black / Red,14.065,15
PNY Anarchy 8 GB,,"42,400","2,4",Black / Red,12.5,15
PNY Anarchy 8 GB,,"31,600","1,8",Black / Blue,11.25,9
PNY Anarchy 8 GB,,"31,600","1,8",Black / Red,11.25,9
PNY Anarchy 8 GB,,"31,866","1,8",Black / Blue,10.718,10
PNY Anarchy 8 GB,,"31,866","1,8",Black / Red,10.718,10
PNY Anarchy 8 GB,,"42,133","1,8",Black / Blue,14.065,15
PNY Anarchy 8 GB,,"42,133","1,8",Black / Red,14.065,15
PNY Anarchy 8 GB,,"42,400","1,8",Black / Blue,12.5,15
Corsair Vengeance LP 4 GB,,"31,600","1,4",Black / Yellow,13.75,11
Corsair Vengeance LP 4 GB,,"31,600","1,4",Red,13.75,11
Corsair Vengeance LP 8 GB,,"31,600","2,4",Red,13.75,11
Corsair Vengeance Pro 16 GB,,"31,600","2,8",Black / Red,13.75,11
Kingston KCS-UC421LQ/32G 32 GB,,"42,133","1,32",Black / Green,14.065,15
G.Skill Ripjaws V 16 GB,,"42,800","2,8",Black / Red,10.714,15
Avexir Blitz1.1 8 GB,,"31,600","2,4",Red / Silver,11.25,9
Avexir Blitz1.1 8 GB,,"31,600","2,4",Black / White,11.25,9
Avexir Blitz1.1 16 GB,,"31,600","2,8",Green / Silver,12.5,10
Avexir Blitz1.1 16 GB,,"31,600","2,8",Red / Silver,12.5,10
Avexir Blitz1.1 16 GB,,"31,600","2,8",Black / White,12.5,10
Avexir Blitz1.1 8 GB,,"31,866","2,4",Green / Silver,9.646,9
Avexir Blitz1.1 8 GB,,"31,866","2,4",Red / Silver,9.646,9
Avexir Blitz1.1 8 GB,,"31,866","2,4",Black / White,9.646,9
Avexir Blitz1.1 16 GB,,"31,866","2,8",Green / Silver,9.646,9
Avexir Blitz1.1 16 GB,,"31,866","2,8",Red / Silver,9.646,9
Avexir Blitz1.1 16 GB,,"31,866","2,8",Black / White,9.646,9
Avexir Blitz1.1 8 GB,,"32,000","2,4",Black / Red,9,9
Avexir Blitz1.1 8 GB,,"32,000","2,4",Red / Silver,9,9
Avexir Blitz1.1 8 GB,,"32,000","2,4",Green / Silver,9,9
Avexir Blitz1.1 8 GB,,"32,000","2,4",Black / White,9,9
Avexir Blitz1.1 16 GB,,"32,000","2,8",Black / Red,9,9
Avexir Blitz1.1 16 GB,,"32,000","2,8",Green / Silver,9,9
Avexir Blitz1.1 16 GB,,"32,000","2,8",Red / Silver,9,9
Avexir Blitz1.1 16 GB,,"32,000","2,8",Black / White,9,9
Avexir Blitz1.1 8 GB,,"32,133","2,4",Red / Silver,8.439,9
Avexir Blitz1.1 8 GB,,"32,133","2,4",Black / White,8.439,9
Avexir Blitz1.1 16 GB,,"32,133","2,8",Red / Silver,8.439,9
Avexir Blitz1.1 16 GB,,"32,133","2,8",Green / Silver,8.439,9
Avexir Blitz1.1 16 GB,,"32,133","2,8",Black / White,8.439,9
Avexir Blitz1.1 8 GB,,"32,400","2,4",Red / Silver,8.333,10
Avexir Blitz1.1 16 GB,,"32,400","2,8",Red / Silver,8.333,10
Avexir Blitz1.1 16 GB,,"32,400","2,8",Green / Silver,8.333,10
Avexir Blitz1.1 16 GB,,"32,400","2,8",Black / White,8.333,10
Corsair Vengeance LP 16 GB,,"31,600","2,8",Black / Yellow,11.25,9
G.Skill Ripjaws V 8 GB,,"42,800","2,4",Black / Red,10.714,15
G.Skill Ripjaws V 16 GB,,"42,800","4,4",Black / Red,10.714,15
G.Skill Ripjaws V 16 GB,,"43,000","4,4",Black / Red,10,15
Kingston KVR16LR11S4K3/24 24 GB,,"31,600","3,8",Black / Green,13.75,11
Kingston KVR16LR11S4K3/24I 24 GB,,"31,600","3,8",Black / Green,13.75,11
Kingston KVR16LR11S4K4/32 32 GB,,"31,600","4,8",Black / Green,13.75,11
Kingston KVR16LR11S8K3/12I 12 GB,,"31,600","3,4",Black / Green,13.75,11
Kingston KVR16LR11S8K4/16I 16 GB,,"31,600","4,4",Black / Green,13.75,11
Kingston KVR16R11D8K3/24 24 GB,,"31,600","3,8",Black / Green,13.75,11
Kingston KVR16R11D8K3/24I 24 GB,,"31,600","3,8",Black / Green,13.75,11
Mushkin Blackline 8 GB,,"42,400","1,8",Black / Silver,12.5,15
Patriot Signature Line 8 GB,,"42,133","1,8",Blue / Silver,14.065,15
Corsair Dominator Platinum 16 GB,,"43,466","4,4",Black / Silver,10.387,18
Corsair Dominator Platinum 16 GB,,"43,666","4,4",Black / Silver,9.82,18
G.Skill Ripjaws V 8 GB,,"43,466","2,4",Black,9.233,16
G.Skill Ripjaws V 16 GB,,"43,466","4,4",Black,9.233,16
Kingston KVR16R11D8K4/32 32 GB,,"31,600","4,8",Black / Green,13.75,11
Kingston KVR16R11S4K3/24I 24 GB,,"31,600","3,8",Black / Green,13.75,11
Kingston KVR16R11S8K2/8 8 GB,,"31,600","2,4",Black / Green,13.75,11
Kingston KVR16R11S8K3/12 12 GB,,"31,600","3,4",Black / Green,13.75,11
Mushkin Blackline 4 GB,,"42,400","1,4",Black / Silver,12.5,15
Mushkin Redline 4 GB,,"42,666","1,4",Red / Silver,11.253,15
Mushkin Redline 4 GB,,"42,800","1,4",Red / Silver,10.714,15
Mushkin Redline 8 GB,,"43,000","1,8",Red / Silver,10,15
Mushkin Blackline 16 GB,,"42,400","4,4",Black / Silver,12.5,15
Mushkin Blackline 32 GB,,"42,400","4,8",Black / Silver,12.5,15
Mushkin Blackline 8 GB,,"42,400","2,4",Black / Silver,12.5,15
Mushkin Blackline 16 GB,,"42,400","2,8",Black / Silver,12.5,15
Mushkin Redline 16 GB,,"43,000","2,8",Red / Silver,10,15
Patriot PSD44G213381 4 GB,,"42,133","1,4",Black / Green,14.065,15
Mushkin Blackline 4 GB,,"42,133","1,4",Black / Silver,11.252,12
Mushkin Blackline 16 GB,,"42,133","4,4",Black / Silver,11.252,12
Mushkin Blackline 8 GB,,"42,133","2,4",Black / Silver,11.252,12
Patriot PV38G186C0KGN 8 GB,,"31,866","2,4",Green,10.718,10
ADATA AX4U3000W4G16-QGZ 16 GB,,"43,000","4,4",Black / Gold,10.667,16
ADATA AX4U3333W4G16-DGZ 8 GB,,"43,333","2,4",Black / Gold,9.601,16
Kingston KVR16LR11D8/8HB 8 GB,,"31,600","1,8",Black / Green,13.75,11
Mushkin Blackline 8 GB,,"42,133","1,8",Black / Silver,11.252,12
Mushkin Blackline 4 GB,,"42,800","1,4",Black / Silver,11.429,16
Mushkin Redline 16 GB,,"42,666","4,4",Red / Silver,11.253,15
Mushkin Blackline 16 GB,,"42,800","4,4",Black / Silver,11.429,16
Mushkin Redline 8 GB,,"42,666","2,4",Red / Silver,11.253,15
Mushkin Redline 8 GB,,"42,800","2,4",Red / Silver,10.714,15
Mushkin Blackline 8 GB,,"42,800","2,4",Black / Silver,11.429,16
Patriot Signature Line 4 GB,,"31,333","1,4",Black / Green,13.503,9
Patriot PS34G16ER-B 4 GB,,"31,600","1,4",Black / Green,13.75,11
Patriot Signature Line 8 GB,,"31,333","2,4",Black / Green,13.503,9
TEAMGROUP TDWED416G3000HC16AQC01 16 GB,,"43,000","4,4",Black / White,10.667,16
Mushkin Redline 8 GB,,"42,666","1,8",Red / White,11.253,15
Avexir Budget 8 GB,,"42,133","1,8",Black,14.065,15
Corsair Dominator Platinum 16 GB,,"43,600","4,4",Black / Silver,10,18
Crucial Ballistix Sport 4 GB,,"31,600","1,4",Black / Silver,11.25,9
Crucial Ballistix Tactical 16 GB,,"42,666","2,8",Silver,12.003,16
Crucial Ballistix Tactical 32 GB,,"42,666","4,8",Silver,12.003,16
Crucial CT51264BD160BJ 4 GB,13.95,"31,600","1,4",Black / Green,13.75,11
Mushkin ECO2 4 GB,,"31,600","1,4",Black / Silver,13.75,11
Mushkin ECO2 8 GB,,"31,600","1,8",Black / Silver,13.75,11
Mushkin Redline 4 GB,,"43,000","1,4",Red / Silver,10,15
Mushkin Blackline 8 GB,,"42,800","1,8",Black / Silver,11.429,16
Mushkin Redline 32 GB,,"43,000","4,8",Red / Silver,10,15
Mushkin Blackline 32 GB,,"42,800","4,8",Black / Silver,11.429,16
Mushkin ECO2 8 GB,,"31,600","2,4",Black / Silver,13.75,11
Mushkin Redline 8 GB,,"43,000","2,4",Red / Silver,10,15
Mushkin Blackline 16 GB,,"42,800","2,8",Black / Silver,11.429,16
Crucial Ballistix Sport LT 16 GB,,"42,400","2,8",White / Silver,13.333,16
G.Skill Trident Z 8 GB,,"42,800","2,4",Red / Silver,10.714,15
G.Skill Ripjaws V 8 GB,,"42,800","2,4",Black / Red,10.714,15
G.Skill Ripjaws V 32 GB,,"43,000","4,8",Black / Red,10,15
Kingston HyperX Savage 4 GB,,"42,133","1,4",Black / White,12.189,13
Kingston HyperX Savage 16 GB,,"42,133","2,8",Black / White,12.189,13
Kingston HyperX Savage 8 GB,,"42,133","2,4",Black / White,12.189,13
Kingston HyperX Savage 4 GB,,"42,400","1,4",Black / White,10,12
Kingston HyperX Savage 8 GB,,"42,400","2,4",Black / White,10,12
Kingston HyperX Savage 32 GB,,"42,400","4,8",Black / White,10,12
Kingston HyperX Savage 4 GB,,"42,666","1,4",Black / White,9.752,13
Kingston HyperX Savage 8 GB,,"42,666","1,8",Black / White,9.752,13
Kingston HyperX Savage 4 GB,,"42,800","1,4",Black / White,10,14
Kingston HyperX Savage 8 GB,,"42,800","1,8",Black / White,10,14
Kingston HyperX Savage 16 GB,,"42,800","4,4",Black / White,10,14
Kingston HyperX Savage 4 GB,,"43,000","1,4",Black / White,10,15
Kingston HyperX Savage 16 GB,,"43,000","2,8",Black / White,10,15
TEAMGROUP Dark 16 GB,,"42,666","2,8",Black / White,11.253,15
TEAMGROUP Dark 16 GB,,"43,000","2,8",Black / White,10,15
TEAMGROUP Dark 8 GB,,"42,800","2,4",Black / White,10.714,15
TEAMGROUP Dark 8 GB,,"42,800","2,4",Black / White,11.429,16
TEAMGROUP Dark 8 GB,,"43,000","2,4",Black / White,10.667,16
TEAMGROUP Xtreem 16 GB,,"43,466","2,8",Black / Red,9.81,17
TEAMGROUP Xtreem 16 GB,,"43,600","2,8",Black / Red,10,18
Corsair Vengeance LPX 8 GB,,"43,333","2,4",Black / Yellow,9.601,16
Crucial Ballistix Sport 8 GB,,"31,600","2,4",Blue / Silver,11.25,9
Crucial Ballistix Sport 8 GB,,"31,600","2,4",Black / Silver,11.25,9
G.Skill Ripjaws V 16 GB,,"42,800","2,8",Black / Red,11.429,16
G.Skill Ripjaws V 8 GB,,"43,000","2,4",Black / Red,10,15
G.Skill Trident Z 8 GB,,"43,200","2,4",Red / Silver,10,16
G.Skill Ripjaws V 16 GB,,"43,200","4,4",Black,10,16
Kingston HyperX Savage 32 GB,,"42,800","4,8",Black / White,10,14
Mushkin Redline 32 GB,,"42,666","4,8",Red / Silver,11.253,15
Mushkin Redline 16 GB,,"42,666","2,8",Red / Silver,11.253,15
Patriot Signature 1 GB,,"2,800","1,1",Black / Green,15,6
Patriot Viper 4 8 GB,54.41,"42,666","2,4",Black / Red,11.253,15
TEAMGROUP Vulcan 8 GB,,"31,600","1,8",Black / Gold,11.25,9
Corsair ValueSelect 8 GB,56.33,"42,133","2,4",Black / Yellow,14.065,15
G.Skill Ripjaws V 32 GB,,"42,800","4,8",Red,11.429,16
Kingston Impact 4 GB,,"42,133","1,4",Black / Silver,12.189,13
Kingston Impact 8 GB,,"42,133","1,8",Black / Silver,12.189,13
Kingston Impact 8 GB,,"42,133","2,4",Black / Silver,12.189,13
Kingston Impact 4 GB,,"42,400","1,4",Black / Silver,11.667,14
Kingston Impact 16 GB,,"42,400","2,8",Black / Silver,11.667,14
Kingston Impact 8 GB,,"42,400","2,4",Black / Silver,11.667,14
Kingston KVR21S15D8/8 8 GB,,"42,133","1,8",Black / Silver,14.065,15
Kingston KVR21SE15S8/4 4 GB,,"42,133","1,4",Black / Silver,14.065,15
Mushkin Redline 8 GB,,"42,800","1,8",Red / Silver,10.714,15
Mushkin Essentials 4 GB,,"31,866","1,4",Black / Green,13.934,13
Mushkin Essentials 8 GB,,"31,866","1,8",Black / Green,13.934,13
Mushkin Blackline 32 GB,,"42,133","4,8",Black / Silver,11.252,12
Mushkin Redline 32 GB,,"42,800","4,8",Red / Silver,10.714,15
Mushkin Blackline 16 GB,,"42,133","2,8",Black / Silver,11.252,12
Mushkin Redline 16 GB,,"42,800","2,8",Red / Silver,10.714,15
Mushkin Essentials 8 GB,,"31,866","2,4",Black / Green,13.934,13
Mushkin Essentials 16 GB,,"31,866","2,8",Black / Green,13.934,13
Patriot Viper 4 8 GB,53.46,"42,400","2,4",Black / Red,12.5,15
Panram Ninja-V 8 GB,,"42,400","2,4",Black / Silver,12.5,15
Panram Ninja-V 16 GB,,"42,400","4,4",White / Silver,12.5,15
Panram Ninja-V 16 GB,,"42,400","4,4",White / Silver,12.5,15
Panram Ninja-V 8 GB,,"43,000","2,4",Black / Silver,10,15
Panram Ninja-V 16 GB,,"43,000","4,4",White / Silver,10,15
Panram Ninja-V 16 GB,,"43,000","2,8",Black / Silver,10,15
Panram Ninja-V 16 GB,,"43,200","4,4",White / Silver,10,16
Corsair Vengeance LPX 16 GB,,"43,000","4,4",Blue,10,15
Corsair Vengeance LPX 8 GB,,"42,800","2,4",Red,11.429,16
Corsair Vengeance Pro 16 GB,,"31,866","2,8",Black / Silver,11.79,11
Corsair Vengeance Pro 8 GB,,"31,866","2,4",Black / Red,11.79,11
Corsair Vengeance Pro 8 GB,,"32,133","2,4",Black / Red,10.314,11
GeIL Super Luce 16 GB,,"42,400","2,8",Black / White,12.5,15
GeIL Super Luce 16 GB,,"42,666","2,8",Black / White,11.253,15
GeIL Super Luce 8 GB,,"42,400","2,4",Black / White,12.5,15
GeIL Super Luce 128 GB,,"42,400","8,16",White,11.667,14
GeIL Super Luce 16 GB,,"42,400","2,8",White,12.5,15
GeIL Super Luce 16 GB,,"42,666","2,8",White,11.253,15
GeIL GLWW464GB2400C14QC 64 GB,,"42,400","4,16",White,11.667,14
GeIL Super Luce 8 GB,,"42,400","2,4",White,12.5,15
G.Skill Trident Z 8 GB,,"43,466","2,4",Red / Silver,9.233,16
G.Skill Trident Z 16 GB,,"43,466","4,4",Red / Silver,9.233,16
G.Skill Trident Z 8 GB,,"43,600","2,4",Red / Silver,9.444,17
Mushkin Redline 4 GB,,"43,200","1,4",Red / Silver,10,16
Mushkin Redline 16 GB,,"43,200","4,4",Red / Silver,10,16
Mushkin Redline 16 GB,,"43,000","4,4",Red / Silver,10,15
Mushkin Redline 16 GB,,"42,800","4,4",Red / Silver,10.714,15
Panram PSD31333C92G2VS 4 GB,,"31,333","2,2",Black / Green,13.503,9
Panram PSD31333C94G2VS 8 GB,,"31,333","2,4",Black / Green,13.503,9
Panram PSD31600C114G2VS 8 GB,,"31,600","2,4",Black / Green,13.75,11
Panram PSD31600C114GVS 4 GB,,"31,600","1,4",Black / Green,13.75,11
Panram PSD3L1600C114G2VS 8 GB,,"31,600","2,4",Black / Green,13.75,11
Panram PSD3L1600C114GVS 4 GB,,"31,600","1,4",Black / Green,13.75,11
Panram PSD3L1600C118G2VS 16 GB,,"31,600","2,8",Black / Green,13.75,11
Panram Ninja 16 GB,,"31,600","2,8",Black / White,12.5,10
Panram Ninja 8 GB,,"31,600","1,8",Black / White,12.5,10
Panram Falcon 8 GB,,"31,600","2,4",Black / Red,11.25,9
Panram Falcon 4 GB,,"31,600","1,4",Black / Red,11.25,9
Panram Ninja 4 GB,,"31,600","1,4",Black / White,11.25,9
Panram Falcon 16 GB,,"31,600","2,8",Black / Red,11.25,9
Panram Ninja 16 GB,,"31,600","2,8",Black / White,11.25,9
Panram Falcon 8 GB,,"31,600","1,8",Black / Red,11.25,9
Panram Hercules 8 GB,,"31,600","1,8",Black / Gold,11.25,9
Panram Ninja 8 GB,,"31,600","1,8",Black / White,11.25,9
Panram Ninja 8 GB,,"31,866","2,4",Black / White,10.718,10
Avexir Core 16 GB,,"42,400","2,8",Black / Blue,13.333,16
Kingston HyperX Savage 64 GB,,"42,800","8,8",Black / White,10,14
Panram PSD31600C118GVS 8 GB,,"31,600","1,8",Black / Green,13.75,11
ADATA AX4U3200W4G16-DGZ 8 GB,,"43,200","2,4",Gold,10,16
G.Skill Ripjaws V 64 GB,,"42,133","4,16",Red,14.065,15
G.Skill Ripjaws V 32 GB,,"42,800","2,16",Red,10.714,15
G.Skill Ripjaws V 64 GB,,"43,000","4,16",Red,10,15
G.Skill Trident Z 16 GB,,"43,600","4,4",Red / Silver,9.444,17
Kingston KTL-TS421LQ/32G 32 GB,,"42,133","1,32",Black / Green,14.065,15
Kingston KVR21SE15D8/8 8 GB,,"42,133","1,8",Black / Green,14.065,15
Panram Falcon 8 GB,,"31,866","2,4",Black / Red,10.718,10
Panram Hercules 8 GB,,"31,866","2,4",Black / Red,10.718,10
Panram Falcon 16 GB,,"31,866","2,8",Black / Red,10.718,10
Panram Hercules 16 GB,,"31,866","2,8",Black / Red,10.718,10
Panram Falcon 8 GB,,"31,866","1,8",Black / Red,10.718,10
Panram Hercules 8 GB,,"32,133","2,4",Black / Red,9.376,10
Panram Falcon 16 GB,,"32,133","2,8",Black / Red,9.376,10
TEAMGROUP Dark 8 GB,,"43,200","2,4",Black / White,10,16
Corsair Vengeance LPX 32 GB,,"42,400","4,8",Black / Yellow,12.5,15
Corsair Vengeance Pro 32 GB,,"31,866","4,8",Black / Red,11.79,11
G.Skill Trident Z 8 GB,,"43,733","2,4",Red / Silver,9.108,17
G.Skill Trident Z 16 GB,,"43,733","4,4",Red / Silver,9.108,17
G.Skill Trident Z 8 GB,,"43,866","2,4",Red / Silver,9.312,18
G.Skill Trident Z 8 GB,,"44,133","2,4",Red / Silver,9.194,19
G.Skill Trident Z 8 GB,,"44,266","2,4",Red / Silver,8.908,19
Avexir Core 32 GB,,"42,400","4,8",Black / Blue,13.333,16
G.Skill Trident Z 8 GB,,"43,000","2,4",Red / Silver,10,15
G.Skill Trident Z 8 GB,,"43,200","2,4",Red / Silver,10,16
G.Skill Trident Z 16 GB,,"43,200","4,4",Red / Silver,10,16
Panram Ninja-V 16 GB,,"42,400","2,8",Red / Silver,12.5,15
Crucial Ballistix Tactical 8 GB,,"42,666","2,4",Silver,12.003,16
Panram Ninja 4 GB,,"31,600","1,4",Red / Silver,13.75,11
Panram Ninja 16 GB,,"31,600","2,8",Red / Silver,13.75,11
Panram Ninja 8 GB,,"31,600","1,8",Red / Silver,13.75,11
Panram Ninja 8 GB,,"31,600","2,4",Red / Silver,11.25,9
Panram Ninja 4 GB,,"31,600","1,4",Red / Silver,11.25,9
Panram Ninja 16 GB,,"31,600","2,8",Red / Silver,11.25,9
Panram Ninja 8 GB,,"31,600","1,8",Red / Silver,11.25,9
Panram Ninja-V 8 GB,,"42,133","2,4",Black / Silver,12.189,13
Panram Ninja-V 16 GB,,"42,133","4,4",Black / Silver,12.189,13
Panram Ninja-V 16 GB,,"42,133","2,8",Black / Silver,12.189,13
Panram Ninja-V 32 GB,,"42,133","4,8",Black / Silver,12.189,13
Panram Ninja-V 8 GB,,"42,400","2,4",Black / Silver,12.5,15
Panram Ninja-V 16 GB,,"42,400","4,4",Black / Silver,12.5,15
Panram Ninja-V 16 GB,,"42,400","4,4",Red / Silver,12.5,15
Panram Ninja-V 4 GB,,"42,400","1,4",Black / Silver,12.5,15
Panram Ninja-V 4 GB,,"42,400","1,4",Red / Silver,12.5,15
Panram Ninja-V 32 GB,,"42,400","4,8",Red / Silver,12.5,15
Panram Ninja-V 8 GB,,"42,400","1,8",Black / Silver,12.5,15
Panram Ninja-V 8 GB,,"42,400","1,8",Red / Silver,12.5,15
AMD R5 Entertainment 16 GB,,"31,600","2,8",Black / Red,13.75,11
AMD R5 Entertainment 4 GB,,"31,600","1,4",Black / Red,13.75,11
AMD R5 Entertainment 8 GB,,"31,600","2,4",Black / Red,13.75,11
Avexir Raiden 32 GB,,"42,666","4,8",White / Blue,11.253,15
Avexir Raiden 16 GB,,"42,800","2,8",White / Blue,10.714,15
Avexir Raiden 32 GB,,"42,800","4,8",White / Blue,10.714,15
Avexir Raiden 16 GB,,"43,000","2,8",White / Blue,10,15
Avexir Raiden 32 GB,,"43,000","4,8",White / Blue,10,15
Crucial Ballistix Tactical 16 GB,,"42,666","4,4",Gray,12.003,16
GeIL SUPER HERO 16 GB,,"43,866","4,4",Black / White,9.312,18
GeIL SUPER HERO 8 GB,,"43,466","2,4",Black / White,9.233,16
GeIL SUPER HERO 8 GB,,"43,600","2,4",Black / White,9.444,17
GeIL Dragon RAM Combo 16 GB,,"43,466","4,4",White / Gold,9.233,16
GeIL Dragon RAM Combo 8 GB,,"43,466","2,4",White / Gold,9.233,16
GeIL Dragon RAM Combo 8 GB,,"43,600","2,4",White / Gold,9.444,17
PNY NHS 16 GB,,"31,600","2,8",Black / Green,13.75,11
PNY NHS 4 GB,,"31,600","1,4",Black / Green,13.75,11
PNY NHS 8 GB,,"31,600","2,4",Black / Green,13.75,11
PNY NHS 8 GB,14.99,"31,600","1,8",Black / Green,13.75,11
GeIL SUPER HERO 16 GB,,"43,600","4,4",Black / White,9.444,17
Panram PSD3L1600C118GVS 8 GB,,"31,600","1,8",Black / Green,13.75,11
Panram Ninja 8 GB,,"31,600","2,4",Red / Silver,13.75,11
Panram Ninja 8 GB,,"31,866","2,4",Red / Silver,10.718,10
Panram Ninja 16 GB,,"31,866","2,8",Red / Silver,10.718,10
Panram Ninja-V 8 GB,,"42,666","2,4",Black / Silver,12.003,16
Panram Ninja-V 8 GB,,"42,666","2,4",Black / Silver,12.003,16
Panram Ninja-V 16 GB,,"42,666","2,8",Black / Silver,12.003,16
Panram Ninja-V 16 GB,,"42,666","2,8",Black / Silver,12.003,16
Mushkin 996580 4 GB,,"2,800","2,2",Black,10,4
Corsair Dominator Platinum 64 GB,,"42,400","4,16",Black / Silver,12.5,15
Corsair Vengeance LPX 64 GB,,"42,800","4,16",Black / Yellow,10.714,15
Crucial CT2K25664BA160BA 4 GB,,"31,600","2,2",Black / Green,13.75,11
Panram Ninja-V 8 GB,,"43,000","2,4",Black / Silver,10,15
Panram Ninja-V 16 GB,,"43,000","2,8",Black / Silver,10,15
Corsair Dominator Platinum 8 GB,,"32,666","2,4",Black / Silver,8.252,11
Kingston KVR18R13S8L/4 4 GB,,"31,866","1,4",Black / Green,13.934,13
Kingston Savage 64 GB,,"42,400","4,16",Black / Silver,11.667,14
Kingston Savage 64 GB,,"42,666","4,16",Black / Silver,11.253,15
Kingston Savage 128 GB,,"42,666","8,16",Black / Silver,11.253,15
AMD R7 Performance 4 GB,,"42,133","1,4",Black / Red,14.065,15
Avexir Core 32 GB,,"42,133","4,8",Black / Blue,14.065,15
Avexir Blitz1.1 8 GB,,"42,800","2,4",Black / Red,10.714,15
Avexir Blitz1.1 16 GB,,"42,800","2,8",Black / Red,10.714,15
Corsair Dominator Platinum 8 GB,,"43,600","2,4",Black / Silver,10,18
Corsair Vengeance LPX 16 GB,,"43,333","4,4",Black / Yellow,9.601,16
Corsair Vengeance LPX 16 GB,,"43,466","4,4",Black / Yellow,9.233,16
Corsair Vengeance LPX 8 GB,,"44,000","2,4",Red,9.5,19
GeIL Super Luce 16 GB,,"43,000","2,8",Black / Red,10,15
G.Skill Ripjaws 32 GB,,"42,133","4,8",Black,14.065,15
G.Skill Ripjaws 64 GB,,"42,133","4,16",Black,14.065,15
G.Skill Ripjaws 32 GB,,"42,400","4,8",Black,13.333,16
G.Skill Ripjaws 64 GB,,"42,400","4,16",Black,13.333,16
G.Skill Ripjaws 8 GB,21.55,"42,400","1,8",Black,13.333,16
G.Skill Ripjaws 16 GB,42.95,"42,666","2,8",Black,13.503,18
G.Skill Ripjaws 64 GB,,"42,666","4,16",Black,13.503,18
G.Skill Ripjaws 8 GB,,"42,666","1,8",Black,13.503,18
Mushkin Essentials 4 GB,34.61,"42,133","1,4",Black / Green,14.065,15
Mushkin Essentials 4 GB,21.99,"42,133","1,4",Black / Green,14.065,15
Mushkin Essentials 8 GB,,"42,133","1,8",Black / Green,14.065,15
Panram Ninja-V 16 GB,,"43,200","2,8",Black / Silver,10,16
Panram Ninja-V 8 GB,,"43,466","2,4",Red / Silver,9.81,17
Panram Ninja-V 16 GB,,"43,466","2,8",Red / Silver,9.81,17
Panram Ninja-V 8 GB,,"43,600","2,4",Red / Silver,10,18
Panram Ninja-V 16 GB,,"43,600","2,8",Red / Silver,10,18
Panram Ninja-V 8 GB,,"43,866","2,4",Red / Silver,9.312,18
Patriot Viper 4 16 GB,,"43,200","4,4",Black / Red,10,16
Avexir Budget 4 GB,,"31,600","1,4",Black,13.75,11
Avexir Budget 8 GB,,"31,600","1,8",Black,13.75,11
Corsair Dominator Platinum 16 GB,,"43,200","4,4",Black / Silver,9.375,15
Corsair Dominator Platinum 16 GB,,"43,200","4,4",Black / Silver,9.375,15
Corsair Dominator Platinum 64 GB,,"43,000","4,16",Black / Silver,10,15
Corsair Vengeance LPX 16 GB,,"43,466","2,8",Red,9.233,16
Corsair Vengeance LPX 16 GB,,"43,200","4,4",Red,9.375,15
Corsair Vengeance LPX 8 GB,,"43,733","2,4",Black / Yellow,9.108,17
Corsair Vengeance LPX 8 GB,,"43,866","2,4",Red,9.312,18
Corsair ValueSelect 2 GB,,"31,333","1,2",Green / Silver,13.503,9
GeIL EVO POTENZA 16 GB,,"43,000","2,8",Red,10,15
GeIL EVO POTENZA 16 GB,,"43,200","2,8",Red,10,16
GeIL EVO POTENZA 8 GB,,"42,133","2,4",Red,14.065,15
G.Skill Trident Z 16 GB,,"43,000","2,8",Red / Silver,9.333,14
G.Skill Ripjaws V 16 GB,,"43,000","2,8",Black,9.333,14
G.Skill Ripjaws V 32 GB,,"43,000","2,16",Black,9.333,14
G.Skill Ripjaws V 64 GB,,"43,000","4,16",Black,9.333,14
G.Skill Trident Z 16 GB,159,"43,200","2,8",Red / Silver,9.375,15
G.Skill Ripjaws V 32 GB,,"43,200","2,16",Black,9.375,15
G.Skill Trident Z 32 GB,,"43,200","4,8",Red / Silver,9.375,15
G.Skill Ripjaws V 8 GB,,"44,000","2,4",Black,9.5,19
PNY NHS 4 GB,,"31,600","1,4",Black / Green,13.75,11
Klevv Fit 8 GB,,"31,600","2,4",Black / Silver,11.25,9
Klevv FIT Faker Edition 8 GB,,"31,600","2,4",Blue / White,11.25,9
Corsair Vengeance LPX 32 GB,,"42,400","4,8",Red,12.5,15
Corsair Vengeance LPX 64 GB,,"42,800","8,8",Black / Yellow,10.714,15
GeIL Super Luce 16 GB,,"42,400","2,8",Black / Blue,12.5,15
GeIL Super Luce 16 GB,,"43,000","2,8",Black / Blue,10.667,16
GeIL Super Luce 16 GB,,"43,200","2,8",Black / Blue,10,16
GeIL Super Luce 16 GB,,"42,400","2,8",Black / Red,12.5,15
GeIL Super Luce 16 GB,,"43,000","2,8",Black / Red,10.667,16
GeIL Super Luce 16 GB,,"43,000","2,8",Black / Red,10.667,16
GeIL Super Luce 16 GB,,"43,000","2,8",White / Blue,10.667,16
GeIL Super Luce 16 GB,,"43,000","2,8",White / Blue,10.667,16
GeIL Super Luce 16 GB,,"42,400","2,8",White / Red,12.5,15
GeIL Super Luce 16 GB,,"43,000","2,8",White / Red,10.667,16
GeIL Super Luce 16 GB,,"43,000","2,8",White / Red,10.667,16
GeIL Super Luce 16 GB,,"43,000","2,8",White,10.667,16
GeIL Super Luce 16 GB,,"43,000","2,8",White,10.667,16
GeIL EVO POTENZA 16 GB,,"43,000","2,8",Black / Red,10,15
GeIL EVO POTENZA 8 GB,,"43,000","2,4",Black / Red,10,15
GeIL EVO POTENZA 8 GB,,"44,000","2,4",Black / Red,9.5,19
G.Skill Ripjaws 8 GB,,"42,133","1,8",Black / Blue,14.065,15
G.Skill Ripjaws 8 GB,,"42,666","2,4",Black / Blue,13.503,18
G.Skill Ripjaws 32 GB,,"42,800","2,16",Black / Blue,12.857,18
G.Skill Ripjaws 32 GB,,"42,800","4,8",Black / Blue,12.857,18
G.Skill Ripjaws 16 GB,,"42,800","1,16",Black / Blue,12.857,18
G.Skill Ripjaws V 32 GB,,"43,000","4,8",Red,9.333,14
Corsair Vengeance Pro 8 GB,,"32,133","2,4",Black / Silver,10.314,11
Corsair Dominator Platinum 32 GB,,"43,333","4,8",Black / Silver,9.601,16
Corsair Vengeance LPX 8 GB,,"44,133","2,4",Red,9.194,19
GeIL Super Luce 16 GB,,"42,800","2,8",Black / Blue,11.429,16
GeIL Super Luce 16 GB,,"42,800","2,8",Black / Red,11.429,16
GeIL Super Luce 16 GB,,"42,800","2,8",Black / White,11.429,16
GeIL Super Luce 16 GB,,"43,000","2,8",Black / White,10.667,16
GeIL Super Luce 16 GB,,"42,800","2,8",Black / Red,11.429,16
GeIL Super Luce 16 GB,,"42,800","2,8",Black / Red,11.429,16
GeIL EVO POTENZA 32 GB,,"42,400","2,16",Black / Red,11.667,14
GeIL POTENZA 32 GB,,"43,000","4,8",Black / Red,10.667,16
GeIL Dragon RAM 8 GB,,"43,466","2,4",White / Gold,9.233,16
GeIL Dragon RAM 8 GB,,"43,866","2,4",White / Gold,9.312,18
GeIL Dragon RAM 8 GB,,"44,000","2,4",White / Gold,9.5,19
GeIL Dragon RAM 8 GB,,"44,133","2,4",White / Gold,9.194,19
G.Skill Trident Z 16 GB,,"44,133","2,8",Red / Silver,9.194,19
Kingston Predator 32 GB,,"43,000","2,16",Black / White,10.667,16
Kingston ValueRAM 16 GB,58.95,"42,133","1,16",Black / Green,14.065,15
Kingston ValueRAM 16 GB,69,"42,133","1,16",Black / Green,14.065,15
Kingston ValueRAM 8 GB,34.82,"42,133","1,8",Black / Green,14.065,15
Kingston KVR21R15S4/8I 8 GB,39.99,"42,133","1,8",Black / Green,14.065,15
Kingston KVR21R15S4K4/32I 32 GB,,"42,133","4,8",Black / Green,14.065,15
Kingston ValueRAM 16 GB,,"42,133","4,4",Black / Green,14.065,15
Panram Ninja-V 8 GB,,"43,000","2,4",Red / Silver,10.667,16
Panram Ninja-V 16 GB,,"43,000","4,4",Black / Silver,10.667,16
Panram Ninja-V 16 GB,,"43,000","2,8",Black / Silver,10.667,16
Panram Ninja-V 16 GB,,"43,000","4,4",Red / Silver,10.667,16
Panram Ninja-V 8 GB,,"43,866","2,4",Black / Silver,9.312,18
Panram Value 8 GB,,"43,000","1,8",Black,10.667,16
Avexir Raiden 8 GB,,"42,666","2,4",White / Blue,11.253,15
Avexir Raiden 16 GB,,"42,666","4,4",White / Blue,11.253,15
Avexir Raiden 16 GB,,"42,800","4,4",White / Blue,10.714,15
Avexir Raiden 8 GB,,"43,000","2,4",White / Blue,10,15
Avexir Raiden 16 GB,,"43,000","4,4",White / Blue,10,15
Corsair Vengeance LPX 32 GB,,"43,600","4,8",Red,10,18
GeIL EVO POTENZA 16 GB,,"43,000","2,8",Red,10.667,16
TEAMGROUP Xtreem 8 GB,,"43,866","2,4",Black / Red,9.312,18
Avexir Budget 4 GB,,"31,333","1,4",Black,13.503,9
Crucial Ballistix Elite 8 GB,,"32,133","2,4",Black,10.314,11
Crucial Ballistix Elite 4 GB,,"32,133","1,4",Black,10.314,11
Crucial Ballistix Elite 8 GB,,"32,133","1,8",Black,10.314,11
Mushkin Essentials 4 GB,,"31,600","1,4",Black / Green,11.25,9
Mushkin Essentials 8 GB,,"31,600","2,4",Black / Green,11.25,9
Mushkin Essentials 8 GB,,"31,600","1,8",Black / Green,11.25,9
Mushkin Essentials 16 GB,,"31,600","2,8",Black / Green,11.25,9
Mushkin Essentials 4 GB,,"31,600","1,4",Black / Green,11.25,9
Mushkin Essentials 8 GB,,"31,600","2,4",Black / Green,11.25,9
Mushkin Essentials 8 GB,,"31,600","1,8",Black / Green,11.25,9
Mushkin Essentials 16 GB,,"31,600","2,8",Black / Green,11.25,9
Samsung M393B2G70BH0-CMAQ8M 16 GB,,"31,866","1,16",Black / Green,13.934,13
TEAMGROUP Xtreem 8 GB,,"43,733","2,4",Black / Red,9.108,17
EVGA SuperSC 16 GB,,"42,800","2,8",Black,11.429,16
Corsair Vengeance LPX 16 GB,,"43,200","4,4",Black / Yellow,9.375,15
Corsair Vengeance LPX 32 GB,,"43,466","4,8",Red,9.233,16
Crucial Ballistix Sport LT 32 GB,,"42,400","4,8",White / Gray,13.333,16
G.Skill Aegis 16 GB,,"42,133","4,4",Black / Red,14.065,15
G.Skill Aegis 32 GB,,"42,400","4,8",Black / Red,12.5,15
G.Skill Ripjaws V 128 GB,,"43,000","8,16",Black,9.333,14
Kingston Savage 4 GB,,"42,400","1,4",Black,10,12
Kingston Savage 8 GB,,"42,400","1,8",Black,10,12
Kingston Savage 32 GB,,"42,400","4,8",Black,10,12
Kingston Savage 4 GB,,"42,666","1,4",Black,9.752,13
Kingston Savage 8 GB,,"42,666","1,8",Black,9.752,13
Kingston Savage 16 GB,,"42,666","4,4",Black,9.752,13
Kingston Savage 32 GB,,"42,666","4,8",Black,9.752,13
Kingston Savage 4 GB,,"42,800","1,4",Black,10,14
Kingston Savage 8 GB,,"42,800","1,8",Black,10,14
Kingston Savage 16 GB,,"42,800","2,8",Black,10,14
Kingston Savage 8 GB,,"42,800","2,4",Black,10,14
Kingston Savage 16 GB,,"42,800","4,4",Black,10,14
Kingston Savage 32 GB,,"42,800","4,8",Black,10,14
Kingston Savage 64 GB,,"42,800","8,8",Black,10,14
Kingston Savage 4 GB,,"43,000","1,4",Black,10,15
Kingston Savage 8 GB,,"43,000","1,8",Black,10,15
Kingston Savage 16 GB,,"43,000","4,4",Black,10,15
Kingston Savage 32 GB,,"42,400","4,8",Black,10,12
Kingston ValueRAM 8 GB,,"42,133","1,8",Black / Green,14.065,15
Kingston ValueRAM 4 GB,,"42,133","1,4",Black / Green,14.065,15
Kingston ValueRAM 4 GB,,"42,133","1,4",Black / Green,14.065,15
Kingston KVR21R15D8/8I 8 GB,,"42,133","1,8",Black / Green,14.065,15
TEAMGROUP Dark Pro 16 GB,,"43,000","2,8",Black / Red,10,15
TEAMGROUP Dark Pro 16 GB,,"43,200","2,8",Black / Red,10,16
TEAMGROUP Dark Pro 16 GB,,"43,333","2,8",Black / Red,10.201,17
TEAMGROUP Dark Pro 8 GB,,"43,000","2,4",Black / Red,10,15
TEAMGROUP Dark Pro 8 GB,,"43,200","2,4",Black / Red,10,16
TEAMGROUP Dark Pro 8 GB,,"43,333","2,4",Black / Red,10.201,17
Corsair Dominator Platinum 32 GB,,"42,400","4,8",Black / Silver,12.5,15
Corsair Dominator Platinum 64 GB,,"43,333","4,16",Black / Silver,9.601,16
Corsair Dominator Platinum 8 GB,,"43,733","2,4",Black / Silver,9.108,17
Corsair Vengeance LPX 64 GB,,"43,200","8,8",Black / Yellow,9.375,15
Corsair Vengeance LPX 8 GB,,"44,200","2,4",Red,9.048,19
Crucial Ballistix Tactical 8 GB,,"32,133","2,4",Yellow,10.314,11
Crucial CT2K8G3ERVLD8160B 16 GB,,"31,600","2,8",Black,13.75,11
Crucial CT4K8G4DFS8213 32 GB,159,"42,133","4,8",Black / Green,14.065,15
G.Skill Trident Z 64 GB,,"43,000","8,8",Red / Silver,9.333,14
G.Skill Ripjaws V 64 GB,,"43,000","8,8",Black,9.333,14
G.Skill Ripjaws V 64 GB,,"43,000","8,8",Red,10,15
G.Skill Trident Z 64 GB,,"43,200","8,8",Red / Silver,8.75,14
G.Skill Ripjaws V 64 GB,,"43,200","8,8",Red,9.375,15
G.Skill Ripjaws V 64 GB,,"43,200","8,8",Red,10,16
G.Skill Trident Z 16 GB,,"43,333","2,8",Red / Silver,9.601,16
G.Skill Trident Z 32 GB,,"43,333","2,16",Red / Silver,9.601,16
G.Skill Ripjaws V 32 GB,,"43,333","2,16",Black,9.601,16
G.Skill Ripjaws V 32 GB,,"43,333","2,16",Red,9.601,16
G.Skill Ripjaws V 32 GB,,"43,333","4,8",Red,9.601,16
G.Skill Trident Z 64 GB,,"43,333","4,16",Red / Silver,9.601,16
G.Skill Trident Z 16 GB,,"43,466","2,8",Red / Silver,9.233,16
G.Skill Ripjaws V 16 GB,,"43,466","2,8",Black,9.233,16
G.Skill Ripjaws V 16 GB,,"43,466","2,8",Red,9.233,16
G.Skill Ripjaws V 32 GB,,"43,466","4,8",Black,9.233,16
Kingston Predator 64 GB,,"43,000","4,16",Black,10.667,16
TEAMGROUP Vulcan 8 GB,,"43,000","2,4",Black / Red,10.667,16
Avexir Core 32 GB,,"42,400","4,8",Black / Red,13.333,16
Mushkin Silverline 32 GB,,"42,133","2,16",Silver,14.065,15
Mushkin Redline 32 GB,,"43,000","2,16",Red / Silver,10.667,16
Mushkin Redline 64 GB,,"43,000","4,16",Red / Silver,10.667,16
Mushkin Silverline 32 GB,,"42,133","4,8",Silver,14.065,15
Avexir ROG Impact 16 GB,,"42,666","4,4",Black / Red,11.253,15
Avexir ROG Red Tesla 16 GB,,"42,666","4,4",Black / Red,11.253,15
Avexir ROG Impact 16 GB,,"42,666","2,8",Black / Red,11.253,15
Avexir ROG Impact 32 GB,,"42,666","4,8",Black / Red,11.253,15
Corsair Vengeance LPX 16 GB,,"43,866","4,4",Black / Yellow,9.312,18
Corsair Vengeance LPX 32 GB,,"43,600","4,8",Red,8.889,16
GeIL Super Luce 8 GB,,"43,000","2,4",Black / Blue,10,15
GeIL Super Luce 8 GB,,"42,400","2,4",Black / Red,12.5,15
GeIL Super Luce 8 GB,,"43,000","2,4",Black / Red,10,15
GeIL Super Luce 16 GB,,"43,000","2,8",Black / White,10,15
GeIL Super Luce 8 GB,,"43,000","2,4",Black / White,10,15
Kingston D2G72M151 16 GB,199.64,"42,133","1,16",Black / Green,14.065,15
Kingston FURY 64 GB,,"42,400","4,16",Black / Silver,12.5,15
Kingston KVR21R15D8K4/32I 32 GB,,"42,133","4,8",Black / Green,14.065,15
Kingston ValueRAM 4 GB,,"42,133","1,4",Black / Green,14.065,15
Mushkin Silverline 16 GB,,"42,133","4,4",Silver,14.065,15
Corsair Dominator Platinum 16 GB,,"43,400","4,4",Orange,9.412,16
Avexir Core 4 GB,,"31,600","1,4",Black / Green,13.75,11
Avexir Core 8 GB,,"31,600","2,4",Black / Green,13.75,11
Avexir Core 8 GB,,"31,600","1,8",Black / Green,13.75,11
Avexir Core 16 GB,,"31,600","2,8",Black / Green,13.75,11
Kingston KVR16E11K3/24I 24 GB,,"31,600","3,8",Black / Green,13.75,11
Kingston KVR16LR11D4K4/64I 64 GB,,"31,600","4,16",Black / Green,13.75,11
Avexir Core 8 GB,,"42,400","2,4",Black / Blue,13.333,16
Avexir Core 8 GB,,"42,400","2,4",Black / Green,13.333,16
Avexir Core 8 GB,,"42,400","2,4",Black / Red,13.333,16
Avexir Core 8 GB,,"42,400","2,4",Black / Yellow,13.333,16
Avexir Core 8 GB,,"42,400","1,8",Black / Green,13.333,16
Avexir Core 16 GB,,"42,400","2,8",Black / Blue,13.333,16
Avexir Core 16 GB,,"42,400","2,8",Black / Green,13.333,16
Avexir Core 16 GB,,"42,400","2,8",Black / White,13.333,16
Avexir Core 16 GB,,"42,400","2,8",Black / Yellow,13.333,16
Avexir Core 8 GB,,"42,666","2,4",Black / Blue,12.753,17
Avexir Core 8 GB,,"42,666","2,4",Black / Red,12.753,17
Avexir Core 8 GB,,"42,666","2,4",Black / White,12.753,17
Avexir Core 8 GB,,"42,666","2,4",Black / Yellow,12.753,17
Avexir Core 16 GB,,"42,666","2,8",Black / White,11.253,15
Avexir Core 16 GB,,"42,666","2,8",Black / Yellow,12.753,17
Corsair Vengeance LED 32 GB,,"43,000","2,16",Black / Red,10,15
Corsair Vengeance LED 32 GB,,"43,200","4,8",Black / Red,10,16
Corsair Vengeance LED 32 GB,,"43,466","4,8",Black / Red,9.233,16
Corsair Vengeance LED 64 GB,,"43,000","4,16",Black / Red,10,15
Corsair Vengeance LED 64 GB,,"43,200","4,16",Black / Red,10,16
Corsair Vengeance LED 32 GB,,"42,666","4,8",Black / White,12.003,16
Corsair Vengeance LED 32 GB,,"43,200","4,8",Black / White,10,16
Corsair Vengeance LED 32 GB,,"43,466","4,8",Black / White,9.233,16
Corsair Vengeance LED 32 GB,,"43,400","4,8",Black / White,9.412,16
Crucial CT7982449 16 GB,,"42,133","1,16",Green,14.065,15
Crucial Ballistix Sport LT 64 GB,,"42,400","4,16",Gray,13.333,16
TEAMGROUP Dark 16 GB,,"43,000","2,8",Black,10.667,16
Avexir Raiden 16 GB,,"43,000","2,8",White / Blue,10.667,16
G.Skill Trident Z 32 GB,,"43,200","4,8",Black / Yellow,10,16
Avexir Green Tesla 16 GB,,"42,666","4,4",Black / Green,11.253,15
G.Skill Trident Z 32 GB,,"43,200","4,8",Silver / White,9.375,15
G.Skill Trident Z 32 GB,,"43,300","4,8",Red / Silver,9.697,16
G.Skill Trident Z 16 GB,,"43,200","2,8",Black / Yellow,8.75,14
Corsair Mac Memory 16 GB,,"31,866","2,8",Green,11.79,11
Corsair Mac Memory 32 GB,,"31,866","4,8",Green,11.79,11
Corsair Vengeance LED 32 GB,,"43,200","2,16",Black / Blue,10,16
G.Skill Trident Z 64 GB,,"43,466","4,16",Red / Silver,9.233,16
Corsair Dominator Platinum 8 GB,,"44,000","2,4",Black / Silver,9.5,19
GALAX HOF 16 GB,,"43,600","2,8",White,9.444,17
GALAX HOF 16 GB,,"44,000","2,8",White,9.5,19
TEAMGROUP Elite 32 GB,,"42,400","2,16",Black,13.333,16
G.Skill Trident Z RGB 32 GB,,"43,000","4,8",Black,9.333,14
G.Skill Trident Z RGB 32 GB,,"43,866","4,8",Black,9.312,18
Avexir Green Tesla 32 GB,,"43,000","4,8",Black / Green,10.667,16
G.Skill Trident Z 32 GB,,"43,200","4,8",Black / White,10,16
G.Skill Trident Z 16 GB,,"43,333","2,8",Silver / Black,9.601,16
TEAMGROUP T-Force / Night Hawk 16 GB,,"43,000","2,8",Black / Red,10.667,16
TEAMGROUP T-Force / Night Hawk 16 GB,,"43,000","2,8",Black / Blue,10.667,16
G.Skill FORTIS 32 GB,,"42,133","4,8",Black / Red,14.065,15
G.Skill FORTIS 64 GB,,"42,133","4,16",Black / Red,14.065,15
G.Skill FORTIS 32 GB,,"42,400","2,16",Black / Red,12.5,15
G.Skill FORTIS 32 GB,,"42,400","4,8",Black / Red,12.5,15
G.Skill FORTIS 16 GB,,"42,400","2,8",Black / Red,13.333,16
G.Skill FORTIS 32 GB,,"42,400","2,16",Black / Red,13.333,16
G.Skill FORTIS 64 GB,,"42,400","4,16",Black / Red,13.333,16
G.Skill Flare X 32 GB,,"42,400","2,16",Black,12.5,15
TEAMGROUP Dark Pro 16 GB,,"43,000","2,8",Black / Gray,9.333,14
Avexir Green Tesla 32 GB,,"42,800","4,8",Black / Green,10.714,15
G.Skill Flare X 32 GB,,"42,133","2,16",Red,14.065,15
G.Skill Flare X 64 GB,,"42,133","4,16",Black,14.065,15
G.Skill Flare X 32 GB,,"42,400","4,8",Black,12.5,15
G.Skill Flare X 64 GB,,"42,400","4,16",Black,12.5,15
G.Skill Flare X 32 GB,,"42,400","4,8",Black,13.333,16
G.Skill Flare X 32 GB,,"42,400","4,8",Red,13.333,16
G.Skill Flare X 64 GB,,"42,400","4,16",Black,13.333,16
G.Skill Flare X 64 GB,,"42,400","4,16",Red,13.333,16
Patriot Viper Elite 16 GB,,"43,200","2,8",Silver / Red,10,16
TEAMGROUP T-Force Xtreem 16 GB,,"44,133","2,8",Black,8.71,18
TEAMGROUP T-Force Xtreem 16 GB,,"43,733","2,8",Black / Silver,9.644,18
TEAMGROUP T-Force Xtreem 16 GB,,"44,000","2,8",Black / Silver,9,18
TEAMGROUP T-Force Xtreem 16 GB,,"43,866","2,8",Black / Silver,9.312,18
TEAMGROUP T-Force Xtreem 8 GB,,"43,466","2,4",Black / Silver,9.81,17
TEAMGROUP T-Force Xtreem 16 GB,,"43,466","2,8",Black / Gold,9.81,17
TEAMGROUP T-Force Xtreem 16 GB,,"43,600","2,8",Black / Gold,10,18
TEAMGROUP T-Force Xtreem 16 GB,,"43,733","2,8",Black / Gold,9.644,18
TEAMGROUP T-Force Xtreem 16 GB,,"43,866","2,8",Black / Gold,9.312,18
TEAMGROUP T-Force Xtreem 16 GB,,"44,000","2,8",Black / Gold,9,18
TEAMGROUP T-Force Xtreem 8 GB,,"43,466","2,4",Black / Gold,9.81,17
TEAMGROUP T-Force Xtreem 8 GB,,"43,600","2,4",Black / Gold,9.444,17
TEAMGROUP T-Force Xtreem 8 GB,,"43,733","2,4",Black / Gold,9.108,17
TEAMGROUP T-Force Xtreem 8 GB,,"43,866","2,4",Black / Gold,9.312,18
Avexir AVD4SZ121331508G-1B 8 GB,,"42,133","1,8",Black,14.065,15
Corsair Vengeance Performance 64 GB,,"42,400","4,16",Black / Yellow,13.333,16
Kingston Impact 16 GB,,"42,133","1,16",Black,12.189,13
Kingston Impact 32 GB,,"42,133","2,16",Black,12.189,13
Kingston Impact 16 GB,,"42,133","4,4",Black,13.127,14
Kingston Impact 32 GB,,"42,133","4,8",Black,13.127,14
Kingston HX421S14IBK4/32 64 GB,,"42,133","4,16",Black,13.127,14
Kingston Impact 16 GB,,"42,400","1,16",Black,11.667,14
Kingston Impact 16 GB,,"42,400","4,4",Black,12.5,15
Kingston KCP421SD8/16 16 GB,,"42,133","1,16",Black / Green,14.065,15
Kingston KCP421SS8/8 8 GB,26.94,"42,133","1,8",Black / Green,14.065,15
Kingston ValueRAM 16 GB,74.93,"42,133","1,16",Black / Green,14.065,15
TEAMGROUP Night Hawk RGB 16 GB,,"42,666","2,8",Black,11.253,15
TEAMGROUP Night Hawk RGB 16 GB,,"42,800","2,8",Black,11.429,16
TEAMGROUP Night Hawk RGB 16 GB,,"43,000","2,8",Black,10.667,16
TEAMGROUP Night Hawk RGB 16 GB,,"42,666","2,8",White,11.253,15
TEAMGROUP Night Hawk RGB 16 GB,,"42,800","2,8",White,11.429,16
TEAMGROUP Night Hawk RGB 16 GB,,"43,000","2,8",White,10.667,16
Corsair Dominator Platinum 128 GB,,"43,200","8,16",Black / Silver,10,16
Corsair Vengeance RGB 32 GB,,"43,333","4,8",Black,9.601,16
Kingston Predator 64 GB,,"42,400","4,16",Black,10,12
TEAMGROUP Vulcan 32 GB,,"42,666","2,16",Black / Gray,11.253,15
TEAMGROUP Vulcan 32 GB,,"42,800","2,16",Black / Gray,11.429,16
TEAMGROUP Vulcan 4 GB,,"42,400","1,4",Black / Gray,11.667,14
TEAMGROUP Vulcan 8 GB,,"42,666","2,4",Black / Gray,11.253,15
TEAMGROUP Vulcan 8 GB,,"42,800","2,4",Black / Gray,11.429,16
TEAMGROUP Vulcan 16 GB,,"42,400","1,16",Black / Red,12.5,15
TEAMGROUP Vulcan 16 GB,,"42,666","2,8",Black / Red,11.253,15
TEAMGROUP Vulcan 32 GB,,"42,666","2,16",Black / Red,11.253,15
TEAMGROUP Vulcan 32 GB,,"42,800","2,16",Black / Red,11.429,16
TEAMGROUP Vulcan 4 GB,,"42,400","1,4",Black / Red,11.667,14
TEAMGROUP Vulcan 8 GB,,"42,666","2,4",Black / Red,11.253,15
TEAMGROUP Vulcan 8 GB,,"42,800","2,4",Black / Red,11.429,16
TEAMGROUP Delta 8 GB,,"42,400","2,4",Black / Red,12.5,15
Patriot Viper Elite 8 GB,,"42,800","2,4",Black / Blue,11.429,16
Patriot Viper Elite 8 GB,,"42,800","2,4",Black / Red,11.429,16
Patriot Viper Elite 8 GB,,"43,000","2,4",Black / Blue,10.667,16
Patriot Viper Elite 8 GB,,"43,000","2,4",Black / Red,10.667,16
Patriot Viper Elite 8 GB,,"43,200","2,4",Black / Gray,10,16
Patriot Viper Elite 8 GB,,"43,200","2,4",Black / Red,10,16
Corsair Dominator Platinum 32 GB,,"43,733","4,8",Black / Silver,9.108,17
G.Skill Trident Z 64 GB,,"43,300","4,16",Black / White,9.697,16
Crucial Ballistix Elite 16 GB,,"43,000","2,8",Black,10,15
Mushkin Essentials 8 GB,,"31,333","2,4",Black / Green,13.503,9
Kingston KCP316SD8/8 8 GB,24.18,"31,600","1,8",Black / Green,13.75,11
Mushkin Essentials 16 GB,,"42,133","2,8",Black / Green,14.065,15
Patriot Viper Elite 16 GB,,"43,000","2,8",Black / Blue,10.667,16
Patriot Viper Elite 16 GB,,"42,400","2,8",Black / Red,13.333,16
Crucial Ballistix Sport LT 16 GB,,"42,666","2,8",Red,12.003,16
Patriot Viper Elite 16 GB,,"42,666","2,8",Black / Blue,12.003,16
Apacer Panther-Golden 8 GB,,"42,133","1,8",Black / Gold,14.065,15
Apacer Panther Silver 8 GB,,"42,400","1,8",Black / Silver,13.333,16
Apacer Commando 16 GB,,"42,400","2,8",Black / Red,13.333,16
Apacer Commando 16 GB,,"42,400","4,4",Black / Red,13.333,16
Apacer Commando 32 GB,,"42,400","2,16",Black / Red,13.333,16
Apacer Commando 32 GB,,"42,400","4,8",Black / Red,13.333,16
Apacer Commando 16 GB,,"42,666","4,4",Black / Red,12.003,16
Corsair Dominator Platinum 64 GB,,"43,800","8,8",Black / Silver,10,19
Crucial Ballistix Tactical 8 GB,,"43,000","1,8",Black / Silver,10,15
Crucial CT51272BA186DJ 4 GB,39.99,"31,866","1,4",Black / Green,13.934,13
Corsair Vengeance LPX 16 GB,,"44,600","2,8",Black,8.261,19
G.Skill Trident Z 16 GB,,"44,400","2,8",Silver / White,8.636,19
Micron MT18KSF51272HZ-1G6K2 4 GB,,"31,600","1,4",,13.75,11
GeIL SUPER LUCE RGB SYNC 8 GB,,"42,400","2,4",Black,13.333,16
GeIL SUPER LUCE RGB SYNC 8 GB,,"42,400","2,4",White,13.333,16
GeIL SUPER LUCE RGB SYNC 16 GB,,"43,000","2,8",White,10.667,16
Corsair Dominator Platinum 32 GB,,"43,866","4,8",,9.312,18
G.Skill Ripjaws 8 GB,,"43,200","1,8",Black / Blue,10,16
G.Skill Ripjaws 8 GB,,"43,000","1,8",Black / Blue,10.667,16
G.Skill Ripjaws 16 GB,,"43,000","1,16",Black / Blue,10.667,16
Corsair Vengeance 16 GB,,"43,000","2,8",Black,10.667,16
Kingston KVR24R17S8/8MA 8 GB,76,"42,400","1,8",Green,14.167,17
Corsair Vengeance RGB 16 GB,,"44,000","2,8",,9.5,19
Corsair Vengeance RGB 32 GB,,"43,200","4,8",White,10,16
Corsair Dominator Platinum 32 GB,,"44,000","4,8",Black / Silver,9.5,19
TEAMGROUP T-Force Delta RGB 32 GB,,"42,666","2,16",Black,11.253,15
TEAMGROUP T-Force Delta RGB 4 GB,,"42,400","1,4",White,12.5,15
TEAMGROUP T-Force Delta RGB 16 GB,,"42,400","1,16",White,12.5,15
TEAMGROUP T-Force Delta RGB 4 GB,,"42,666","1,4",White,11.253,15
TEAMGROUP T-Force Delta RGB 8 GB,,"42,666","1,8",White,11.253,15
TEAMGROUP T-Force Delta RGB 16 GB,,"42,666","1,16",White,11.253,15
TEAMGROUP T-Force Delta RGB 8 GB,,"42,400","2,4",White,12.5,15
TEAMGROUP T-Force Delta RGB 32 GB,,"42,666","2,16",White,11.253,15
TEAMGROUP T-Force Delta RGB 8 GB,,"43,000","2,4",White,10.667,16
TEAMGROUP Night Hawk 32 GB,,"43,200","2,16",Black / Red,10,16
TEAMGROUP Night Hawk 32 GB,,"43,000","2,16",Black / White,10.667,16
TEAMGROUP Night Hawk 32 GB,,"43,200","2,16",Black / White,10,16
TEAMGROUP Night Hawk 32 GB,,"43,200","2,16",Black / Blue,10,16
G.Skill Flare X 64 GB,,"42,933","4,16",Black,9.547,14
Mushkin Redline 32 GB,,"42,666","2,16",Red / White,12.003,16
Kingston ValueRAM 8 GB,,"42,400","1,8",,14.167,17
ADATA XPG GAMMIX D10 32 GB,,"42,400","2,16",Black / White,13.333,16
ADATA XPG GAMMIX D10 8 GB,,"42,666","2,4",Black / White,12.003,16
ADATA XPG GAMMIX D10 8 GB,,"43,000","2,4",Red / White,10.667,16
Corsair Vengeance LPX 64 GB,,"43,600","8,8",Black / Yellow,10,18
Corsair Vengeance LPX 8 GB,,"42,400","1,8",Black / Yellow,11.667,14
Corsair Vengeance Performance 16 GB,,"31,866","2,8",Black / Yellow,11.79,11
Corsair Vengeance Performance 32 GB,,"43,800","4,8",Black / Yellow,9.474,18
Corsair Vengeance 32 GB,,"44,000","4,8",Black / Yellow,9.5,19
Corsair Vengeance LED 16 GB,,"43,000","2,8",Black,10.667,16
Corsair Vengeance LED 16 GB,,"43,000","2,8",Black,10.667,16
Corsair Vengeance LED 16 GB,,"43,000","2,8",Black,10.667,16
Corsair Vengeance RGB 64 GB,,"43,000","8,8",Black,10,15
Corsair Vengeance LED 32 GB,,"43,000","4,8",Black / Red,10.667,16
Corsair Vengeance LED 32 GB,,"43,200","4,8",Black / White,10,16
Corsair Vengeance LED 32 GB,,"43,200","4,8",Black / Blue,10,16
Corsair Vengeance LED 32 GB,,"43,200","4,8",Black / Red,10,16
Avexir Core Blue 32 GB,,"42,400","4,8",Black / Blue,13.333,16
Avexir Core White 32 GB,,"42,400","4,8",Black / White,13.333,16
Avexir Impact ROG 32 GB,,"42,666","4,8",Black / Red,11.253,15
Avexir Tesla ROG 32 GB,,"42,666","4,8",Black / Red,11.253,15
Avexir Core Blue 16 GB,,"42,666","4,4",Black / Blue,12.753,17
Avexir Core Blue 32 GB,,"42,666","4,8",Black / Blue,12.753,17
Avexir Core Amber White 32 GB,,"42,666","4,8",White / Gray,12.753,17
Avexir Raiden 8 GB,,"43,000","2,4",White / Blue,10.667,16
Avexir Raiden 8 GB,,"43,000","2,4",Black / Green,10.667,16
Avexir Raiden 16 GB,,"43,000","4,4",White / Blue,10.667,16
Avexir Raiden 16 GB,,"43,000","2,8",Black / Green,10.667,16
Avexir Raiden 32 GB,,"43,000","4,8",White / Blue,10.667,16
Avexir Blitz 8 GB,,"43,200","2,4",Red / Black,10,16
Avexir Blitz 8 GB,,"43,200","2,4",Black / Silver,10,16
Avexir Blitz 16 GB,,"43,200","4,4",Black / Red,10,16
Avexir Blitz 16 GB,,"43,200","4,4",Black / Silver,10,16
Avexir Blitz 32 GB,,"43,200","4,8",Black / Red,10,16
Avexir Blitz 32 GB,,"43,200","4,8",Black / Silver,10,16
Corsair Vengeance LPX 16 GB,,"44,000","2,8",Red / Black,9.5,19
Corsair Vengeance LPX 32 GB,,"43,000","4,8",Red / Black,10,15
Avexir Core 16 GB,,"31,600","4,4",Black / Green,11.25,9
Avexir Blitz 1.1 8 GB,,"32,133","2,4",Black / Red,8.439,9
Avexir Core 8 GB,,"32,133","2,4",Gold / Black,10.314,11
Avexir Core 8 GB,,"32,133","2,4",Black / Green,10.314,11
Avexir Blitz 1.1 16 GB,,"32,133","2,8",Black / Red,8.439,9
Avexir Core 16 GB,,"32,133","2,8",Black / Green,10.314,11
Avexir Blitz 1.1 8 GB,,"32,400","2,4",Black / Red,8.333,10
Avexir Blitz 1.1 8 GB,,"32,400","2,4",Black / Yellow,8.333,10
Avexir Raiden 8 GB,,"32,400","2,4",,8.333,10
Avexir Core 16 GB,,"32,400","4,4",,8.333,10
Avexir Blitz 1.1 16 GB,,"32,400","2,8",Black / Red,8.333,10
Avexir Blitz 1.1 16 GB,,"32,400","2,8",Black / Yellow,8.333,10
Avexir Blitz 1.1 32 GB,,"32,400","4,8",Black / Yellow,8.333,10
Avexir MPower 8 GB,,"32,666","2,4",Yellow / Black,8.252,11
Avexir Core 8 GB,,"32,800","2,4",Black / Blue,10,14
Avexir Core 8 GB,,"32,933","2,4",Red / Black,8.183,12
G.Skill Flare X 64 GB,,"42,400","8,8",Black,12.5,15
G.Skill Sniper X 16 GB,,"42,400","2,8",Black / Camo,14.167,17
G.Skill Sniper X 16 GB,,"42,400","2,8",Black / Camo,14.167,17
G.Skill Sniper X 32 GB,75.05,"42,400","2,16",Black / Camo,14.167,17
G.Skill Sniper X 32 GB,,"42,400","2,16",Black / Camo,14.167,17
G.Skill Sniper X 32 GB,,"42,400","4,8",Black / Camo,14.167,17
G.Skill Sniper X 64 GB,,"42,400","4,16",Black / Camo,14.167,17
G.Skill Sniper X 64 GB,,"42,400","4,16",Black / Camo,14.167,17
G.Skill Flare X 32 GB,,"42,933","4,8",Black,9.547,14
G.Skill Flare X 32 GB,,"42,933","2,16",Black,10.91,16
G.Skill Flare X 64 GB,,"42,933","4,16",Black,10.91,16
G.Skill Sniper X 16 GB,,"43,000","2,8",Black / Camo,10.667,16
G.Skill Sniper X 32 GB,,"43,000","4,8",Black / Camo,10.667,16
G.Skill Sniper X 32 GB,,"43,000","4,8",Black / Camo,10.667,16
G.Skill Trident Z 64 GB,,"43,200","8,8",Silver / White,9.375,15
Crucial Ballistix Elite 16 GB,,"43,200","2,8",Black,9.375,15
G.Skill Trident Z 64 GB,,"43,300","4,16",Silver / Red,9.697,16
G.Skill Trident Z 64 GB,,"43,333","8,8",Silver / Red,9.601,16
G.Skill Trident Z 64 GB,,"43,333","8,8",Black / White,9.601,16
G.Skill Trident Z 64 GB,,"43,466","8,8",Silver / Red,9.233,16
G.Skill Trident Z 64 GB,,"43,466","8,8",Silver / White,9.233,16
G.Skill Sniper X 16 GB,,"43,600","2,8",Black / Camo,10.556,19
G.Skill Sniper X 32 GB,,"43,600","4,8",Black / Camo,10.556,19
G.Skill Sniper X 64 GB,,"43,600","4,16",Black / Camo,10.556,19
G.Skill Trident Z 32 GB,,"43,733","4,8",Silver / White,9.108,17
G.Skill Trident Z 64 GB,,"43,733","8,8",Black,9.108,17
G.Skill Trident Z 64 GB,,"44,000","8,8",Silver / White,9,18
G.Skill Trident Z 16 GB,,"44,500","2,8",Silver / White,8.444,19
G.Skill Flare X 64 GB,,"42,933","8,8",Black,10.91,16
G.Skill Trident Z 64 GB,,"43,200","8,8",Silver / Red,9.375,15
G.Skill Sniper X 32 GB,,"43,200","2,16",Black / Camo,10,16
G.Skill Sniper X 32 GB,,"43,200","4,8",Black / Camo,10,16
G.Skill Sniper X 32 GB,172.41,"43,200","4,8",Black / Camo,10,16
G.Skill Sniper X 64 GB,,"43,200","4,16",Black / Camo,10,16
G.Skill Sniper X 64 GB,,"43,200","4,16",Black / Camo,10,16
G.Skill Trident Z 128 GB,,"43,466","8,16",Silver / White,9.233,16
G.Skill Sniper X 64 GB,,"43,600","4,16",Black / Camo,10.556,19
G.Skill Trident Z 16 GB,,"43,600","2,8",,9.444,17
G.Skill Trident Z 16 GB,189,"43,866","2,8",Black / White,9.312,18
TEAMGROUP T-Force Dark 32 GB,,"42,666","2,16",Red / Black,11.253,15
TEAMGROUP T-Force Vulcan 16 GB,,"42,666","1,16",Red / Black,11.253,15
TEAMGROUP TDGED416G3200HC16CDC01 16 GB,,"43,200","2,8",Silver / Black,10,16
TEAMGROUP T-Force Dark 16 GB,,"43,000","2,8",Black,10.667,16
TEAMGROUP T-Force Dark 8 GB,,"43,200","2,4",Silver / Black,10,16
TEAMGROUP T-Force Dark Pro 16 GB,,"43,000","2,8",Black / Silver,10,15
TEAMGROUP T-Force Dark Pro 8 GB,,"43,000","2,4",Black / Silver,10,15
TEAMGROUP T-Force Dark Pro 8 GB,,"43,200","2,4",Black / Silver,10,16
TEAMGROUP T-Force Dark Pro 16 GB,,"43,000","2,8",Black / Red,10,15
TEAMGROUP T-Force Dark Pro 16 GB,,"43,200","2,8",Black / Red,10,16
TEAMGROUP T-Force Dark Pro 8 GB,,"43,200","2,4",Black / Red,10,16
TEAMGROUP Elite 2 GB,,"31,333","1,2",Green / Black,13.503,9
TEAMGROUP Elite 2 GB,,"31,600","1,2",Green / Black,13.75,11
TEAMGROUP Elite 4 GB,,"31,333","1,4",Green / Black,13.503,9
TEAMGROUP Vulcan 16 GB,,"31,600","2,8",Orange,11.25,9
TEAMGROUP T-Force Vulcan 16 GB,,"43,000","4,4",Red,10.667,16
TEAMGROUP Elite 32 GB,,"42,400","4,8",Black,13.333,16
TEAMGROUP Xtreem LV 8 GB,,"32,400","2,4",Red / Black,7.5,9
TEAMGROUP Xtreem LV 8 GB,,"32,666","2,4",Red / Black,7.502,10
G.Skill Sniper X 32 GB,,"42,400","4,8",Black / Camo,14.167,17
G.Skill Sniper X 32 GB,,"43,600","4,8",Black / Camo,10.556,19
G.Skill Flare X 64 GB,,"42,933","8,8",,9.547,14
G.Skill Sniper X 32 GB,,"43,000","2,16",Black / Camo,10.667,16
GeIL Super Luce 16 GB,,"42,133","2,8",Black / Red,14.065,15
GeIL Super Luce 16 GB,,"42,400","2,8",Black / Red,13.333,16
GeIL Super Luce 32 GB,,"42,133","2,16",Black / Red,14.065,15
GeIL Super Luce 16 GB,,"42,133","2,8",Black,14.065,15
GeIL Super Luce 32 GB,,"42,133","2,16",,14.065,15
GeIL Super Luce 32 GB,,"42,400","2,16",Black / White,12.5,15
GeIL Super Luce 8 GB,,"42,133","2,4",Black / White,14.065,15
GeIL Super Luce 32 GB,,"42,400","2,16",White / Red,13.333,16
GeIL Super Luce 8 GB,,"42,133","2,4",White / Red,14.065,15
GeIL Super Luce 8 GB,,"42,400","2,4",White / Red,13.333,16
GeIL SUPER LUCE RGB 16 GB,,"42,133","2,8",White,14.065,15
GeIL SUPER LUCE RGB 16 GB,,"42,666","2,8",White,12.003,16
GeIL SUPER LUCE RGB 16 GB,,"43,000","2,8",White,10.667,16
GeIL SUPER LUCE RGB 8 GB,,"42,133","2,4",White,14.065,15
GeIL SUPER LUCE RGB 8 GB,,"42,400","2,4",White,13.333,16
Crucial Ballistix Sport LT 32 GB,,"42,666","4,8",Gray,12.003,16
Crucial Ballistix Sport LT 32 GB,,"42,666","4,8",Red,12.003,16
Crucial Ballistix Sport LT 32 GB,,"42,666","4,8",White,12.003,16
Crucial Ballistix Elite 8 GB,,"32,000","2,4",Black,9,9
Corsair Vengeance LPX 64 GB,,"43,000","4,16",Black,10.667,16
Corsair Vengeance LED 32 GB,,"43,000","2,16",Black / Red,10.667,16
Corsair Vengeance LPX 64 GB,,"43,000","8,8",Black,10.667,16
GeIL Super Luce 32 GB,,"42,133","2,16",White,14.065,15
GeIL SUPER LUCE RGB 16 GB,,"42,133","2,8",White,14.065,15
GeIL SUPER LUCE RGB 16 GB,,"42,666","2,8",White,12.003,16
GeIL SUPER LUCE RGB 8 GB,,"42,133","2,4",White,14.065,15
Crucial CT8G4RFS4266 8 GB,,"42,666","1,8",Green / Black,14.254,19
Crucial CT8G4RFD824A 8 GB,,"42,400","1,8",Green / Black,14.167,17
GeIL SUPER LUCE RGB 16 GB,,"43,000","2,8",Black,10.667,16
GeIL GS48GB2133C15SC 8 GB,,"42,133","1,8",Black,14.065,15
GeIL GS416GB2133C15DC 16 GB,,"42,133","2,8",Black,14.065,15
GeIL GS432GB2133C15DC 32 GB,,"42,133","2,16",Black,14.065,15
GeIL GS48GB2133C15DC 8 GB,,"42,133","2,4",Black,14.065,15
GeIL EVO FORZA 8 GB,,"42,400","2,4",Red / Black,12.5,15
GeIL GS44GB2133C15SC 4 GB,,"42,133","1,4",Black,14.065,15
GeIL EVO POTENZA 16 GB,,"42,133","2,8",Black,14.065,15
GeIL EVO POTENZA 8 GB,,"42,400","2,4",Black,13.333,16
GeIL EVO POTENZA 8 GB,,"42,666","2,4",Black,12.003,16
Corsair Vengeance LED 32 GB,,"43,000","4,8",Black / Blue,10.667,16
Corsair Vengeance LED 32 GB,,"43,000","4,8",Black / Red,10.667,16
Corsair Vengeance LED 16 GB,,"43,000","2,8",Black / Red,10.667,16
Corsair Vengeance LED 32 GB,,"43,000","2,16",Black / Blue,10.667,16
Corsair Vengeance LED 32 GB,,"43,000","4,8",Black / White,10.667,16
TEAMGROUP T-Force Night Hawk 16 GB,,"43,600","2,8",Black,10,18
TEAMGROUP Elite Plus 8 GB,,"42,133","1,8",Black / Gold,14.065,15
TEAMGROUP T-Force Xtreem 32 GB,,"43,866","4,8",Black / Silver,9.312,18
TEAMGROUP T-Force Dark 16 GB,,"43,000","4,4",Silver / Black,10.667,16
TEAMGROUP T-Force Dark 32 GB,,"42,400","4,8",Silver / Black,11.667,14
TEAMGROUP T-Force Dark 64 GB,,"42,400","4,16",Silver / Black,11.667,14
TEAMGROUP T-Force Dark 64 GB,,"43,000","4,16",Silver / Black,10.667,16
TEAMGROUP T-Force Dark 64 GB,,"43,200","4,16",Silver / Black,10,16
TEAMGROUP T-Force Dark 16 GB,,"42,400","4,4",Red / Black,11.667,14
TEAMGROUP T-Force Dark 16 GB,,"43,000","4,4",Red / Black,10.667,16
TEAMGROUP T-Force Dark 64 GB,,"42,400","4,16",Red / Black,11.667,14
TEAMGROUP T-Force Dark 64 GB,,"43,000","4,16",Red / Black,10.667,16
TEAMGROUP T-Force Dark 32 GB,,"43,000","4,8",Silver / Black,10.667,16
TEAMGROUP T-Force Dark 16 GB,,"43,200","4,4",Red / Black,10,16
TEAMGROUP T-Force Vulcan 16 GB,,"43,000","4,4",Silver / Black,10.667,16
TEAMGROUP T-Force Vulcan 16 GB,,"43,200","4,4",Silver / Black,10,16
TEAMGROUP T-Force Vulcan 64 GB,,"42,400","4,16",Silver / Black,11.667,14
TEAMGROUP T-Force Vulcan 16 GB,,"43,200","4,4",Red / Black,10,16
TEAMGROUP T-Force Vulcan 32 GB,,"42,400","4,8",Red / Black,11.667,14
TEAMGROUP T-Force Vulcan 64 GB,,"42,400","4,16",Red / Black,11.667,14
TEAMGROUP T-Force Vulcan 16 GB,,"42,400","4,4",Red / Black,11.667,14
TEAMGROUP T-Force Vulcan 64 GB,,"43,200","4,16",Red / Black,10,16
Kingston HyperX Fury 64 GB,,"42,133","4,16",Red / Silver,13.127,14
Kingston HyperX Fury 32 GB,,"42,133","4,8",White / Silver,13.127,14
Kingston HyperX Fury 64 GB,,"42,400","4,16",Red / Silver,12.5,15
Kingston KSM24RS4/16HAI 16 GB,,"42,400","1,16",Green / Black,14.167,17
Mushkin Essentials 16 GB,,"42,800","2,8",Red,12.143,17
Patriot Signature Line 16 GB,,"42,133","1,16",Green / Black,14.065,15
Patriot Signature Line 4 GB,,"42,400","1,4",Green / Black,14.167,17
V7 V7192008GBS 8 GB,26.06,"42,400","1,8",Green / Black,14.167,17
Patriot Signature Line 8 GB,,"42,133","1,8",Green / Black,14.065,15
Patriot Signature Line 8 GB,,"42,400","1,8",Green / Black,14.167,17
Mushkin Redline 32 GB,270.01,"42,800","2,16",Red,12.143,17
GeIL SUPER LUCE RGB 8 GB,,"43,000","2,4",Black,10.667,16
Corsair Vengeance RGB 64 GB,,"43,200","8,8",Black,10,16
Corsair Vengeance RGB 16 GB,,"43,333","2,8",Black,9.601,16
TEAMGROUP T-Force Vulcan 64 GB,,"43,000","4,16",Silver / Gray,10.667,16
TEAMGROUP T-Force Vulcan 32 GB,,"43,000","4,8",Red / Black,10.667,16
TEAMGROUP T-Force Vulcan 64 GB,,"43,000","4,16",Red / Black,10.667,16
TEAMGROUP T-Force Vulcan 32 GB,,"43,000","4,8",Silver / Gray,10.667,16
Crucial CT16G4RFD8266 16 GB,42.99,"42,666","1,16",Green / Black,14.254,19
VisionTek 900384 2 GB,,"31,333","1,2",Black / Green,13.503,9
VisionTek 900849 8 GB,,"31,866","1,8",Green / Black,13.934,13
Crucial CT2K25664BD160BA 4 GB,,"31,600","2,2",Green / Black,13.75,11
Crucial CT2K8G3ERSLD8160B 16 GB,,"31,600","2,8",Green / Black,13.75,11
Crucial CT3K8G3ERSLD8160B 24 GB,,"31,600","3,8",Green / Black,13.75,11
Crucial CT8G3ERSDD8186D 8 GB,,"31,866","1,8",Green / Black,13.934,13
Samsung M393B1G70DB0-YK0 8 GB,26,"31,600","1,8",Green / Black,13.75,11
Silicon Power SU016GLLTU160N22AC 16 GB,,"31,600","2,8",Green / Black,13.75,11
Crucial CT102472BF160B 8 GB,44.99,"31,600","1,8",Green / Black,13.75,11
Crucial CT2K51264BD186DJ 8 GB,,"31,866","2,4",Green / Black,13.934,13
G.Skill Ripjaws 16 GB,,"43,200","1,16",Black / Blue,11.25,18
G.Skill Trident Z RGB 32 GB,,"43,200","4,8",Black,8.75,14
Corsair Vengeance RGB 64 GB,,"43,600","8,8",Black,10,18
G.Skill Ripjaws V 16 GB,,"42,666","2,8",Red / Black,14.254,19
Crucial Ballistix Tactical Tracer 32 GB,,"42,666","2,16",Silver,12.003,16
Crucial Ballistix Tactical Tracer 32 GB,,"43,000","2,16",Silver,10.667,16
Crucial Ballistix Tactical Tracer 16 GB,,"43,000","2,8",Silver,10.667,16
Crucial Ballistix Tactical Tracer 64 GB,,"42,666","4,16",Silver,12.003,16
Crucial Ballistix Tactical Tracer 64 GB,,"43,000","4,16",Silver,10.667,16
Crucial Ballistix Tactical Tracer 32 GB,,"42,666","4,8",Silver,12.003,16
Corsair Dominator Platinum 64 GB,,"44,000","8,8",Black / Silver,9.5,19
Samsung M393A4K40CB1-CRC4Q 32 GB,,"42,400","1,32",Green / Black,14.167,17
Mushkin Proline 16 GB,56.99,"42,133","1,16",Green / Black,14.065,15
Kingston KTL-TS424S8/8G 8 GB,,"42,400","1,8",Green / Black,14.167,17
TEAMGROUP BLS4K8G4D240FSCK 4 GB,,"42,400","1,4",Black,13.333,16
Kingston KTD-PE426S8/8G 8 GB,37.38,"42,666","1,8",Green / Black,14.254,19
G.Skill Trident Z RGB 32 GB,,"42,933","2,16",Black,10.91,16
GeIL SUPER LUCE RGB 8 GB,,"42,666","2,4",White,12.003,16
Kingston KCP424ES8/8DUP 8 GB,,"42,400","1,8",Green / Black,14.167,17
Crucial CT8G4RFS824A 8 GB,28.99,"42,400","1,8",Green / Black,14.167,17
Crucial CT2K4G4RFS8266 8 GB,,"42,666","2,4",Green / Black,14.254,19
Klevv BOLT 4 GB,,"42,400","1,4",Black / Gold,12.5,15
Klevv BOLT 4 GB,,"42,400","1,4",Black / Gold,12.5,15
G.Skill Sniper X 16 GB,,"42,666","2,8",Silver / Camo,14.254,19
ADATA XPG GAMMIX D10 16 GB,,"42,400","1,16",Black / White,13.333,16
ADATA XPG GAMMIX D10 32 GB,,"42,400","4,8",Black / White,13.333,16
ADATA XPG GAMMIX D10 8 GB,,"42,400","1,8",Black / White,13.333,16
ADATA XPG GAMMIX D10 16 GB,,"42,400","4,4",Black / White,13.333,16
ADATA XPG GAMMIX D10 4 GB,,"42,400","1,4",Black / White,13.333,16
ADATA XPG GAMMIX D10 4 GB,,"42,666","1,4",Black / White,12.003,16
ADATA XPG GAMMIX D10 16 GB,,"42,666","4,4",Black / White,12.003,16
ADATA XPG GAMMIX D10 4 GB,,"42,666","1,4",Black / White,12.003,16
ADATA XPG GAMMIX D10 16 GB,,"43,000","1,16",Black / White,10.667,16
ADATA XPG GAMMIX D10 64 GB,,"43,000","4,16",Black / White,10.667,16
ADATA XPG GAMMIX D10 8 GB,,"43,000","1,8",Black / White,10.667,16
ADATA XPG GAMMIX D10 4 GB,,"43,000","1,4",Black / White,10.667,16
ADATA XPG GAMMIX D10 4 GB,,"43,000","1,4",Black / White,10.667,16
ADATA XPG GAMMIX D10 16 GB,,"42,400","1,16",Red / White,13.333,16
ADATA XPG GAMMIX D10 64 GB,,"42,400","4,16",Red / White,13.333,16
ADATA XPG GAMMIX D10 16 GB,,"42,400","2,8",Red / White,13.333,16
ADATA XPG GAMMIX D10 32 GB,,"42,400","4,8",Red / White,13.333,16
ADATA XPG GAMMIX D10 4 GB,,"42,400","1,4",Red / White,13.333,16
ADATA XPG GAMMIX D10 16 GB,,"42,400","4,4",Red / White,13.333,16
ADATA XPG GAMMIX D10 4 GB,,"42,400","1,4",Red / White,13.333,16
ADATA XPG GAMMIX D10 16 GB,,"42,666","1,16",Red / White,12.003,16
ADATA XPG GAMMIX D10 64 GB,,"42,666","4,16",Red / White,12.003,16
ADATA XPG GAMMIX D10 32 GB,,"42,666","4,8",Red / White,12.003,16
ADATA XPG GAMMIX D10 4 GB,,"42,666","1,4",Red / White,12.003,16
ADATA XPG GAMMIX D10 4 GB,,"42,666","1,4",Red / White,12.003,16
ADATA XPG GAMMIX D10 16 GB,,"43,000","1,16",Red / White,10.667,16
ADATA XPG GAMMIX D10 32 GB,,"43,000","4,8",Red / White,10.667,16
ADATA XPG GAMMIX D10 8 GB,,"43,000","1,8",Red / White,10.667,16
ADATA XPG GAMMIX D10 4 GB,,"43,000","1,4",Red / White,10.667,16
ADATA XPG GAMMIX D10 16 GB,,"43,000","4,4",Red / White,10.667,16
ADATA XPG GAMMIX D10 4 GB,,"43,000","1,4",Red / White,10.667,16
Patriot Viper Venom RGB 16 GB,,"42,666","2,8",White / Black,11.253,15
G.Skill Trident Z 64 GB,,"43,300","8,8",Silver / White,9.697,16
Corsair Vengeance LPX 32 GB,,"43,333","4,8",Black / Yellow,9.601,16
Corsair Vengeance LPX 16 GB,,"43,333","2,8",Black / Yellow,9.601,16
Corsair Vengeance RGB Pro 64 GB,,"42,666","8,8",White,12.003,16
Corsair Vengeance RGB Pro 64 GB,,"43,600","8,8",White,10,18
Corsair Vengeance RGB Pro 64 GB,,"43,000","8,8",White,10,15
Corsair Vengeance RGB Pro 64 GB,,"43,200","8,8",White,10,16
Corsair Vengeance RGB Pro 64 GB,,"43,200","8,8",Black,10,16
Corsair Vengeance LED 64 GB,,"43,000","4,16",Black,10.667,16
G.Skill Sniper X 16 GB,,"43,466","2,8",Black / Camo,10.387,18
Crucial CT4K4G4RFS8266 16 GB,,"42,666","4,4",Green / Black,14.254,19
TEAMGROUP T-Force Vulcan 16 GB,,"42,400","1,16",Black / Red,12.5,15
TEAMGROUP T-Force Vulcan 16 GB,,"42,666","1,16",Black / Red,13.503,18
TEAMGROUP T-Force Vulcan 4 GB,,"42,400","1,4",Black / Red,12.5,15
TEAMGROUP T-Force Vulcan 4 GB,,"42,666","1,4",Black / Red,13.503,18
TEAMGROUP T-Force Vulcan 8 GB,,"42,400","1,8",Black / Red,12.5,15
TEAMGROUP T-Force Vulcan 8 GB,,"42,666","1,8",Black / Red,13.503,18
Crucial Ballistix Tactical 64 GB,,"43,000","4,16",Black,10,15
Crucial Ballistix Sport LT 16 GB,,"42,400","2,8",Black / Camo,13.333,16
Patriot Signature Line 16 GB,,"42,400","1,16",Green / Black,14.167,17
ADATA XPG SPECTRIX D41 16 GB,,"42,666","2,8",Red,12.003,16
ADATA XPG SPECTRIX D41 32 GB,,"42,666","2,16",Red,12.003,16
Crucial CT4G4WFS8266 4 GB,,"42,666","1,4",Green / Black,14.254,19
Corsair Vengeance RGB Pro 64 GB,,"43,466","8,8",Black,9.233,16
Corsair Vengeance RGB Pro 64 GB,,"42,933","8,8",Black,10.91,16
Corsair Vengeance RGB Pro 32 GB,,"43,466","4,8",Black,9.233,16
Corsair Dominator Platinum 16 GB,,"43,333","2,8",Silver / Black,9.601,16
Corsair Dominator Platinum 32 GB,,"43,200","4,8",Silver / Black,10,16
G.Skill Trident Z RGB 64 GB,,"43,200","8,8",Black,8.75,14
Crucial Ballistix Sport AT 32 GB,,"43,000","4,8",Silver / Black,11.333,17
Crucial Ballistix Sport AT 32 GB,,"42,666","4,8",Silver / Black,12.003,16
Crucial Ballistix Sport AT 64 GB,,"43,000","4,16",Silver / Black,11.333,17
TEAMGROUP T-Force Dark Pro 16 GB,,"43,466","2,8",Black / Red,9.233,16
Corsair Vengeance LED 32 GB,,"43,333","2,16",Black,9.601,16
GeIL TUF SUPER LUCE 16 GB,,"42,400","2,8",Black / Camo,13.333,16
GeIL TUF SUPER LUCE 16 GB,,"43,000","2,8",Black / Camo,10.667,16
GeIL TUF SUPER LUCE 8 GB,,"42,400","2,4",Black / Camo,13.333,16
GeIL TUF SUPER LUCE 8 GB,,"42,666","2,4",Black / Camo,14.254,19
G.Skill F2-6400CL5D-4GBNT 4 GB,,"2,800","2,2",Blue / Black,12.5,5
Corsair Vengeance RGB Pro 64 GB,,"43,466","4,16",Black,9.233,16
Crucial Ballistix Sport LT 8 GB,,"42,666","1,8",Black / Silver,12.003,16
G.Skill Trident Z RGB 64 GB,,"43,200","8,8",Black,10,16
ADATA Premier 8 GB,,"42,133","1,8",Green / Black,14.065,15
Corsair Vengeance LED 16 GB,,"43,600","2,8",Black,10,18
ADATA AD4S240038G17-R 8 GB,,"42,400","1,8",Green,14.167,17
ADATA AD4S2400316G17-R 16 GB,,"42,400","1,16",Green,14.167,17
G.Skill Trident Z RGB 32 GB,,"43,333","2,16",Black,9.601,16
Corsair Dominator Platinum 16 GB,,"44,000","2,8",Black / Silver,9.5,19
Kingston HyperX Predator 64 GB,,"42,666","4,16",Black / Gray,9.752,13
TEAMGROUP T-Force Night Hawk Legend RGB 16 GB,,"43,200","2,8",Gold,8.75,14
G.Skill Trident Z 32 GB,,"43,200","2,16",Black / Yellow,9.375,15
TEAMGROUP T-Force Night Hawk Legend RGB 16 GB,,"43,466","2,8",Gold,9.233,16
TEAMGROUP T-Force Xtreem 16 GB,,"44,500","2,8",Black / White,8,18
GeIL EVO FORZA 32 GB,,"42,133","2,16",Red / Black,14.065,15
Patriot Viper Elite 8 GB,,"42,666","1,8",Silver / Black,12.003,16
Kingston ValueRAM 16 GB,44.2,"42,400","1,16",Green / Black,14.167,17
Kingston KCP424SS8/8 8 GB,32.97,"42,400","1,8",Green / Black,14.167,17
TEAMGROUP Elite 4 GB,,"42,666","1,4",Black,14.254,19
TEAMGROUP Elite 8 GB,,"42,666","2,4",Black,14.254,19
Mushkin Silverline 16 GB,49.33,"42,666","2,8",Silver / Green,14.254,19
Crucial Ballistix Sport LT 16 GB,,"42,666","2,8",Silver / Black,12.003,16
ADATA AD4S213338G15-2 16 GB,,"42,133","2,8",Green / Black,14.065,15
Crucial CT2K4G4SFS624A 8 GB,39.95,"42,400","2,4",Green / Black,14.167,17
Crucial Ballistix Sport LT 32 GB,,"43,000","2,16",Silver / Gray,10.667,16
Klevv Fit 16 GB,,"32,133","2,8",Silver / Black,9.376,10
G.Skill Trident Z Royal 16 GB,,"43,600","2,8",Gold,9.444,17
G.Skill Trident Z Royal 16 GB,,"43,600","2,8",Silver,9.444,17
Crucial Ballistix Tactical Tracer 8 GB,,"43,000","1,8",Silver / Black,10.667,16
Corsair Vengeance LPX 64 GB,,"43,333","4,16",Black / Yellow,9.601,16
TEAMGROUP T-Force Vulcan 16 GB,,"42,400","2,8",Black / Red,15,18
TEAMGROUP T-Force Vulcan 32 GB,,"42,400","2,16",Black / Red,12.5,15
TEAMGROUP T-Force Vulcan 32 GB,,"42,666","2,16",Black / Red,13.503,18
TEAMGROUP T-Force Vulcan 8 GB,,"42,400","2,4",Black / Red,12.5,15
TEAMGROUP T-Force Vulcan 8 GB,,"42,666","2,4",Black / Red,13.503,18
TEAMGROUP T-Force Xtreem 16 GB,,"43,733","2,8",Black / White,9.644,18
GeIL SUPER LUCE RGB SYNC 16 GB,,"43,200","2,8",Black,8.75,14
ADATA AD4S2400316G17-2 32 GB,,"42,400","2,16",Green / Black,14.167,17
TEAMGROUP T-Force Xtreem 16 GB,,"43,866","2,8",Black / White,9.312,18
Corsair Vengeance RGB Pro 32 GB,,"43,333","2,16",Black,9.601,16
GeIL SUPER LUCE RGB SYNC 16 GB,,"44,133","2,8",White,9.194,19
Silicon Power SU016GBSFU240B02NA 16 GB,,"42,400","1,16",Black,14.167,17
Silicon Power SU016GBSFU266B22NA 16 GB,,"42,666","2,8",Green / Black,14.254,19
GeIL SUPER LUCE RGB SYNC 16 GB,,"43,600","2,8",White,8.889,16
Crucial CT8G4RFD8266 8 GB,,"42,666","1,8",,14.254,19
Kingston KSM24ES8/8ME 8 GB,,"42,400","1,8",Green / Black,14.167,17
Silicon Power SU016GBLFU266B02NA 16 GB,,"42,666","1,16",Black,14.254,19
TEAMGROUP XCalibur Phantom Gaming RGB 16 GB,,"44,000","2,8",Black,9,18
TEAMGROUP XCalibur Phantom Gaming RGB 16 GB,,"43,600","2,8",Black,10,18
Super Talent F24EB16GS 16 GB,,"42,400","1,16",Green / Black,14.167,17
GeIL EVO POTENZA 16 GB,,"42,666","2,8",Red,14.254,19
GeIL GS48GB2400C16SC 8 GB,,"42,400","1,8",Black,13.333,16
Crucial Ballistix Sport AT 16 GB,,"43,200","1,16",Silver / Black,10,16
Crucial Ballistix Sport AT 8 GB,,"43,200","1,8",Silver / Black,10,16
Crucial Ballistix Sport LT 64 GB,,"43,000","4,16",Red / Black,10,15
Crucial Ballistix Sport LT 64 GB,,"43,000","4,16",Silver / Black,10.667,16
Crucial Ballistix Sport LT 8 GB,,"43,200","1,8",Red / Black,10,16
Crucial Ballistix Sport LT 16 GB,,"43,000","1,16",Silver / Black,10.667,16
Crucial Ballistix Sport LT 16 GB,,"43,000","1,16",Silver / Black,10,15
Crucial Ballistix Sport LT 32 GB,,"43,000","4,8",White / Silver,10,15
GeIL SUPER LUCE RGB SYNC 32 GB,,"43,000","2,16",Black,10.667,16
Crucial CT32G4LFD4266 32 GB,87.99,"42,666","1,32",Green / Black,14.254,19
Crucial Ballistix Sport LT 32 GB,,"43,000","4,8",Silver / Black,10.667,16
Mushkin Essentials 32 GB,88.99,"42,666","1,32",Green / Black,14.254,19
TEAMGROUP TLGD48G2666HC15BBK 8 GB,,"42,666","1,8",Green / Black,11.253,15
Crucial Ballistix Elite 16 GB,,"43,000","1,16",Black,10,15
Corsair Dominator Platinum RGB 32 GB,,"43,200","4,8",Black,8.75,14
Corsair Dominator Platinum RGB 64 GB,,"43,200","8,8",Black,10,16
Corsair Dominator Platinum RGB 64 GB,,"43,600","8,8",Black,10,18
Corsair Dominator Platinum RGB 16 GB,149.99,"43,000","2,8",Black,10,15
Corsair Dominator Platinum RGB 32 GB,,"43,000","4,8",Black,10,15
Corsair Dominator Platinum RGB 16 GB,,"43,466","2,8",Black,9.233,16
Corsair Dominator Platinum RGB 32 GB,,"43,466","4,8",Black,9.233,16
Corsair Dominator Platinum RGB 64 GB,,"43,000","8,8",Black,10,15
G.Skill Trident Z 16 GB,,"44,266","2,8",Silver / Red,8.908,19
Crucial Ballistix Sport LT 16 GB,,"42,400","2,8",Red / Black,13.333,16
G.Skill Trident Z 16 GB,,"44,133","2,8",Silver / Red,9.194,19
G.Skill Trident Z 16 GB,,"44,133","2,8",Silver / Red,9.194,19
G.Skill Trident Z 16 GB,,"44,000","2,8",Silver / White,9.5,19
G.Skill Trident Z 16 GB,,"43,866","2,8",Silver / Red,9.312,18
G.Skill Trident Z 16 GB,,"43,866","2,8",Silver / White,9.312,18
G.Skill Trident Z 16 GB,,"43,733","2,8",Silver / White,9.108,17
G.Skill Trident Z 16 GB,,"43,600","2,8",Silver / White,9.444,17
GeIL EVO POTENZA 16 GB,,"42,400","2,8",Black,13.333,16
G.Skill Trident Z 16 GB,,"43,466","2,8",Black / White,9.233,16
G.Skill Trident Z 16 GB,,"43,466","2,8",Silver / Black,9.233,16
G.Skill Trident Z 16 GB,229,"43,466","2,8",Silver / White,9.233,16
G.Skill Trident Z 16 GB,,"43,333","2,8",Black / White,9.601,16
GeIL EVO FORZA 16 GB,,"42,133","2,8",Red / Black,14.065,15
G.Skill Trident Z 16 GB,,"43,333","2,8",Silver / Red,9.601,16
TEAMGROUP Elite Plus 16 GB,,"42,400","2,8",Black / Gold,13.333,16
TEAMGROUP Elite Plus 16 GB,,"42,400","2,8",Red / Black,13.333,16
G.Skill Trident Z RGB 16 GB,,"42,933","2,8",Black,10.91,16
TEAMGROUP T-Force Dark 16 GB,,"42,666","2,8",Gray / Black,11.253,15
Corsair Dominator Platinum 16 GB,,"43,866","2,8",Black / Silver,9.312,18
Corsair Vengeance LPX 16 GB,,"44,000","2,8",Red,9.5,19
Crucial Ballistix Tactical Tracer 16 GB,,"43,000","1,16",Silver / Black,10.667,16
Crucial CT16G4RFD8293 16 GB,,"42,933","1,16",Green / Black,14.32,21
Crucial CT16G4RFS4293 16 GB,,"42,933","1,16",Green / Black,14.32,21
Crucial CT8G4RFS8293 8 GB,,"42,933","1,8",Green / Black,14.32,21
Crucial CT4G4DFS632A 4 GB,,"43,200","1,4",Green / Black,13.75,22
OLOy MD4MU081G83016D 16 GB,,"43,000","2,8",White / Gray,10.667,16
OLOy MD4MU081G82619D 16 GB,,"42,666","2,8",Red / Black,14.254,19
OLOy MD4U042417IBDA 8 GB,,"42,400","2,4",Red / Black,14.167,17
OLOy MD4MU081G83016NI 8 GB,,"43,000","1,8",White / Gray,10.667,16
OLOy MD4MU081G83015D 16 GB,,"43,000","2,8",White / Gray,10,15
OLOy MD4U083015BASA 8 GB,,"43,000","1,8",White / Gray,10,15
OLOy MD4MU081G83016DI 16 GB,,"43,000","2,8",White / Gray,10.667,16
OLOy MD4MU081G82417NI 8 GB,,"42,400","1,8",Red / Black,14.167,17
OLOy MD4U083618IADA 16 GB,,"43,600","2,8",White / Gray,10,18
OLOy MD4U042417IBSA 4 GB,,"42,400","1,4",Red / Black,14.167,17
OLOy MD4U082619BBSA 8 GB,,"42,666","1,8",Red / Black,14.254,19
OLOy MD4U042417BBSA 4 GB,,"42,400","1,4",Red / Black,14.167,17
OLOy MD4U162619BBSA 16 GB,,"42,666","1,16",Red / Black,14.254,19
OLOy MD4MU081G82417D 16 GB,,"42,400","2,8",Red / Black,14.167,17
G.Skill Trident Z Royal 32 GB,,"43,200","4,8",Silver,10,16
G.Skill Trident Z Royal 32 GB,,"43,000","4,8",Silver,10.667,16
G.Skill Trident Z Royal 32 GB,,"43,600","4,8",Silver,9.444,17
G.Skill Trident Z Royal 32 GB,,"43,200","4,8",Silver,8.75,14
Corsair Dominator Platinum RGB 64 GB,,"44,000","8,8",Black / Silver,9.5,19
Corsair Dominator Platinum RGB 32 GB,,"44,000","4,8",Black / Silver,9.5,19
OLOy MD4U082417BBDA 16 GB,,"42,400","2,8",Black / Red,14.167,17
OLOy MD4U162619BBDA 32 GB,,"42,666","2,16",Black / Red,14.254,19
OLOy MD4U083016IADA 16 GB,,"43,000","2,8",White / Silver,10.667,16
TEAMGROUP T-Force T1 16 GB,,"42,666","2,8",Black / Red,13.503,18
TEAMGROUP T-Force T1 8 GB,,"42,666","1,8",Black / Red,13.503,18
TEAMGROUP T-Force T1 4 GB,,"42,400","1,4",Black / Red,12.5,15
TEAMGROUP T-Force T1 4 GB,,"42,666","1,4",Black / Red,13.503,18
TEAMGROUP T-Force T1 8 GB,,"42,400","1,8",Black / Red,12.5,15
TEAMGROUP T-Force T1 8 GB,,"42,666","2,4",Black / Red,13.503,18
TEAMGROUP Elite Plus 8 GB,,"42,400","2,4",Black / Gold,13.333,16
TEAMGROUP T-Force Dark 8 GB,,"43,000","2,4",Silver / Black,10.667,16
Mushkin Blackline 16 GB,,"42,400","2,8",Black / White,12.5,15
Mushkin Blackline 16 GB,,"42,400","2,8",Black / Silver,12.5,15
GeIL EVO POTENZA 8 GB,,"42,400","2,4",Red / Black,13.333,16
TEAMGROUP T-Force Vulcan Z 32 GB,,"43,000","2,16",Red / Black,10.667,16
TEAMGROUP T-Force Vulcan Z 4 GB,,"43,000","1,4",Red / Black,10.667,16
TEAMGROUP T-Force Vulcan Z 8 GB,,"43,000","2,4",Red / Black,10.667,16
Supermicro MEM-DR432L-HL01-ER26 32 GB,88.77,"42,666","1,32",Green / Black,14.254,19
Kingston KVR26S19D8/16 16 GB,42.91,"42,666","1,16",Green / Black,14.254,19
Supermicro MEM-DR416L-CV02-EU26 16 GB,,"42,666","1,16",Green / Black,14.254,19
Crucial CT16G4RFD4266-2G6E1 16 GB,,"42,666","1,16",Green / Black,14.254,19
G.Skill Trident Z Royal 32 GB,,"43,200","4,8",Gold,8.75,14
G.Skill Trident Z Royal 32 GB,,"43,200","4,8",Gold,10,16
G.Skill Trident Z Royal 16 GB,,"43,600","2,8",Gold,8.889,16
G.Skill Trident Z Royal 64 GB,,"43,200","8,8",Gold,8.75,14
G.Skill Trident Z Royal 64 GB,,"43,200","8,8",Gold,10,16
G.Skill Trident Z Royal 64 GB,,"43,200","8,8",Silver,10,16
G.Skill Trident Z Royal 128 GB,,"43,200","8,16",Silver,8.75,14
G.Skill Trident Z Royal 128 GB,,"43,200","8,16",Gold,8.75,14
Corsair Dominator Platinum RGB 128 GB,,"43,000","8,16",Black,10,15
G.Skill Trident Z Royal 32 GB,,"43,600","4,8",Silver,8.889,16
G.Skill Trident Z Royal 32 GB,,"44,000","4,8",Gold,8.5,17
G.Skill Trident Z Royal 64 GB,,"43,600","8,8",Gold,8.889,16
G.Skill Trident Z Royal 64 GB,,"43,600","8,8",Silver,8.889,16
G.Skill Trident Z Neo 64 GB,,"43,000","4,16",Silver / Black,10.667,16
Corsair Vengeance LPX 32 GB,,"42,400","1,32",Black / Yellow,13.333,16
TEAMGROUP T-Force Vulcan Z 32 GB,,"42,666","2,16",Black,13.503,18
TEAMGROUP T-Force Vulcan Z 4 GB,,"42,666","1,4",Black,13.503,18
TEAMGROUP T-Force Vulcan Z 4 GB,,"43,200","1,4",Black,10,16
TEAMGROUP T-Force Vulcan Z 32 GB,,"42,666","2,16",Red,13.503,18
TEAMGROUP T-Force Vulcan Z 4 GB,,"42,666","1,4",Red,13.503,18
TEAMGROUP T-Force Vulcan Z 4 GB,,"43,200","1,4",Red,10,16
TEAMGROUP T-Force Vulcan Z 8 GB,,"43,200","2,4",Red,10,16
OLOy MD4U163016BASA 16 GB,,"43,000","1,16",White / Silver,10.667,16
OLOy MD4U083015BADA 16 GB,,"43,000","2,8",White / Silver,10,15
OLOy MD4U083016BADA 16 GB,,"43,000","2,8",White / Silver,10.667,16
OLOy WarHawk RGB 16 GB,,"43,000","2,8",Red / White,10.667,16
OLOy WarHawk RGB 32 GB,,"43,000","2,16",Black / White,10.667,16
OLOy WarHawk RGB 32 GB,,"43,200","2,16",Red / White,10,16
OLOy MD4U083016BFDA 16 GB,,"43,000","2,8",Red,10.667,16
OLOy MD4U082616BGDA 16 GB,,"42,666","2,8",Black,12.003,16
OLOy WarHawk RGB 32 GB,,"43,600","2,16",Red / White,10.556,19
OLOy WarHawk RGB 32 GB,,"43,600","2,16",Black / White,10.556,19
OLOy WarHawk RGB 32 GB,,"43,600","2,16",Red / White,10,18
OLOy MD4U082417BBST 8 GB,,"42,400","1,8",Red,14.167,17
Crucial Ballistix Elite 8 GB,,"44,000","1,8",Black,9,18
GeIL EVO SPEAR 16 GB,,"43,200","2,8",Black,10,16
GeIL SUPER LUCE RGB SYNC 16 GB,,"43,200","2,8",Black,10,16
GeIL EVO X II AMD 16 GB,,"43,000","2,8",Black,10.667,16
GeIL EVO X II AMD 16 GB,,"43,000","2,8",White,10.667,16
Patriot Signature Premium 8 GB,,"42,400","2,4",Black,14.167,17
Mushkin Redline 16 GB,81.94,"43,200","2,8",Red / Silver,10,16
Mushkin Redline 32 GB,,"43,000","2,16",Red / Silver,12,18
Crucial Ballistix Tactical Tracer RGB 32 GB,,"43,000","4,8",Silver,10,15
Crucial Ballistix Tactical Tracer RGB 32 GB,,"43,200","4,8",Silver,10,16
GeIL EVO X II AMD 16 GB,,"43,200","2,8",White / Silver,10,16
OLOy WarHawk RGB 16 GB,,"43,000","1,16",Black / Silver,10.667,16
Kingston HyperX Fury RGB 32 GB,,"42,400","4,8",Black,12.5,15
Kingston HyperX Fury RGB 32 GB,,"42,666","4,8",Black,12.003,16
Kingston HyperX Fury RGB 64 GB,,"43,466","4,16",Black,9.233,16
TEAMGROUP T-Force Dark Pro 16 GB,,"43,600","2,8",Black,8.889,16
TEAMGROUP T-Force Dark Pro 16 GB,,"43,866","2,8",Black,9.312,18
TEAMGROUP T-Force Dark Z 16 GB,,"43,200","2,8",Silver / Black,10,16
GeIL EVO X II 32 GB,,"43,000","2,16",Black,10.667,16
Corsair ValueSelect 32 GB,,"42,400","1,32",Black,13.333,16
V-Color TB416G24D817 16 GB,,"42,400","1,16",Black,14.167,17
TEAMGROUP T-Force Dark Z 8 GB,,"43,000","1,8",Silver,10.667,16
TEAMGROUP T-Force Dark Z 32 GB,,"43,200","2,16",Red,10,16
TEAMGROUP T-Force Dark Z 8 GB,,"43,000","1,8",Red,10.667,16
TEAMGROUP T-Force Dark Z 8 GB,,"43,200","1,8",Silver,10,16
TEAMGROUP T-Force Dark Z 16 GB,,"42,666","1,16",Silver / Black,11.253,15
TEAMGROUP T-Force Dark Z 16 GB,,"42,666","2,8",Silver / Black,11.253,15
TEAMGROUP T-Force Dark Z 32 GB,,"42,666","2,16",Silver / Black,11.253,15
TEAMGROUP T-Force Dark Z 32 GB,,"43,000","2,16",Silver / Black,10.667,16
TEAMGROUP T-Force Dark Z 8 GB,,"42,666","1,8",Silver / Black,11.253,15
TEAMGROUP T-Force Dark Z 16 GB,,"42,666","2,8",Red / Black,11.253,15
TEAMGROUP T-Force Dark Z 16 GB,,"43,000","1,16",Red / Black,10.667,16
TEAMGROUP T-Force Dark Z 16 GB,,"43,200","1,16",Red / Black,10,16
TEAMGROUP T-Force Dark Z 32 GB,,"42,666","2,16",Red / Black,11.253,15
TEAMGROUP T-Force Dark Z 32 GB,,"43,000","2,16",Red / Black,10.667,16
TEAMGROUP T-Force Dark Z 8 GB,,"42,666","1,8",Red / Black,11.253,15
Mushkin Redline 32 GB,,"43,466","2,16",Red / Silver,10.387,18
Mushkin Redline 16 GB,150.06,"43,466","2,8",Red / Silver,10.387,18
GeIL EVO POTENZA 32 GB,,"43,000","2,16",Black,10.667,16
GeIL EVO POTENZA 32 GB,,"43,200","2,16",Black,10,16
GeIL EVO SPEAR 32 GB,,"43,000","2,16",Black / Orange,10.667,16
GeIL EVO POTENZA 16 GB,,"43,200","2,8",Red,10,16
GeIL EVO POTENZA 32 GB,,"43,000","2,16",Red,10.667,16
GeIL EVO X II AMD 32 GB,,"43,000","2,16",Black,10.667,16
GeIL SUPER LUCE RGB SYNC Series TUF Gaming Alliance AMD Edition 16 GB,,"43,200","2,8",Black,10,16
GeIL EVO SPEAR 16 GB,,"43,000","2,8",Black,10.667,16
GeIL EVO POTENZA 32 GB,,"43,000","2,16",Black,10.667,16
GeIL EVO POTENZA 32 GB,,"43,000","2,16",Black,10.667,16
ADATA XPG GAMMIX D30 32 GB,,"43,000","2,16",Silver / Red,10.667,16
ADATA XPG SPECTRIX D41 32 GB,,"43,000","2,16",Red / Black,10.667,16
G.Skill Trident Z Royal 64 GB,,"43,600","4,16",Silver,10,18
G.Skill Trident Z Royal 64 GB,,"43,600","4,16",Gold,10,18
G.Skill Trident Z Royal 64 GB,,"43,600","4,16",Silver,8.889,16
G.Skill Trident Z Royal 32 GB,,"43,600","4,8",Silver,8.889,16
Kingston HX432S20IB/16 16 GB,,"43,200","1,16",Black,12.5,20
Samsung M393A2K40CB2-CVF 16 GB,,"42,933","1,16",Green / Black,14.32,21
Kingston KSM24RD4/32HAI 32 GB,,"42,400","1,32",,14.167,17
Kingston KTH-PL426/32G 32 GB,79.98,"42,666","1,32",Green / Black,14.254,19
OLOy WarHawk RGB 32 GB,,"43,000","2,16",Gold / Black,10.667,16
OLOy MD4U163216CGSA 16 GB,,"43,200","1,16",Black,10,16
OLOy WarHawk RGB 16 GB,,"43,200","2,8",Blue / White,10,16
OLOy WarHawk RGB 16 GB,,"43,600","2,8",Blue / White,10,18
OLOy WarHawk RGB 32 GB,,"43,000","2,16",Blue / White,10.667,16
OLOy WarHawk RGB 32 GB,,"43,000","2,16",Red / Silver,10.667,16
OLOy WarHawk RGB 32 GB,,"43,200","2,16",Blue / White,10,16
OLOy WarHawk RGB 32 GB,,"43,600","2,16",Black / White,10,18
Kingston HyperX Predator RGB 8 GB,,"44,000","1,8",Black,9.5,19
OLOy MD4U322616DJDA 64 GB,,"42,666","2,32",Black,12.003,16
OLOy MD4U163016CFDA 32 GB,,"43,000","2,16",Red,10.667,16
Mushkin Redline 32 GB,,"43,600","2,16",Red / Silver,10,18
Mushkin Redline 16 GB,,"43,600","2,8",Red / Silver,10,18
G.Skill Trident Z RGB 16 GB,,"44,000","2,8",Gold,9,18
G.Skill Trident Z Royal 32 GB,,"44,000","4,8",Silver,9,18
Silicon Power XPOWER Turbine 16 GB,,"44,133","2,8",Blue,9.194,19
Corsair Dominator Platinum RGB 64 GB,,"43,600","8,8",Black,8.889,16
Thermaltake TOUGHRAM 16 GB,,"43,200","2,8",Black / Silver,10,16
Thermaltake TOUGHRAM 16 GB,,"44,266","2,8",Black / Silver,8.908,19
Thermaltake TOUGHRAM 16 GB,,"44,266","2,8",White / Silver,8.908,19
Thermaltake TOUGHRAM RGB 16 GB,,"44,266","2,8",Black / Silver,8.908,19
Thermaltake TOUGHRAM RGB 16 GB,,"44,266","2,8",White / Silver,8.908,19
Crucial Ballistix 64 GB,,"43,200","2,32",Red,10,16
Crucial Ballistix RGB 32 GB,,"43,000","2,16",White,10,15
Crucial Ballistix RGB 32 GB,,"43,000","2,16",Red,10.667,16
Crucial Ballistix RGB 64 GB,,"43,600","2,32",Red,8.889,16
G.Skill Trident Z Royal 64 GB,,"42,666","2,32",Gold,13.503,18
G.Skill Trident Z Royal 128 GB,,"42,666","4,32",Gold,13.503,18
G.Skill Trident Z Royal 128 GB,,"42,666","4,32",Silver,13.503,18
G.Skill Trident Z Royal 256 GB,,"43,200","8,32",Gold,10,16
G.Skill Trident Z Royal 64 GB,603.91,"43,600","8,8",Gold,7.778,14
G.Skill Trident Z Royal 16 GB,,"44,000","2,8",Gold,7.5,15
G.Skill Trident Z Royal 64 GB,,"44,000","8,8",Silver,7.5,15
G.Skill Trident Z Neo 64 GB,,"42,666","2,32",Black / Silver,13.503,18
G.Skill Trident Z Neo 128 GB,,"42,666","4,32",Black / Silver,13.503,18
G.Skill Trident Z Neo 256 GB,,"42,666","8,32",Black / Silver,13.503,18
G.Skill Trident Z RGB 64 GB,,"44,000","8,8",Black,7.5,15
G.Skill Trident Z RGB 64 GB,,"43,600","8,8",Black,7.778,14
G.Skill Ripjaws V 64 GB,,"43,600","8,8",Black,7.778,14
GeIL EVO SPEAR Phantom Gaming 16 GB,,"43,200","2,8",Black,10,16
GeIL EVO SPEAR Phantom Gaming 32 GB,,"43,200","2,16",Black,10,16
GeIL GeIL EVO POTENZA 16GB (2 x 8GB) 288-Pin DDR4 SDRAM DDR4 3600 (PC4 28800) Desktop Memory Model GPR416GB3600C18ADC 16 GB,,"43,600","2,8",Red,10,18
OLOy WarHawk RGB 32 GB,,"43,000","4,8",Black / Silver,10.667,16
OLOy WarHawk RGB 64 GB,,"43,000","4,16",Red / Silver,10.667,16
OLOy WarHawk RGB 64 GB,,"43,200","4,16",Red / Silver,10,16
OLOy WarHawk RGB 64 GB,,"43,200","4,16",Black / Silver,10,16
OLOy MD4U163016CJQA 64 GB,,"43,000","4,16",Black,10.667,16
OLOy MD4U163216CJQA 64 GB,,"43,200","4,16",Black,10,16
OLOy MD4U162417BGDA 32 GB,,"42,400","2,16",Red,14.167,17
OLOy MD4U162619BJDA 32 GB,,"42,666","2,16",Black,14.254,19
TEAMGROUP T-Force Vulcan TUF Gaming Alliance 32 GB,,"43,000","2,16",Black / Gold,10.667,16
PNY Performance 4 GB,,"42,666","1,4",Black,14.254,19
PNY Performance 16 GB,69.84,"42,666","1,16",Black,14.254,19
Kingston Server Premier 32 GB,79.98,"42,666","1,32",Green / Black,14.254,19
Kingston KSM29RD4/32MEI 32 GB,,"42,933","1,32",Green / Black,14.32,21
Kingston HyperX Impact 8 GB,,"43,200","1,8",Black / Silver,12.5,20
GeIL EVO POTENZA 16 GB,,"43,600","2,8",Black,10,18
GeIL EVO POTENZA 16 GB,,"43,600","2,8",Red / Black,10,18
GeIL EVO X II 32 GB,,"43,600","2,16",White,10,18
Klevv CRAS 32 GB,,"42,800","4,8",Silver / Black,11.429,16
OLOy MD4U3230161DHMQA 128 GB,,"43,000","4,32",Multicolor,10.667,16
TEAMGROUP T-Force Xtreem ARGB 16 GB,,"44,000","2,8",Black,9,18
OLOy WarHawk RGB 32 GB,,"43,600","2,16",White,8.889,16
OLOy WarHawk RGB 64 GB,,"43,600","2,32",White,10,18
OLOy WarHawk RGB 64 GB,,"43,600","4,16",White,8.889,16
OLOy ND4U1632161DH0DA 32 GB,,"43,200","2,16",Red,10,16
Kingston HyperX Predator 128 GB,,"43,200","4,32",Black,10,16
Thermaltake TOUGHRAM RGB 64 GB,,"43,600","2,32",Black,10,18
G.Skill Ripjaws V 16 GB,,"44,000","2,8",Black,8.5,17
G.Skill Trident Z Royal 16 GB,,"44,400","2,8",Silver,7.727,17
G.Skill Trident Z RGB 16 GB,,"44,266","2,8",Black,7.97,17
Silicon Power SU016GBLFU240BD2AH 16 GB,,"42,400","2,8",Black / Red,14.167,17
OLOy MD4U1630160DHKQA 64 GB,,"43,000","4,16",Black,10.667,16
Mushkin Redline 32 GB,,"43,000","2,16",Red,12,18
Silicon Power SU016GBLFU266BD2J5 16 GB,,"42,666","2,8",Gray,14.254,19
G.Skill Trident Z RGB 16 GB,,"44,400","2,8",Black,7.727,17
G.Skill Trident Z Royal 16 GB,,"44,000","2,8",Gold,8.5,17
G.Skill Trident Z Royal 16 GB,,"44,000","2,8",Silver,8.5,17
G.Skill Ripjaws V 16 GB,,"44,266","2,8",Black,7.97,17
G.Skill Trident Z Royal 32 GB,,"43,600","2,16",Gold,7.778,14
G.Skill Trident Z Neo 32 GB,,"43,800","4,8",Black / Silver,9.474,18
Kingston KSM29RD4/64HAR 64 GB,,"42,933","1,64",,14.32,21
Kingston KSM26RS8/16MEI 16 GB,,"42,666","1,16",,14.254,19
Kingston KSM26RD4/64HAR 64 GB,,"42,666","1,64",,14.254,19
Kingston HyperX 128 GB,,"43,600","4,32",Black,10,18
Kingston HyperX 128 GB,,"43,000","4,32",Black,10.667,16
Kingston HyperX Fury 64 GB,,"43,466","4,16",Black,9.81,17
Kingston HyperX Fury 64 GB,,"43,200","4,16",Black,10,16
Apacer AU 4 GB,,"42,666","1,4",Black,14.254,19
Apacer AU 4 GB,,"42,666","1,4",Black,14.254,19
Apacer AU 8 GB,,"42,400","1,8",Black,14.167,17
Apacer AU 4 GB,,"42,400","1,4",Black,14.167,17
Apacer AU 16 GB,,"42,133","1,16",Black,14.065,15
Apacer AU 8 GB,,"42,133","1,8",Black,14.065,15
Apacer AU 4 GB,,"42,133","1,4",Black,14.065,15
Apacer AS 16 GB,,"42,666","1,16",Black,14.254,19
Apacer AS 4 GB,,"42,666","1,4",Black,14.254,19
Apacer AS 4 GB,,"42,666","1,4",Black,14.254,19
Apacer AS 16 GB,,"42,400","1,16",Black,14.167,17
Apacer AS 8 GB,,"42,400","1,8",Black,14.167,17
Apacer AS 8 GB,,"42,400","1,8",Black,14.167,17
Apacer AS 4 GB,,"42,400","1,4",Black,14.167,17
Apacer AS 4 GB,,"42,400","1,4",Black,14.167,17
Apacer AS 16 GB,,"42,133","1,16",Black,14.065,15
Apacer AS 8 GB,,"42,133","1,8",Black,14.065,15
Apacer AS 8 GB,,"42,133","1,8",Black,14.065,15
Apacer AS 4 GB,,"42,133","1,4",Black,14.065,15
Apacer AS 4 GB,,"42,133","1,4",Black,14.065,15
Apacer AS 16 GB,,"43,200","1,16",Black,13.75,22
Apacer AS 8 GB,,"43,200","1,8",Black,13.75,22
Neo Forza MARS 64 GB,,"43,000","2,32",Gray / Black,10,15
Neo Forza FAYE 64 GB,,"43,200","2,32",Silver / Black,10,16
Neo Forza FAYE 16 GB,,"43,600","1,16",Silver / Black,10,18
Neo Forza FAYE 32 GB,,"43,600","2,16",Silver / Black,10,18
Neo Forza FAYE 8 GB,,"43,600","1,8",Silver / Black,10,18
Neo Forza FAYE 32 GB,,"44,000","2,16",Black / Silver,9.5,19
Neo Forza FAYE 16 GB,,"44,000","2,8",Black / Silver,9.5,19
Neo Forza FAYE 32 GB,,"44,400","2,16",Black / Silver,8.636,19
TEAMGROUP T-Force Dark Z 32 GB,,"43,200","1,32",Black,10,16
TEAMGROUP T-Force Dark Z 32 GB,,"43,200","1,32",Red,10,16
TEAMGROUP T-Force Dark Z 64 GB,,"43,200","2,32",Red,10,16
TEAMGROUP T-Force Delta RGB 64 GB,,"43,000","2,32",Black,10.667,16
TEAMGROUP T-Create Classic 64 GB,,"42,666","2,32",Silver,14.254,19
Klevv CRAS X RGB 8 GB,,"43,200","1,8",Black,10,16
OLOy Blade RGB 32 GB,,"43,200","2,16",Black,10,16
Silicon Power SU016GXLZU320BDAJ6 16 GB,,"43,200","2,8",Gray,10,16
Silicon Power SU032GBSFU266B22AB 32 GB,,"42,666","2,16",Black,14.254,19
Silicon Power SP016GLSTU160N22IP 16 GB,,"31,600","2,8",Green,13.75,11
Silicon Power SP008GBSFU266B02 8 GB,,"42,666","1,8",Black,14.254,19
Silicon Power SP032GBSFU266F22 32 GB,,"42,800","2,16",Black,13.571,19
OLOy Blade RGB 32 GB,,"43,600","2,16",Silver,8.889,16
Kingston HyperX Predator RGB 16 GB,,"43,600","2,8",Black / Silver,9.444,17
G.Skill Ripjaws S5 32 GB,,"55,200","2,16",Black,15.385,40
G.Skill Trident Z5 32 GB,,"55,600","2,16",Black / Silver,12.857,36
G.Skill Trident Z5 32 GB,,"56,000","2,16",Silver / Black,13.333,40
OLOy Blade 32 GB,,"44,000","2,16",Black,9,18
Acer Predator Apollo RGB 16 GB,,"43,600","2,8",Silver / Black,10,18
Acer Predator Apollo RGB 16 GB,,"43,600","2,8",Silver / Black,7.778,14
Acer Predator Apollo RGB 16 GB,,"44,000","2,8",Silver / Black,8.5,17
Acer Predator Apollo RGB 32 GB,,"43,600","2,16",Silver / Black,10,18
Acer Predator Apollo RGB 64 GB,,"43,200","2,32",Silver / Black,10,16
Acer Predator Talos 16 GB,,"43,000","2,8",White / Black,10.667,16
Acer Predator Talos 8 GB,,"43,000","1,8",White / Black,10.667,16
Acer Predator Talos 8 GB,,"43,200","1,8",White / Black,10,16
Acer Predator Talos 8 GB,,"43,200","1,8",White / Black,8.75,14
Acer Predator Talos 8 GB,,"43,600","1,8",White / Black,10,18
Acer Predator Talos 8 GB,,"43,600","1,8",White / Black,8.889,16
Acer Predator Talos 16 GB,,"42,666","2,8",White / Black,13.503,18
Acer Predator Talos 16 GB,,"43,000","1,16",White / Black,10.667,16
Acer Predator Talos 16 GB,,"43,200","2,8",White / Black,10,16
Acer Predator Talos 16 GB,,"43,200","2,8",White / Black,8.75,14
Acer Predator Talos 16 GB,,"43,600","1,16",White / Black,10,18
Acer Predator Talos 32 GB,,"43,000","2,16",White / Black,10.667,16
Acer Predator Talos 32 GB,,"43,200","1,32",White / Black,10,16
Acer Predator Talos 32 GB,,"43,200","2,16",White / Black,8.75,14
Acer Predator Talos 32 GB,,"43,600","2,16",White / Black,10,18
Acer Predator Talos 32 GB,,"43,600","2,16",White / Black,8.889,16
Acer Predator Talos 64 GB,,"43,200","2,32",White / Black,10,16
G.Skill Trident Z Royal Elite 16 GB,,"43,600","2,8",Gold,7.778,14
G.Skill Trident Z Royal Elite 32 GB,,"43,600","2,16",Gold,8.889,16
G.Skill Trident Z Royal Elite 16 GB,,"44,800","2,8",Gold,7.917,19
G.Skill Trident Z Royal Elite 16 GB,,"44,600","2,8",Silver,8.696,20
G.Skill Trident Z Royal Elite 16 GB,,"44,600","2,8",Gold,8.696,20
G.Skill Trident Z Royal 16 GB,,"44,400","2,8",Silver,8.182,18
G.Skill Trident Z Royal 16 GB,,"44,400","2,8",Gold,7.727,17
G.Skill Trident Z Royal 64 GB,,"43,600","4,16",Gold,7.778,14
G.Skill F4-3600C14Q2-128GTRGA 128 GB,,"43,600","8,16",Gold,7.778,14
G.Skill F4-3600C14Q2-128GTRSA 128 GB,,"43,600","8,16",Silver,7.778,14
G.Skill Trident Z Royal 32 GB,,"44,600","2,16",Gold,8.696,20
G.Skill Trident Z Royal 16 GB,,"44,266","2,8",Gold,8.908,19
G.Skill Trident Z Royal 64 GB,,"44,266","2,32",Gold,8.908,19
G.Skill Trident Z Royal 32 GB,,"44,266","2,16",Silver,8.908,19
G.Skill Trident Z Royal 16 GB,,"44,000","2,8",Silver,8,16
G.Skill Trident Z Royal 16 GB,,"44,800","2,8",Silver,7.083,17
G.Skill Trident Z Royal 16 GB,,"44,800","2,8",Gold,7.917,19
G.Skill Trident Z Royal Elite 128 GB,,"43,600","8,16",Gold,7.778,14
G.Skill Trident Z Royal 256 GB,,"42,666","8,32",Gold,14.254,19
G.Skill Trident Z Royal 256 GB,,"42,666","8,32",Silver,14.254,19
G.Skill Trident Z Royal 64 GB,,"42,666","2,32",Silver,14.254,19
G.Skill Trident Z Royal 16 GB,,"44,600","2,8",Silver,8.261,19
G.Skill Trident Z Royal 32 GB,,"44,266","2,16",Gold,8.908,19
G.Skill Trident Z Royal 64 GB,,"43,600","8,8",Gold,7.778,14
G.Skill Trident Z Neo 128 GB,,"43,600","8,16",Black / White,7.778,14
G.Skill Trident Z Neo 64 GB,,"43,600","8,8",Black / White,7.778,14
Corsair Dominator Platinum RGB 16 GB,,"44,000","2,8",Black,8,16
Corsair Vengeance LPX 16 GB,,"44,000","2,8",Red,9,18
Kingston FURY 32 GB,,"42,666","2,16",Black,12.003,16
Kingston FURY 64 GB,,"42,400","4,16",Black,12.5,15
Kingston FURY 32 GB,,"43,466","2,16",Black,9.81,17
GeIL Orion RGB AMD Edition 32 GB,,"42,666","1,32",Red,14.254,19
GeIL Orion RGB AMD Edition 16 GB,,"42,666","1,16",Red,14.254,19
GeIL Orion RGB AMD Edition 8 GB,,"42,666","1,8",Red,14.254,19
GeIL Orion RGB AMD Edition 8 GB,,"43,000","1,8",Red,10.667,16
GeIL Orion RGB AMD Edition 16 GB,,"43,000","1,16",Red,10.667,16
GeIL Orion RGB AMD Edition 32 GB,,"43,200","1,32",Red,10,16
GeIL Orion RGB AMD Edition 16 GB,,"43,200","1,16",Red,10,16
GeIL Orion RGB AMD Edition 8 GB,,"43,200","1,8",Red,10,16
GeIL Orion RGB AMD Edition 8 GB,,"43,200","1,8",Red,10,16
GeIL Orion RGB AMD Edition 16 GB,,"43,200","1,16",Red,10,16
GeIL Orion RGB AMD Edition 32 GB,,"43,200","1,32",Red,13.75,22
GeIL Orion RGB AMD Edition 16 GB,,"43,200","1,16",Red,13.75,22
GeIL Orion RGB AMD Edition 8 GB,,"43,200","1,8",Red,13.75,22
GeIL Orion RGB AMD Edition 32 GB,,"43,200","1,32",Red,11.25,18
GeIL Orion RGB AMD Edition 16 GB,,"43,200","1,16",Red,11.25,18
GeIL Orion RGB AMD Edition 32 GB,,"43,200","1,32",Red,11.25,18
GeIL Orion RGB AMD Edition 16 GB,,"43,200","1,16",Red,11.25,18
GeIL Orion RGB AMD Edition 32 GB,,"44,000","1,32",Red,9,18
GeIL Orion RGB AMD Edition 16 GB,,"44,066","1,16",Red,8.854,18
GeIL Orion RGB AMD Edition 8 GB,,"44,000","1,8",Red,9,18
GeIL Orion RGB AMD Edition 32 GB,,"43,600","1,32",Red,10,18
GeIL Orion RGB AMD Edition 16 GB,,"43,600","1,16",Red,10,18
GeIL Orion RGB AMD Edition 8 GB,,"43,600","1,8",Red,10,18
GeIL Orion RGB AMD Edition 16 GB,,"43,600","1,16",Red,10,18
GeIL Orion RGB AMD Edition 32 GB,,"42,666","1,32",Gray,14.254,19
GeIL Orion RGB AMD Edition 8 GB,,"42,666","1,8",Gray,14.254,19
GeIL Orion RGB AMD Edition 16 GB,,"43,200","1,16",Gray,10,16
GeIL Orion RGB AMD Edition 8 GB,,"43,200","1,8",Gray,10,16
GeIL Orion RGB AMD Edition 8 GB,,"43,000","1,8",Gray,10.667,16
GeIL Orion RGB AMD Edition 8 GB,,"43,200","1,8",Gray,10,16
GeIL Orion RGB AMD Edition 32 GB,,"43,200","1,32",Gray,10,16
GeIL Orion RGB AMD Edition 8 GB,,"43,200","1,8",Gray,10,16
GeIL Orion RGB AMD Edition 32 GB,,"43,200","1,32",Gray,11.25,18
GeIL Orion RGB AMD Edition 16 GB,,"43,200","1,16",Gray,11.25,18
GeIL Orion RGB AMD Edition 32 GB,,"43,200","1,32",Gray,11.25,18
GeIL Orion RGB AMD Edition 16 GB,,"43,200","1,16",Gray,11.25,18
GeIL Orion RGB AMD Edition 32 GB,,"43,200","1,32",Gray,13.75,22
GeIL Orion RGB AMD Edition 16 GB,,"43,200","1,16",Gray,13.75,22
GeIL Orion RGB AMD Edition 8 GB,,"43,200","1,8",Gray,13.75,22
GeIL Orion RGB AMD Edition 16 GB,,"44,000","1,16",Gray,9,18
GeIL Orion RGB AMD Edition 8 GB,,"44,000","1,8",Gray,9,18
GeIL Orion RGB AMD Edition 32 GB,,"43,600","1,32",Gray,10,18
GeIL Orion RGB AMD Edition 16 GB,,"43,600","1,16",Gray,10,18
GeIL Orion RGB AMD Edition 8 GB,,"43,600","1,8",Gray,10,18
GeIL Orion RGB AMD Edition 16 GB,,"43,600","2,8",Red,10,18
GeIL Orion RGB AMD Edition 32 GB,,"43,200","2,16",Red,11.25,18
GeIL Orion RGB AMD Edition 32 GB,,"43,000","2,16",Red,10.667,16
GeIL Orion RGB AMD Edition 64 GB,,"42,666","2,32",Red,14.254,19
GeIL Orion RGB AMD Edition 32 GB,,"42,666","2,16",Red,14.254,19
GeIL Orion RGB AMD Edition 16 GB,,"42,666","2,8",Red,14.254,19
GeIL Orion RGB AMD Edition 64 GB,,"43,200","2,32",Red,11.25,18
GeIL Orion RGB AMD Edition 32 GB,,"43,200","2,16",Red,11.25,18
GeIL Orion RGB AMD Edition 64 GB,,"43,200","2,32",Red,11.25,18
GeIL Orion RGB AMD Edition 16 GB,,"43,200","2,8",Red,13.75,22
GeIL Orion RGB AMD Edition 64 GB,,"43,200","2,32",Red,13.75,22
GeIL Orion RGB AMD Edition 32 GB,,"43,200","2,16",Red,13.75,22
GeIL Orion RGB AMD Edition 64 GB,,"43,200","2,32",Red,10,16
GeIL Orion RGB AMD Edition 16 GB,,"42,666","2,8",Red,12.003,16
GeIL Orion RGB AMD Edition 32 GB,,"43,200","2,16",Red,10,16
GeIL Orion RGB AMD Edition 16 GB,,"43,200","2,8",Red,10,16
GeIL Orion RGB AMD Edition 16 GB,,"44,000","2,8",Red,8,16
GeIL Orion RGB AMD Edition 64 GB,,"43,600","2,32",Red,10,18
GeIL Orion RGB AMD Edition 32 GB,,"43,600","2,16",Red,10,18
GeIL Orion RGB AMD Edition 16 GB,,"44,400","2,8",Red,8.636,19
GeIL Orion RGB AMD Edition 16 GB,,"44,400","2,8",Red,8.182,18
GeIL Orion RGB AMD Edition 32 GB,,"44,266","2,16",Red,8.439,18
GeIL Orion RGB AMD Edition 16 GB,,"44,266","2,8",Red,8.439,18
GeIL Orion RGB AMD Edition 64 GB,,"44,000","2,32",Red,9,18
GeIL Orion RGB AMD Edition 32 GB,,"44,000","2,16",Red,9,18
GeIL Orion RGB AMD Edition 16 GB,,"44,000","2,8",Red,9,18
GeIL Orion RGB AMD Edition 64 GB,,"42,666","2,32",Gray,14.254,19
GeIL Orion RGB AMD Edition 32 GB,,"42,666","2,16",Gray,14.254,19
GeIL Orion RGB AMD Edition 16 GB,,"42,666","2,8",Gray,14.254,19
GeIL Orion RGB AMD Edition 64 GB,,"43,200","2,32",Gray,11.25,18
GeIL Orion RGB AMD Edition 32 GB,,"43,200","2,16",Gray,11.25,18
GeIL Orion RGB AMD Edition 64 GB,,"43,200","2,32",Gray,11.25,18
GeIL Orion RGB AMD Edition 32 GB,,"43,200","2,16",Gray,11.25,18
GeIL Orion RGB AMD Edition 64 GB,,"43,200","2,32",Gray,10,16
GeIL Orion RGB AMD Edition 16 GB,,"43,200","2,8",Gray,10,16
GeIL Orion RGB AMD Edition 32 GB,,"43,200","2,16",Gray,10,16
GeIL Orion RGB AMD Edition 32 GB,,"43,000","2,16",Gray,10.667,16
GeIL Orion RGB AMD Edition 16 GB,,"43,000","2,8",Gray,10.667,16
GeIL Orion RGB AMD Edition 32 GB,,"43,200","2,16",Gray,13.75,22
GeIL Orion RGB AMD Edition 64 GB,,"44,000","2,32",Gray,9,18
GeIL Orion RGB AMD Edition 32 GB,,"44,000","2,16",Gray,9,18
GeIL Orion RGB AMD Edition 16 GB,,"44,000","2,8",Gray,8,16
GeIL Orion RGB AMD Edition 64 GB,,"43,600","2,32",Gray,10,18
GeIL Orion RGB AMD Edition 32 GB,,"43,600","2,16",Gray,10,18
GeIL Orion RGB AMD Edition 16 GB,,"43,600","2,8",Gray,10,18
GeIL Orion RGB AMD Edition 16 GB,,"44,400","2,8",Gray,8.636,19
GeIL Orion RGB AMD Edition 16 GB,,"44,400","2,8",Gray,8.182,18
GeIL Orion RGB AMD Edition 32 GB,,"44,266","2,16",Gray,8.439,18
GeIL Orion RGB AMD Edition 16 GB,,"44,266","2,8",Gray,8.439,18
GeIL Orion RGB AMD Edition 32 GB,,"42,666","4,8",Red,14.254,19
GeIL Orion RGB AMD Edition 64 GB,,"42,666","4,16",Red,14.254,19
GeIL Orion RGB AMD Edition 128 GB,,"42,666","4,32",Red,14.254,19
GeIL Orion RGB AMD Edition 32 GB,,"43,000","4,8",Red,10.667,16
GeIL Orion RGB AMD Edition 64 GB,,"43,000","4,16",Red,10.667,16
GeIL Orion RGB AMD Edition 32 GB,,"43,200","4,8",Red,10,16
GeIL Orion RGB AMD Edition 64 GB,,"43,200","4,16",Red,10,16
GeIL Orion RGB AMD Edition 32 GB,,"43,200","4,8",Red,10,16
GeIL Orion RGB AMD Edition 64 GB,,"43,200","4,16",Red,10,16
GeIL Orion RGB AMD Edition 128 GB,,"43,200","4,32",Red,10,16
GeIL Orion RGB AMD Edition 64 GB,,"43,200","4,16",Red,11.25,18
GeIL Orion RGB AMD Edition 128 GB,,"43,200","4,32",Red,11.25,18
GeIL Orion RGB AMD Edition 64 GB,,"43,200","4,16",Red,11.25,18
GeIL Orion RGB AMD Edition 128 GB,,"43,200","4,32",Red,11.25,18
GeIL Orion RGB AMD Edition 32 GB,,"43,200","4,8",Red,13.75,22
GeIL Orion RGB AMD Edition 64 GB,,"43,200","4,16",Red,13.75,22
GeIL Orion RGB AMD Edition 128 GB,,"43,200","4,32",Red,13.75,22
GeIL Orion RGB AMD Edition 32 GB,,"43,600","4,8",Red,10,18
GeIL Orion RGB AMD Edition 64 GB,,"43,600","4,16",Red,10,18
GeIL Orion RGB AMD Edition 128 GB,,"43,600","4,32",Red,10,18
GeIL Orion RGB AMD Edition 32 GB,,"44,000","4,8",Red,9,18
GeIL Orion RGB AMD Edition 32 GB,,"44,000","4,8",Gray,9,18
GeIL Orion RGB AMD Edition 128 GB,,"43,600","4,32",Gray,10,18
GeIL Orion RGB AMD Edition 64 GB,,"43,600","4,16",Gray,10,18
GeIL Orion RGB AMD Edition 32 GB,,"43,600","4,8",Gray,10,18
GeIL Orion RGB AMD Edition 128 GB,,"43,200","4,32",Gray,13.75,22
GeIL Orion RGB AMD Edition 64 GB,,"43,200","4,16",Gray,13.75,22
GeIL Orion RGB AMD Edition 32 GB,,"43,200","4,8",Gray,13.75,22
GeIL Orion RGB AMD Edition 128 GB,,"43,200","4,32",Gray,11.25,18
GeIL Orion RGB AMD Edition 64 GB,,"43,200","4,16",Gray,11.25,18
GeIL Orion RGB AMD Edition 128 GB,,"43,200","4,32",Gray,11.25,18
GeIL Orion RGB AMD Edition 64 GB,,"43,200","4,16",Gray,11.25,18
GeIL Orion RGB AMD Edition 128 GB,,"43,200","4,32",Gray,10,16
GeIL Orion RGB AMD Edition 64 GB,,"43,200","4,16",Gray,10,16
GeIL Orion RGB AMD Edition 32 GB,,"43,200","4,8",Gray,10,16
GeIL Orion RGB AMD Edition 64 GB,,"43,200","4,16",Gray,10,16
GeIL Orion RGB AMD Edition 32 GB,,"43,200","4,8",Gray,10,16
GeIL Orion RGB AMD Edition 64 GB,,"43,000","4,16",Gray,10.667,16
GeIL Orion RGB AMD Edition 32 GB,,"43,000","4,8",Gray,10.667,16
GeIL Orion RGB AMD Edition 128 GB,,"42,666","4,32",Gray,14.254,19
GeIL Orion RGB AMD Edition 64 GB,,"42,666","4,16",Gray,14.254,19
GeIL Orion RGB AMD Edition 32 GB,,"42,666","4,8",Gray,14.254,19
GeIL Orion AMD Edition 16 GB,,"42,666","2,8",Red,14.254,19
GeIL Orion AMD Edition 64 GB,,"42,666","2,32",Red,14.254,19
GeIL Orion AMD Edition 32 GB,,"42,666","2,16",Red,14.254,19
GeIL Orion AMD Edition 16 GB,,"43,000","2,8",Red,10.667,16
GeIL Orion AMD Edition 64 GB,,"43,200","2,32",Red,10,16
GeIL Orion AMD Edition 32 GB,,"43,200","2,16",Red,10,16
GeIL Orion AMD Edition 16 GB,,"43,200","2,8",Red,10,16
GeIL Orion AMD Edition 64 GB,,"43,200","2,32",Red,13.75,22
GeIL Orion AMD Edition 32 GB,,"43,200","2,16",Red,13.75,22
GeIL Orion AMD Edition 16 GB,,"43,200","2,8",Red,13.75,22
GeIL Orion AMD Edition 32 GB,,"43,600","2,16",Red,10,18
GeIL Orion AMD Edition 64 GB,,"43,600","2,32",Red,10,18
GeIL Orion AMD Edition 32 GB,,"43,600","2,16",Red,10,18
GeIL Orion AMD Edition 16 GB,,"44,000","2,8",Red,8,16
GeIL Orion AMD Edition 64 GB,,"44,000","2,32",Red,9,18
GeIL Orion AMD Edition 32 GB,,"44,000","2,16",Red,9,18
GeIL Orion AMD Edition 16 GB,,"44,000","2,8",Red,9,18
GeIL Orion AMD Edition 16 GB,,"44,400","2,8",Red,8.182,18
GeIL Orion AMD Edition 32 GB,,"44,266","2,16",Red,8.439,18
GeIL Orion AMD Edition 16 GB,,"44,266","2,8",Red,8.439,18
GeIL Orion AMD Edition 64 GB,,"42,666","2,32",Gray,14.254,19
GeIL Orion AMD Edition 32 GB,,"42,666","2,16",Gray,14.254,19
GeIL Orion AMD Edition 16 GB,,"42,666","2,8",Gray,14.254,19
GeIL Orion AMD Edition 32 GB,,"43,000","2,16",Gray,10.667,16
GeIL Orion AMD Edition 64 GB,,"43,200","2,32",Gray,10,16
GeIL Orion AMD Edition 32 GB,,"43,200","2,16",Gray,10,16
GeIL Orion AMD Edition 64 GB,,"43,200","2,32",Gray,13.75,22
GeIL Orion AMD Edition 32 GB,,"43,200","2,16",Gray,13.75,22
GeIL Orion AMD Edition 16 GB,,"43,200","2,8",Gray,13.75,22
GeIL Orion AMD Edition 32 GB,,"43,600","2,16",Gray,10,18
GeIL Orion AMD Edition 64 GB,,"43,600","2,32",Gray,10,18
GeIL Orion AMD Edition 16 GB,,"44,000","2,8",Gray,8,16
GeIL Orion AMD Edition 16 GB,,"44,000","2,8",Gray,9,18
GeIL Orion AMD Edition 32 GB,,"44,000","2,16",Gray,9,18
GeIL Orion AMD Edition 64 GB,,"44,000","2,32",Gray,9,18
GeIL Orion AMD Edition 16 GB,,"44,266","2,8",Gray,8.439,18
GeIL EVO Potenza AMD Edition 8 GB,,"42,133","2,4",Black,14.065,15
GeIL EVO Potenza AMD Edition 32 GB,,"42,133","2,16",Black,14.065,15
GeIL EVO Potenza AMD Edition 32 GB,,"42,400","2,16",Black,13.333,16
GeIL EVO Potenza AMD Edition 32 GB,,"42,666","2,16",Black,12.003,16
GeIL EVO Potenza AMD Edition 32 GB,,"42,666","2,16",Black,14.254,19
GeIL EVO Potenza AMD Edition 8 GB,,"42,666","2,4",Black,14.254,19
GeIL EVO Potenza AMD Edition 16 GB,,"43,000","2,8",Black,9.333,14
GeIL EVO Potenza AMD Edition 8 GB,,"43,000","2,4",Black,9.333,14
GeIL EVO Potenza AMD Edition 8 GB,,"43,000","2,4",Black,10.667,16
GeIL EVO Potenza AMD Edition 64 GB,,"43,200","2,32",Black,11.25,18
GeIL EVO Potenza AMD Edition 16 GB,,"43,600","2,8",Black,7.778,14
GeIL EVO Potenza AMD Edition 8 GB,,"43,600","2,4",Black,8.889,16
GeIL EVO Potenza AMD Edition 16 GB,,"43,600","2,8",Black,8.889,16
GeIL EVO Potenza AMD Edition 32 GB,,"43,600","2,16",Black,10,18
GeIL EVO Potenza AMD Edition 8 GB,,"43,600","2,4",Black,10,18
GeIL EVO Potenza AMD Edition 16 GB,,"43,600","2,8",Black,10,18
GeIL EVO Potenza AMD Edition 32 GB,,"43,600","2,16",Black,10,18
GeIL EVO Potenza AMD Edition 64 GB,,"43,600","2,32",Black,10,18
GeIL EVO Potenza AMD Edition 8 GB,,"44,000","2,4",Black,9,18
GeIL EVO Potenza AMD Edition 16 GB,,"44,000","2,8",Black,9,18
GeIL EVO Potenza AMD Edition 8 GB,,"42,400","2,4",Red,13.333,16
GeIL EVO Potenza AMD Edition 16 GB,,"42,133","2,8",Red,14.065,15
GeIL EVO Potenza AMD Edition 8 GB,,"42,133","2,4",Red,14.065,15
GeIL EVO Potenza AMD Edition 32 GB,,"42,400","2,16",Red,13.333,16
GeIL EVO Potenza AMD Edition 16 GB,,"42,400","2,8",Red,14.167,17
GeIL EVO Potenza AMD Edition 8 GB,,"42,400","2,4",Red,14.167,17
GeIL EVO Potenza AMD Edition 32 GB,,"42,666","2,16",Red,12.003,16
GeIL EVO Potenza AMD Edition 16 GB,,"42,666","2,8",Red,12.003,16
GeIL EVO Potenza AMD Edition 8 GB,,"42,666","2,4",Red,12.003,16
GeIL EVO Potenza AMD Edition 8 GB,,"43,000","2,4",Red,10.667,16
GeIL EVO Potenza AMD Edition 32 GB,,"43,200","2,16",Red,10,16
GeIL EVO Potenza AMD Edition 8 GB,,"43,200","2,4",Red,10,16
GeIL EVO Potenza AMD Edition 32 GB,,"42,666","2,16",Red,14.254,19
GeIL EVO Potenza AMD Edition 16 GB,,"42,666","2,8",Red,14.254,19
GeIL EVO Potenza AMD Edition 8 GB,,"42,666","2,4",Red,14.254,19
GeIL EVO Potenza AMD Edition 16 GB,,"43,000","2,8",Red,9.333,14
GeIL EVO Potenza AMD Edition 8 GB,,"43,000","2,4",Red,9.333,14
GeIL EVO Potenza AMD Edition 16 GB,,"43,600","2,8",Red,7.778,14
GeIL EVO Potenza AMD Edition 8 GB,,"43,600","2,4",Red,7.778,14
GeIL EVO Potenza AMD Edition 64 GB,,"43,200","2,32",Red,11.25,18
GeIL EVO Potenza AMD Edition 32 GB,,"43,200","2,16",Red,10,16
GeIL EVO Potenza AMD Edition 16 GB,,"43,600","2,8",Red,8.889,16
GeIL EVO Potenza AMD Edition 8 GB,,"43,600","2,4",Red,8.889,16
GeIL EVO Potenza AMD Edition 32 GB,,"43,600","2,16",Red,10,18
GeIL EVO Potenza AMD Edition 8 GB,,"43,600","2,4",Red,10,18
GeIL EVO Potenza AMD Edition 32 GB,,"43,600","2,16",Red,10,18
GeIL EVO Potenza AMD Edition 64 GB,,"43,600","2,32",Red,10,18
GeIL EVO Potenza AMD Edition 8 GB,,"44,000","2,4",Red,9,18
GeIL EVO Potenza AMD Edition 16 GB,,"44,000","2,8",Red,9,18
GeIL Polaris RGB 8 GB,,"54,800","1,8",Red,16.667,40
GeIL Polaris RGB 16 GB,,"54,800","1,16",Red,16.667,40
GeIL Polaris RGB 32 GB,,"54,800","1,32",Red,16.667,40
GeIL Polaris RGB 32 GB,,"54,800","1,32",Gray,16.667,40
GeIL Polaris RGB 16 GB,,"54,800","1,16",Gray,16.667,40
GeIL Polaris RGB 8 GB,,"54,800","1,8",Gray,16.667,40
GeIL Polaris RGB 32 GB,,"54,800","1,32",White,16.667,40
GeIL Polaris RGB 16 GB,,"54,800","1,16",White,16.667,40
GeIL Polaris RGB 8 GB,,"54,800","1,8",White,16.667,40
GeIL Polaris RGB 16 GB,,"54,800","2,8",Red,16.667,40
GeIL Polaris RGB 64 GB,,"54,800","2,32",Red,16.667,40
GeIL Polaris RGB 16 GB,,"54,800","2,8",Gray,16.667,40
GeIL Polaris RGB 64 GB,,"54,800","2,32",Gray,16.667,40
GeIL Polaris RGB 16 GB,,"55,200","1,16",Gray,13.077,34
GeIL Polaris RGB 16 GB,,"55,200","1,16",White,13.077,34
GeIL Polaris RGB 32 GB,,"55,200","2,16",White,13.077,34
GeIL Polaris RGB 16 GB,,"55,600","1,16",Gray,13.571,38
GeIL Polaris RGB 32 GB,,"55,600","2,16",Red,13.571,38
Kingston Fury Renegade RGB 64 GB,,"43,200","4,16",Black / Silver,10,16
Addlink Spider 4 16 GB,,"43,200","1,16",Black,10,16
Addlink Spider 4 8 GB,,"43,600","1,8",Black,10,18
Addlink Spider 4 16 GB,,"43,600","1,16",Black,10,18
Addlink Spider 4 16 GB,,"43,600","2,8",Black,10,18
Addlink Spider 4 32 GB,,"43,600","2,16",Black,10,18
Addlink Spider X4 8 GB,,"43,200","1,8",Black,10,16
Addlink Spider X4 16 GB,,"43,200","1,16",Black,10,16
Addlink Spider X4 8 GB,,"43,600","1,8",Black,10,18
Addlink Spider X4 16 GB,,"43,600","1,16",Black,10,18
Addlink Spider X4 16 GB,,"43,600","2,8",Black,10,18
Addlink Spider N4 8 GB,,"43,200","1,8",Green / Black,13.75,22
Addlink Spider N4 16 GB,,"43,200","1,16",Green / Black,13.75,22
Addlink Spider N4 32 GB,,"43,200","1,32",Green / Black,13.75,22
Addlink Spider N4 16 GB,,"43,200","2,8",Green / Black,13.75,22
Addlink Spider N4 32 GB,,"43,200","2,16",Green / Black,13.75,22
Addlink Spider N4 64 GB,,"43,200","2,32",Green / Black,13.75,22
TEAMGROUP T-Force Vulcan Z 32 GB,,"42,666","1,32",Red,13.503,18
TEAMGROUP T-Force Vulcan Z 32 GB,,"43,000","1,32",Red,10.667,16
TEAMGROUP T-Force Vulcan Z 16 GB,,"43,000","1,16",Red,10.667,16
TEAMGROUP T-Force Vulcan Z 8 GB,,"43,600","1,8",Red,11.111,20
TEAMGROUP T-Force Vulcan Z 32 GB,,"42,666","1,32",Gray,13.503,18
TEAMGROUP T-Force Vulcan Z 32 GB,,"43,000","1,32",Gray,10.667,16
TEAMGROUP T-Force Vulcan Z 64 GB,,"42,666","2,32",Red,13.503,18
TEAMGROUP T-Force Vulcan Z 64 GB,,"43,000","2,32",Red,10.667,16
TEAMGROUP T-Force Vulcan Z 64 GB,,"43,200","2,32",Red,10,16
TEAMGROUP T-Force Vulcan Z 64 GB,,"43,000","2,32",Gray,10.667,16
TEAMGROUP T-Force Vulcan Z 32 GB,,"43,000","2,16",Gray,10.667,16
TEAMGROUP T-Force Vulcan Z 16 GB,,"43,600","2,8",Red,11.111,20
TEAMGROUP T-Force Delta RGB 8 GB,,"42,666","1,8",Black,12.003,16
TEAMGROUP T-Force Delta RGB 16 GB,,"42,666","1,16",Black,12.003,16
TEAMGROUP T-Force Delta RGB 8 GB,,"42,666","1,8",White,12.003,16
TEAMGROUP T-Force Delta RGB 16 GB,,"42,666","1,16",White,12.003,16
TEAMGROUP T-Force Delta RGB 16 GB,,"42,666","2,8",Black,12.003,16
TEAMGROUP T-Force Delta RGB 32 GB,,"42,666","2,16",Black,12.003,16
TEAMGROUP T-Force Delta RGB 32 GB,,"42,666","1,32",Black,13.503,18
TEAMGROUP T-Force Delta RGB 64 GB,,"42,666","2,32",Black,13.503,18
TEAMGROUP T-Force Delta RGB 64 GB,,"42,666","2,32",White,13.503,18
TEAMGROUP T-Force Delta RGB 32 GB,,"42,666","1,32",White,13.503,18
TEAMGROUP T-Force Delta RGB 32 GB,,"43,000","1,32",Black,10.667,16
TEAMGROUP T-Force Delta RGB 16 GB,,"43,000","1,16",Black,10.667,16
TEAMGROUP T-Force Delta RGB 8 GB,,"43,000","1,8",White,10.667,16
TEAMGROUP T-Force Delta RGB 32 GB,,"43,200","1,32",White,10,16
TEAMGROUP T-Force Delta RGB 32 GB,,"43,000","1,32",White,10.667,16
TEAMGROUP T-Force Delta RGB 16 GB,,"43,000","1,16",White,10.667,16
TEAMGROUP T-Force Delta RGB 32 GB,,"43,200","1,32",White,10,16
TEAMGROUP T-Force Delta RGB 64 GB,,"43,200","2,32",White,10,16
Kingston FURY Renegade 8 GB,,"42,666","1,8",Black,9.752,13
G.Skill Trident Z5 RGB 64 GB,,"55,600","2,32",White / Black,10.714,30
G.Skill Trident Z5 RGB 32 GB,,"55,200","2,16",White / Black,13.846,36
G.Skill Trident Z5 RGB 32 GB,,"55,600","2,16",Black,12.857,36
G.Skill Trident Z5 RGB 32 GB,,"55,600","2,16",White / Black,14.286,40
G.Skill Trident Z5 RGB 32 GB,,"55,600","2,16",White / Black,14.286,40
G.Skill Trident Z5 RGB 32 GB,,"55,600","2,16",Black,14.286,40
G.Skill Trident Z5 RGB 32 GB,,"56,000","2,16",Black,13.333,40
Kingston Server Premier 16 GB,59.11,"42,666","1,16",,14.254,19
Kingston Server Premier 16 GB,64.77,"42,666","1,16",,14.254,19
Kingston Server Premier 8 GB,,"42,933","1,8",,14.32,21
Kingston Server Premier 16 GB,,"42,933","1,16",,14.32,21
Kingston Server Premier 16 GB,,"42,933","1,16",,14.32,21
Kingston Server Premier 32 GB,,"42,666","1,32",,14.254,19
Kingston Server Premier 32 GB,111.08,"42,666","1,32",,14.254,19
Kingston Server Premier 32 GB,,"42,666","1,32",,14.254,19
Kingston Server Premier 32 GB,,"42,666","1,32",,14.254,19
Kingston Server Premier 32 GB,113.05,"42,666","1,32",,14.254,19
Kingston Server Premier 16 GB,,"42,666","1,16",,14.254,19
Kingston Server Premier 16 GB,,"42,666","1,16",,14.254,19
Kingston Server Premier 16 GB,63.63,"42,666","1,16",,14.254,19
Kingston Server Premier 16 GB,59.12,"42,666","1,16",,14.254,19
Kingston Server Premier 16 GB,65.11,"42,666","1,16",,14.254,19
Kingston Server Premier 16 GB,,"42,933","1,16",,14.32,21
Kingston Server Premier 16 GB,65.23,"43,200","1,16",,13.75,22
Kingston Server Premier 16 GB,68.01,"43,200","1,16",,13.75,22
Kingston Server Premier 32 GB,,"43,200","1,32",,13.75,22
Kingston ValueRAM 16 GB,46.38,"42,666","1,16",,14.254,19
G.Skill Ripjaws S5 32 GB,,"55,200","2,16",White,13.846,36
G.Skill Ripjaws S5 32 GB,,"55,200","2,16",Black,13.846,36
G.Skill Ripjaws S5 32 GB,,"55,200","2,16",Black,15.385,40
G.Skill Ripjaws S5 32 GB,,"55,600","2,16",White,10,28
G.Skill Ripjaws S5 32 GB,,"55,600","2,16",Black,12.857,36
G.Skill Ripjaws S5 32 GB,,"55,600","2,16",White,12.857,36
G.Skill Ripjaws S5 32 GB,,"55,600","2,16",White,12.857,36
G.Skill Ripjaws S5 32 GB,,"55,600","2,16",White,14.286,40
G.Skill Ripjaws S5 32 GB,,"55,600","2,16",Black,14.286,40
G.Skill Ripjaws S5 32 GB,,"55,600","2,16",White,14.286,40
G.Skill Ripjaws S5 32 GB,,"55,600","2,16",White,14.286,40
ADATA XPG GAMMIX D20 8 GB,,"43,200","1,8",Black / Silver,10,16
ADATA XPG GAMMIX D20 16 GB,,"43,200","1,16",Black / Silver,10,16
ADATA XPG GAMMIX D20 32 GB,,"43,200","1,32",Black / Silver,10,16
ADATA XPG GAMMIX D20 8 GB,,"43,600","1,8",Black / Silver,10,18
ADATA XPG GAMMIX D20 16 GB,,"43,600","1,16",Black / Silver,10,18
ADATA XPG GAMMIX D20 8 GB,,"44,133","1,8",Black / Silver,9.194,19
ADATA XPG GAMMIX D20 16 GB,,"43,200","2,8",Black / Silver,10,16
ADATA XPG GAMMIX D20 32 GB,,"43,600","2,16",Black / Silver,10,18
ADATA XPG GAMMIX D20 32 GB,,"43,600","2,16",Black / Silver,10,18
ADATA XPG GAMMIX D20 8 GB,,"43,200","1,8",Gray / Silver,10,16
ADATA XPG GAMMIX D20 8 GB,,"43,200","1,8",Gray / Silver,10,16
ADATA XPG GAMMIX D20 8 GB,,"43,200","1,8",Gray / Silver,10,16
ADATA XPG GAMMIX D20 16 GB,,"43,200","1,16",Gray / Silver,10,16
ADATA XPG GAMMIX D20 32 GB,,"43,200","1,32",Gray / Silver,10,16
ADATA XPG GAMMIX D20 8 GB,,"43,600","1,8",Gray / Silver,10,18
ADATA XPG GAMMIX D20 16 GB,,"43,600","1,16",Gray / Silver,10,18
ADATA XPG GAMMIX D20 16 GB,,"43,600","1,16",Gray / Silver,10,18
ADATA XPG GAMMIX D20 16 GB,,"43,600","1,16",Gray / Silver,10,18
ADATA XPG GAMMIX D20 8 GB,,"44,133","1,8",Gray / Silver,9.194,19
ADATA XPG GAMMIX D20 16 GB,,"43,200","2,8",Gray / Silver,10,16
ADATA XPG GAMMIX D20 32 GB,,"43,200","2,16",Gray / Silver,10,16
ADATA XPG GAMMIX D20 32 GB,,"43,200","2,16",Gray / Silver,10,16
ADATA XPG GAMMIX D20 16 GB,,"43,600","2,8",Gray / Silver,10,18
ADATA XPG GAMMIX D20 32 GB,,"43,600","2,16",Gray / Silver,10,18
ADATA XPG GAMMIX D20 32 GB,,"43,600","2,16",Gray / Silver,10,18
ADATA XPG GAMMIX D20 32 GB,,"43,600","2,16",Gray / Silver,10,18
ADATA XPG GAMMIX D20 16 GB,,"44,133","2,8",Gray / Silver,9.194,19
V-Color XSky RGB 32 GB,,"56,000","2,16",Gold,12,36
V-Color XSky RGB 32 GB,,"56,400","2,16",White,10,32
V-Color XSky RGB 32 GB,,"56,400","2,16",Black,10,32
ADATA XPG Z1 16 GB,,"43,200","2,8",Silver,11.25,18
TEAMGROUP T-Force Xtreem ARGB 16 GB,,"44,533","2,8",Black,7.942,18
TEAMGROUP T-Force Xtreem ARGB 64 GB,,"43,200","8,8",Black,10,16
TEAMGROUP T-Force Xtreem ARGB 128 GB,,"43,600","8,16",Black,10,18
Lexar Hades RGB 8 GB,,"43,200","1,8",Black,11.25,18
Lexar Hades RGB 32 GB,,"43,200","2,16",Black,11.25,18
Lexar Hades OC 32 GB,,"43,200","2,16",Gray / Black,11.25,18
Lexar Hades OC 32 GB,,"43,200","2,16",Gray / Black,11.25,18
Lexar Hades OC 8 GB,,"43,600","1,8",Gray / Black,10,18
TEAMGROUP T-Force Vulcan 32 GB,,"55,600","2,16",Red,14.286,40
VisionTek 901512 16 GB,,"54,800","1,16",,16.667,40
V-Color Prism Pro 32 GB,,"43,600","2,16",Silver,10,18
V-Color Prism Pro 32 GB,,"43,200","2,16",Black,10,16
V-Color Prism Pro 32 GB,,"43,200","2,16",Silver,10,16
TEAMGROUP T-Force Delta RGB 8 GB,,"44,000","1,8",Black,10,20
TEAMGROUP T-Force Delta RGB 8 GB,,"44,000","1,8",White,10,20
TEAMGROUP T-Force Delta RGB 16 GB,,"44,000","2,8",White,8,16
TEAMGROUP T-Force Dark Z 16 GB,,"42,666","2,8",Red,12.003,16
TEAMGROUP T-Force Dark Z 32 GB,,"42,666","2,16",Red,12.003,16
TEAMGROUP T-Force Dark Z 32 GB,,"42,666","2,16",Gray,12.003,16
TEAMGROUP T-Force Dark Z 16 GB,,"42,666","2,8",Gray,12.003,16
TEAMGROUP T-Force Dark Z 64 GB,,"43,000","2,32",Red,10.667,16
TEAMGROUP T-Force Dark Z 64 GB,,"43,200","2,32",Gray,10,16
TEAMGROUP T-Force Dark Z 64 GB,,"43,600","2,32",Gray,8.889,16
TEAMGROUP T-Force Dark Z 16 GB,,"43,200","2,8",Red,10,16
TEAMGROUP T-Force Dark Z 64 GB,,"43,200","2,32",Red,10,16
TEAMGROUP T-Force Dark Z 64 GB,,"42,666","2,32",Gray,13.503,18
TEAMGROUP Elite 4 GB,,"42,133","1,4",Black,14.065,15
TEAMGROUP Elite 16 GB,,"42,133","1,16",Black,14.065,15
TEAMGROUP Elite 32 GB,,"42,133","4,8",Black,14.065,15
TEAMGROUP Elite 16 GB,,"42,133","4,4",Black,14.065,15
TEAMGROUP Elite 32 GB,,"42,133","2,16",Black,14.065,15
TEAMGROUP Elite 16 GB,,"42,133","2,8",Black,14.065,15
TEAMGROUP Elite 8 GB,,"42,133","2,4",Black,14.065,15
TEAMGROUP Elite 32 GB,,"42,400","1,32",Black,13.333,16
TEAMGROUP Elite 16 GB,,"42,400","1,16",Black,13.333,16
TEAMGROUP Elite 32 GB,,"42,400","4,8",Black,13.333,16
TEAMGROUP Elite 16 GB,,"42,400","4,4",Black,13.333,16
TEAMGROUP Elite 4 GB,,"42,666","1,4",Black,14.254,19
TEAMGROUP Elite 32 GB,,"42,666","4,8",Black,14.254,19
TEAMGROUP Elite 16 GB,,"42,666","4,4",Black,14.254,19
TEAMGROUP Elite 64 GB,,"42,666","2,32",Black,14.254,19
TEAMGROUP Elite 16 GB,,"42,666","2,8",Black,14.254,19
TEAMGROUP Elite 8 GB,,"42,666","2,4",Black,14.254,19
TEAMGROUP Elite 4 GB,,"43,200","1,4",Black,13.75,22
TEAMGROUP Elite 8 GB,,"43,200","2,4",Black,13.75,22
TEAMGROUP T-Force Xtreem ARGB 16 GB,,"44,533","2,8",White,7.942,18
TEAMGROUP T-Force Xtreem ARGB 16 GB,,"45,066","2,8",White,7.896,20
TEAMGROUP T-Force Xtreem 16 GB,,"45,066","2,8",Black / White,7.896,20
TEAMGROUP T-Force Delta TUF Gaming Alliance RGB 8 GB,,"42,400","1,8",Black / Gold,13.333,16
TEAMGROUP T-Force Delta TUF Gaming Alliance RGB 16 GB,,"42,400","1,16",Black / Gold,13.333,16
TEAMGROUP T-Force Delta TUF Gaming Alliance RGB 16 GB,,"42,400","2,8",Black / Gold,13.333,16
TEAMGROUP T-Force Delta TUF Gaming Alliance RGB 32 GB,,"42,400","2,16",Black / Gold,13.333,16
TEAMGROUP T-Force Delta TUF Gaming Alliance RGB 32 GB,,"42,666","2,16",Black / Gold,13.503,18
TEAMGROUP T-Force Delta TUF Gaming Alliance RGB 16 GB,,"42,666","2,8",Black / Gold,13.503,18
TEAMGROUP T-Force Delta TUF Gaming Alliance RGB 8 GB,,"42,666","1,8",Black / Gold,13.503,18
TEAMGROUP T-Force Delta TUF Gaming Alliance RGB 16 GB,,"42,666","1,16",Black / Gold,13.503,18
TEAMGROUP T-Force Delta TUF Gaming Alliance RGB 16 GB,,"42,933","1,16",Black / Gold,10.91,16
TEAMGROUP T-Force Delta TUF Gaming Alliance RGB 8 GB,,"42,933","1,8",Black / Gold,10.91,16
TEAMGROUP T-Force Delta TUF Gaming Alliance RGB 32 GB,,"42,933","2,16",Black / Gold,10.91,16
TEAMGROUP T-Force Delta TUF Gaming Alliance RGB 8 GB,,"43,200","1,8",Black / Gold,10,16
TEAMGROUP T-Force Delta TUF Gaming Alliance RGB 16 GB,,"43,200","1,16",Black / Gold,10,16
TEAMGROUP T-Force Delta TUF Gaming Alliance RGB 16 GB,,"43,200","1,16",Black / Gold,10,16
TEAMGROUP T-Force Delta TUF Gaming Alliance RGB 32 GB,,"43,200","1,32",Black / Gold,10,16
TEAMGROUP T-Force Vulcan TUF Gaming Alliance 32 GB,,"42,400","2,16",Black / Gold,12.5,15
TEAMGROUP T-Force Vulcan TUF Gaming Alliance 16 GB,,"42,666","2,8",Black / Gold,13.503,18
TEAMGROUP T-Force Vulcan TUF Gaming Alliance 32 GB,,"42,666","2,16",Black / Gold,13.503,18
ADATA XPG GAMMIX D45 64 GB,,"43,200","2,32",White,10,16
ADATA XPG GAMMIX D45 16 GB,,"43,600","1,16",White,10,18
ADATA XPG GAMMIX D45 8 GB,,"43,600","1,8",White,10,18
ADATA XPG GAMMIX D45 32 GB,,"43,200","1,32",White,10,16
ADATA XPG GAMMIX D45 32 GB,,"43,200","2,16",Black,10,16
ADATA XPG SPECTRIX D50 16 GB,,"44,133","1,16",Black,9.194,19
ADATA XPG SPECTRIX D50 8 GB,,"43,000","1,8",White,10.667,16
V-Color XSky RGB 32 GB,,"56,200","2,16",White,11.613,36
V-Color XSky RGB 32 GB,,"56,200","2,16",Silver,11.613,36
Mushkin Redline Lumina 64 GB,,"42,666","2,32",White,12.003,16
Mushkin Redline Lumina 16 GB,,"42,666","2,8",White,12.003,16
Mushkin Redline Lumina 32 GB,,"42,800","2,16",White,12.143,17
Mushkin Redline Lumina 64 GB,,"42,800","2,32",White,12.143,17
Mushkin Redline Lumina 16 GB,,"42,800","2,8",White,12.143,17
Mushkin Redline Lumina 32 GB,,"43,000","2,16",White,10.667,16
Mushkin Redline Lumina 64 GB,,"43,000","2,32",White,10.667,16
Mushkin Redline Lumina 16 GB,,"43,000","2,8",White,10.667,16
Mushkin Redline Lumina 32 GB,,"43,200","2,16",White,10,16
Mushkin Redline Lumina 32 GB,,"42,800","2,16",Black,12.143,17
Mushkin Redline Lumina 64 GB,,"42,800","2,32",Black,12.143,17
Mushkin Redline Lumina 32 GB,,"43,000","2,16",Black,10.667,16
Mushkin Redline Lumina 64 GB,,"43,000","2,32",Black,10.667,16
Mushkin Redline Lumina 16 GB,,"43,000","2,8",Black,10.667,16
Mushkin Redline 32 GB,,"42,400","2,16",White,12.5,15
Mushkin Redline 16 GB,,"42,400","2,8",White,12.5,15
Mushkin Redline 32 GB,,"42,666","2,16",White,12.003,16
Mushkin Redline 64 GB,,"42,666","2,32",White,12.003,16
Mushkin Redline 16 GB,,"42,666","2,8",White,12.003,16
Mushkin Redline 32 GB,,"42,800","2,16",White,12.143,17
Mushkin Redline 64 GB,,"42,800","2,32",White,12.143,17
Mushkin Redline 16 GB,,"42,800","2,8",White,12.143,17
Mushkin Redline 32 GB,,"43,000","2,16",White,10.667,16
Mushkin Redline 64 GB,,"43,000","2,32",White,10.667,16
Mushkin Redline 16 GB,,"43,000","2,8",White,10.667,16
Mushkin Redline 64 GB,,"43,600","2,32",White,10,18
Mushkin Redline 16 GB,,"43,600","2,8",Black,10,18
Mushkin Redline 32 GB,,"43,600","2,16",Black,10,18
Mushkin Redline 16 GB,,"43,600","2,8",Black,8.889,16
Mushkin Redline 16 GB,,"43,200","2,8",Black,8.75,14
Mushkin Redline 16 GB,,"43,000","2,8",Black,10.667,16
Mushkin Redline 64 GB,,"43,000","2,32",Black,10.667,16
Mushkin Redline 32 GB,,"43,000","2,16",Black,10.667,16
Mushkin Redline 16 GB,82.63,"42,800","2,8",Black,12.143,17
Mushkin Redline 64 GB,,"42,800","2,32",Black,12.143,17
Mushkin Redline 32 GB,,"42,666","2,16",Black,12.003,16
Mushkin Redline 16 GB,,"42,400","2,8",Black,12.5,15
Mushkin Redline 64 GB,,"42,400","2,32",Black,12.5,15
Mushkin Redline 32 GB,,"42,400","2,16",Black,12.5,15
Mushkin Redline 16 GB,,"32,400","2,8",Black,9.167,11
Mushkin Redline 8 GB,,"32,400","2,4",Black,9.167,11
Mushkin Redline 8 GB,,"32,133","2,4",Black,9.376,10
Mushkin Redline 16 GB,,"32,133","2,8",Black,9.376,10
Mushkin Redline 8 GB,,"31,600","2,4",Black,11.25,9
Mushkin Redline 64 GB,,"43,600","2,32",Black,8.889,16
Mushkin Redline Lumina 32 GB,,"43,600","2,16",Black,8.889,16
Mushkin Redline 64 GB,,"42,666","2,32",,14.254,19
Mushkin Redline 16 GB,,"42,666","2,8",,14.254,19
Mushkin Redline 32 GB,108.99,"42,933","2,16",,11.592,17
Mushkin Redline 64 GB,147.57,"42,933","2,32",,11.592,17
Mushkin Redline 32 GB,,"42,933","2,16",,14.32,21
Mushkin Redline 64 GB,,"42,933","2,32",,14.32,21
Mushkin Redline 16 GB,,"42,933","2,8",,14.32,21
Mushkin Redline 32 GB,,"43,000","2,16",,10.667,16
Mushkin Redline 64 GB,,"43,000","2,32",,10.667,16
Mushkin Redline 16 GB,,"43,000","2,8",,10.667,16
Mushkin Redline 16 GB,,"43,200","2,8",,13.75,22
Mushkin Redline Lumina 32 GB,101.84,"42,666","2,16",Black,12.003,16
Mushkin Redline Lumina 64 GB,198.9,"42,666","2,32",Black,12.003,16
Mushkin Redline 64 GB,,"43,200","2,32",Black,8.75,14
Mushkin Redline 32 GB,,"43,600","2,16",Black,8.889,16
Mushkin Redline 32 GB,,"44,133","2,16",Black,9.194,19
Mushkin Redline 64 GB,,"42,666","2,32",Red,12.003,16
Mushkin Redline 16 GB,,"42,666","2,8",Red,12.003,16
Mushkin Redline 64 GB,,"43,600","2,32",Red,10,18
Mushkin Redline 16 GB,,"43,466","2,8",Red,9.233,16
Mushkin Redline 64 GB,,"43,200","2,32",Red,12.5,20
Mushkin Redline 64 GB,,"43,000","2,32",Red,12,18
Mushkin Redline 64 GB,,"42,800","2,32",Red,12.143,17
Mushkin Redline 64 GB,,"42,666","2,32",Red,12.003,16
Mushkin Redline 16 GB,,"43,600","2,8",Red,10,18
Mushkin Redline 64 GB,,"43,600","2,32",Red,10,18
Mushkin Redline 32 GB,,"43,600","2,16",Red,10,18
Mushkin Redline 16 GB,,"43,466","2,8",Red,10.387,18
Mushkin Redline 32 GB,,"43,466","2,16",Red,10.387,18
Mushkin Redline 64 GB,,"43,200","2,32",Red,12.5,20
Mushkin Redline 64 GB,,"43,200","2,32",Red,10,16
Mushkin Redline 32 GB,,"43,200","2,16",Red,10,16
Mushkin Redline 64 GB,,"43,000","2,32",Red,12,18
Mushkin Redline 16 GB,,"43,200","2,8",Red,10,16
Mushkin Redline 32 GB,,"43,200","2,16",Red,12.5,20
Mushkin Redline 16 GB,,"43,466","2,8",Red,9.233,16
Mushkin Redline 16 GB,,"43,200","2,8",Red,12.5,20
Mushkin Redline 16 GB,,"42,800","2,8",Red,12.143,17
Mushkin Redline 16 GB,,"43,000","2,8",Red,12,18
Mushkin Redline 32 GB,,"43,200","2,16",Red,12.5,20
Mushkin Redline 16 GB,,"43,200","2,8",Red,12.5,20
Mushkin Redline 16 GB,,"44,000","2,8",Black,9,18
Mushkin Redline 16 GB,,"43,600","2,8",Black,8.889,16
Mushkin Redline 16 GB,,"43,600","2,8",White,8.889,16
Mushkin Blackline 4 GB,,"42,400","1,4",Black,12.5,15
Mushkin Blackline 8 GB,,"42,400","1,8",Black,12.5,15
Mushkin Blackline 4 GB,,"42,400","1,4",Black,12.5,15
Mushkin Blackline 8 GB,,"42,133","1,8",Black,11.252,12
Mushkin Silverline 16 GB,,"42,133","1,16",Silver,14.065,15
Mushkin Silverline 64 GB,,"42,133","4,16",Silver,14.065,15
Mushkin Silverline 4 GB,,"42,133","1,4",Silver,14.065,15
Mushkin Silverline 32 GB,,"42,133","4,8",Silver,14.065,15
Mushkin Silverline 8 GB,,"42,133","1,8",Silver,14.065,15
Mushkin Silverline 8 GB,,"42,133","1,8",Silver,14.065,15
Mushkin Silverline 32 GB,,"42,133","4,8",Silver,14.065,15
Mushkin Silverline 64 GB,,"42,400","4,16",Silver,14.167,17
Mushkin Silverline 4 GB,,"42,400","1,4",Silver,14.167,17
Mushkin Silverline 8 GB,,"42,400","2,4",Silver,14.167,17
Mushkin Silverline 16 GB,,"42,400","4,4",Silver,14.167,17
Mushkin Silverline 8 GB,49.23,"42,400","1,8",Silver,14.167,17
Mushkin Silverline 32 GB,,"42,400","4,8",Silver,14.167,17
Mushkin Silverline 16 GB,,"42,666","1,16",Silver,14.254,19
Mushkin Silverline 4 GB,,"42,666","1,4",Silver,14.254,19
Mushkin Silverline 8 GB,,"42,666","2,4",Silver,14.254,19
Mushkin Silverline 8 GB,,"42,666","1,8",Silver,14.254,19
Mushkin Silverline 16 GB,,"43,200","1,16",Silver,13.75,22
Mushkin Silverline 32 GB,152.93,"43,200","1,32",Silver,13.75,22
Mushkin Proline 16 GB,,"42,666","1,16",,14.254,19
Mushkin Proline 32 GB,,"42,666","1,32",,14.254,19
Mushkin Proline 32 GB,,"42,933","1,32",,14.32,21
Mushkin Proline 8 GB,,"42,133","1,8",,14.065,15
Mushkin Proline 8 GB,34.99,"42,133","1,8",,14.065,15
Mushkin Proline 16 GB,,"42,666","1,16",,14.254,19
Mushkin Proline 32 GB,115.43,"42,666","1,32",,14.254,19
Mushkin Proline 16 GB,62.99,"42,933","1,16",,14.32,21
Mushkin Proline 16 GB,,"42,400","1,16",,14.167,17
G.Skill Trident Z Royal Elite 64 GB,,"43,600","8,8",,7.778,14
G.Skill Ripjaws V 64 GB,,"43,600","8,8",Black,7.778,14
G.Skill Trident Z 32 GB,,"55,600","2,16",White / Black,14.286,40
G.Skill Trident Z 32 GB,,"55,600","2,16",White / Black,14.286,40
G.Skill Trident Z 32 GB,,"55,600","2,16",Black,14.286,40
G.Skill Trident Z 32 GB,,"55,600","2,16",Black,12.857,36
G.Skill Ripjaws V 128 GB,,"42,666","8,16",Red,12.003,16
G.Skill Ripjaws V 128 GB,,"43,000","8,16",Red,10.667,16
G.Skill Ripjaws V 128 GB,,"42,400","8,16",Red,12.5,15
G.Skill Ripjaws V 128 GB,,"42,666","8,16",Red,12.003,16
G.Skill Ripjaws V 8 GB,,"43,000","1,8",Red,10.667,16
G.Skill Sniper X 16 GB,,"42,400","2,8",Black / White,14.167,17
G.Skill Sniper X 64 GB,,"42,400","4,16",Black / White,14.167,17
G.Skill Sniper X 32 GB,,"42,666","4,8",Black / White,14.254,19
G.Skill Sniper X 16 GB,,"43,000","2,8",Black / White,10.667,16
G.Skill Sniper X 32 GB,,"43,000","2,16",Black / White,10.667,16
G.Skill Sniper X 32 GB,,"43,000","4,8",Black / White,10.667,16
G.Skill Sniper X 32 GB,,"43,200","4,8",Black / White,10,16
G.Skill Sniper X 64 GB,,"43,200","4,16",Black / White,10,16
G.Skill Sniper X 32 GB,,"43,600","4,8",Black / White,10.556,19
G.Skill Sniper X 8 GB,,"43,600","1,8",Black / White,10.556,19
G.Skill Sniper X 16 GB,,"43,600","2,8",White,10,18
G.Skill Trident Z Royal 32 GB,,"43,600","4,8",Gold,8.889,16
G.Skill Trident Z Royal 16 GB,,"44,000","2,8",Gold,8,16
G.Skill Trident Z Royal Elite 128 GB,,"43,600","8,16",Gold,7.778,14
G.Skill Trident Z Royal Elite 64 GB,,"43,600","8,8",Gold,7.778,14
G.Skill Trident Z Royal Elite 32 GB,,"44,000","2,16",Gold,8,16
G.Skill Trident Z RGB 128 GB,,"42,400","8,16",,12.5,15
G.Skill Trident Z RGB 64 GB,,"43,200","8,8",,9.375,15
G.Skill Trident Z RGB 128 GB,,"43,600","8,16",,9.444,17
G.Skill Trident Z RGB 16 GB,,"44,000","2,8",,8.5,17
G.Skill Trident Z RGB 32 GB,,"44,133","4,8",,9.194,19
G.Skill F4-3200C15Q-64GTZSW 64 GB,,"43,200","4,16",Gray / White,9.375,15
G.Skill F4-3200C15Q2-128GTZ 128 GB,,"43,200","8,16",Gray / Red,9.375,15
G.Skill F4-3200C15Q2-128GTZSW 128 GB,,"43,200","8,16",Gray / White,9.375,15
G.Skill F4-3200C16D-16GTZKY 16 GB,,"43,200","2,8",Black / Yellow,10,16
G.Skill F4-3200C16D-32GTZKO 32 GB,,"43,200","2,16",Black / Orange,10,16
G.Skill F4-3200C16D-32GTZKY 32 GB,,"43,200","2,16",Black / Yellow,10,16
G.Skill F4-3200C16Q-32GTZKO 32 GB,,"43,200","4,8",Black / Orange,10,16
G.Skill F4-3200C16Q-64GTZKO 64 GB,,"43,200","4,16",Black / Orange,10,16
G.Skill F4-3200C16Q-64GTZKW 64 GB,,"43,200","4,16",Black / White,10,16
G.Skill F4-3200C16Q-64GTZKY 64 GB,,"43,200","4,16",Black / Yellow,10,16
G.Skill F4-3200C16Q-64GTZSW 64 GB,,"43,200","4,16",Gray / White,10,16
G.Skill F4-3200C16Q2-128GTZKO 128 GB,,"43,200","8,16",Black / Orange,10,16
G.Skill F4-3200C16Q2-128GTZSW 128 GB,,"43,200","8,16",Gray / White,10,16
G.Skill F4-3200C16Q2-64GTZB 64 GB,,"43,200","8,8",Gray / Red,10,16
G.Skill F4-3200C16Q2-64GTZKO 64 GB,,"43,200","8,8",Gray / Orange,10,16
G.Skill F4-3200C16Q2-64GTZKW 64 GB,,"43,200","8,8",Black / White,10,16
G.Skill F4-3200C16Q2-64GTZSK 64 GB,,"43,200","8,8",Gray / Black,10,16
G.Skill F4-3200C16Q2-64GTZSW 64 GB,,"43,200","8,8",Gray / White,10,16
G.Skill F4-3600C17Q-64GTZSW 64 GB,,"43,600","4,16",Gray / White,9.444,17
G.Skill F4-3866C18Q-32GTZ 32 GB,,"43,866","4,8",Gray / Red,9.312,18
G.Skill F4-3866C18Q-32GTZSW 32 GB,,"43,866","4,8",Gray / White,9.312,18
G.Skill F4-4000C18Q-32GTZSW 32 GB,,"44,000","4,8",Gray / White,9,18
G.Skill Ares 8 GB,,"31,600","1,8",Blue,11.25,9
G.Skill Ares 4 GB,,"31,600","1,4",Orange,11.25,9
G.Skill Ares 8 GB,,"31,600","1,8",Orange,12.5,10
G.Skill Ares 64 GB,,"31,333","8,8",Orange,13.503,9
G.Skill Trident Z Neo 16 GB,,"42,666","2,8",Black / White,13.503,18
G.Skill Trident Z Neo 32 GB,,"42,666","4,8",Black / White,13.503,18
G.Skill Trident Z RGB (For AMD) 64 GB,,"42,400","8,8",Black,12.5,15
G.Skill Trident Z RGB (For AMD) 128 GB,,"42,933","8,16",Black,9.547,14
G.Skill Trident Z RGB (For AMD) 64 GB,,"42,933","8,8",Black,9.547,14
G.Skill Trident Z RGB (For AMD) 128 GB,,"42,933","8,16",Black,10.91,16
G.Skill Trident Z RGB (For AMD) 64 GB,,"42,933","8,8",Black,10.91,16
G.Skill Ripjaws 4 16 GB,,"43,000","2,8",Red,10.667,16
G.Skill Flare X 128 GB,,"42,933","8,16",Black,10.91,16
TEAMGROUP Elite Plus 8 GB,,"54,800","1,8",Silver,16.667,40
G.Skill Trident Z RGB 32 GB,,"43,200","2,16",Black,10,16
Acer UD100 4 GB,,"42,666","1,4",Black,14.254,19
Corsair Vengeance RGB Pro SL 128 GB,,"43,200","8,16",Black,10,16
Patriot Signature Line 4 GB,17.79,"42,400","1,4",,15.833,19
Patriot Viper Venom RGB 32 GB,,"43,000","2,16",Black,10.667,16
Patriot Viper Venom RGB 32 GB,,"43,600","2,16",Black,9.444,17
Patriot Viper Steel 32 GB,,"43,000","1,32",Gray,10.667,16
Silicon Power XPOWER Zenith Gaming 16 GB,,"43,600","1,16",Black,10,18
Silicon Power XPOWER Zenith Gaming 16 GB,,"43,200","1,16",Black,10,16
Silicon Power XPOWER Zenith Gaming 16 GB,,"43,200","1,16",Black,10,16
Silicon Power XPOWER Zenith Gaming 32 GB,,"43,200","2,16",Black,10,16
Kingston ValueRAM 16 GB,74.98,"42,133","1,16",,14.065,15
Silicon Power XPOWER Zenith RGB Gaming 8 GB,,"55,200","1,8",Black,14.615,38
Silicon Power XPOWER Zenith RGB Gaming 8 GB,,"55,200","1,8",White,14.615,38
Silicon Power XPOWER Zenith RGB Gaming 8 GB,,"55,600","1,8",Black,14.286,40
Silicon Power XPOWER Zenith RGB Gaming 8 GB,,"55,600","1,8",White,14.286,40
Silicon Power XPOWER Zenith RGB Gaming 16 GB,,"55,200","1,16",Black,14.615,38
Silicon Power XPOWER Zenith RGB Gaming 16 GB,,"55,200","1,16",White,14.615,38
Silicon Power XPOWER Zenith RGB Gaming 16 GB,,"55,600","1,16",Black,14.286,40
Silicon Power XPOWER Zenith RGB Gaming 16 GB,,"55,600","1,16",White,14.286,40
Silicon Power XPOWER Zenith RGB Gaming 32 GB,,"55,200","2,16",White,14.615,38
Silicon Power XPOWER Zenith RGB Gaming 32 GB,,"55,200","1,32",Black,14.615,38
Silicon Power XPOWER Zenith RGB Gaming 32 GB,,"55,200","1,32",White,14.615,38
Silicon Power XPOWER Zenith RGB Gaming 32 GB,,"55,600","2,16",Black,14.286,40
Silicon Power XPOWER Zenith RGB Gaming 32 GB,,"55,600","1,32",Black,14.286,40
Silicon Power XPOWER Zenith RGB Gaming 32 GB,,"55,600","1,32",White,14.286,40
Silicon Power XPOWER Zenith RGB Gaming 64 GB,,"55,200","2,32",Black,14.615,38
Silicon Power XPOWER Zenith RGB Gaming 64 GB,,"55,600","2,32",Black,14.286,40
Silicon Power XPOWER Turbine RGB 8 GB,,"43,200","1,8",Silver / Black,10,16
Silicon Power XPOWER Turbine RGB 8 GB,,"43,600","1,8",Silver / Black,10,18
Silicon Power XPOWER Turbine RGB 8 GB,,"44,133","1,8",Silver / Black,9.194,19
Silicon Power XPOWER Turbine RGB 16 GB,,"43,200","1,16",Silver / Black,10,16
Silicon Power XPOWER Turbine RGB 16 GB,,"43,200","1,16",Silver / Black,10,16
Silicon Power XPOWER Turbine RGB 16 GB,,"43,600","1,16",Silver / Black,10,18
Silicon Power XPOWER Turbine RGB 16 GB,,"44,133","2,8",Silver / Black,9.194,19
Silicon Power XPOWER Turbine RGB 16 GB,,"44,133","1,16",Silver / Black,9.194,19
Silicon Power XPOWER Turbine RGB 32 GB,,"43,200","2,16",Silver / Black,10,16
Silicon Power XPOWER Turbine RGB 32 GB,,"44,133","2,16",Silver / Black,9.194,19
Silicon Power XPOWER Zenith RGB Gaming 8 GB,,"43,600","1,8",Black,10,18
Silicon Power XPOWER Zenith RGB Gaming 16 GB,,"43,200","1,16",Black,10,16
Silicon Power XPOWER Zenith RGB Gaming 16 GB,,"43,600","1,16",Black,10,18
Silicon Power XPOWER Zenith RGB Gaming 16 GB,,"43,600","1,16",Black,10,18
Silicon Power XPOWER Zenith RGB Gaming 32 GB,,"43,200","2,16",Black,10,16
Silicon Power XPOWER Zenith RGB Gaming 32 GB,,"43,600","2,16",Black,10,18
Silicon Power XPOWER Zenith Gaming 8 GB,,"55,200","1,8",Black,14.615,38
Silicon Power XPOWER Zenith Gaming 8 GB,,"55,200","1,8",White,14.615,38
Silicon Power XPOWER Zenith Gaming 16 GB,,"55,200","1,16",Black,14.615,38
Silicon Power XPOWER Zenith Gaming 16 GB,,"55,200","1,16",White,14.615,38
Silicon Power XPOWER Zenith Gaming 16 GB,,"55,200","2,8",Black,14.615,38
Silicon Power XPOWER Zenith Gaming 32 GB,,"55,200","2,16",Black,14.615,38
Silicon Power XPOWER Zenith Gaming 32 GB,,"55,200","2,16",White,14.615,38
Silicon Power XPOWER Zenith Gaming 32 GB,,"55,200","1,32",White,14.615,38
Silicon Power XPOWER Zenith Gaming 64 GB,,"55,200","2,32",Black,14.615,38
Silicon Power XPOWER Zenith Gaming 64 GB,,"55,200","2,32",White,14.615,38
Silicon Power XPOWER AirCool 8 GB,,"42,666","1,8",,12.003,16
Silicon Power XPOWER AirCool 8 GB,,"43,000","1,8",,10.667,16
Silicon Power XPOWER AirCool 8 GB,,"43,200","1,8",,10,16
Silicon Power XPOWER AirCool 8 GB,,"43,600","1,8",,10,18
Silicon Power XPOWER AirCool 8 GB,,"44,133","1,8",,9.194,19
Silicon Power XPOWER AirCool 16 GB,,"42,666","1,16",,12.003,16
Silicon Power XPOWER AirCool 16 GB,,"42,666","2,8",,12.003,16
Silicon Power XPOWER AirCool 16 GB,,"43,000","1,16",,10.667,16
Silicon Power XPOWER AirCool 16 GB,,"43,000","2,8",,10.667,16
Silicon Power XPOWER AirCool 16 GB,,"43,000","1,16",,10.667,16
Silicon Power XPOWER AirCool 16 GB,,"43,200","1,16",,10,16
Silicon Power XPOWER AirCool 16 GB,,"43,200","2,8",,10,16
Silicon Power XPOWER AirCool 16 GB,,"43,600","1,16",,10,18
Silicon Power XPOWER AirCool 16 GB,,"43,600","2,8",,10,18
Silicon Power XPOWER AirCool 16 GB,,"44,133","1,16",,9.194,19
Silicon Power XPOWER AirCool 16 GB,,"44,133","2,8",,9.194,19
Silicon Power XPOWER AirCool 32 GB,,"43,000","2,16",,10.667,16
Silicon Power XPOWER AirCool 32 GB,,"43,000","2,16",,10.667,16
Silicon Power XPOWER AirCool 32 GB,,"43,200","2,16",,10,16
Silicon Power XPOWER AirCool 32 GB,,"43,600","2,16",,10,18
Silicon Power XPOWER AirCool 32 GB,,"44,133","2,16",,9.194,19
Silicon Power XPOWER Turbine 8 GB,,"43,000","1,8",Blue / Black,10.667,16
Silicon Power XPOWER Turbine 8 GB,,"43,600","1,8",Blue / Black,10,18
Silicon Power XPOWER Turbine 8 GB,,"44,133","1,8",Blue / Black,9.194,19
Silicon Power XPOWER Turbine 16 GB,,"42,666","1,16",Blue / Black,12.003,16
Silicon Power XPOWER Turbine 16 GB,,"43,000","1,16",Blue / Black,10.667,16
Silicon Power XPOWER Turbine 16 GB,,"43,000","1,16",Blue / Black,10.667,16
Silicon Power XPOWER Turbine 16 GB,,"43,600","1,16",Blue / Black,10,18
Silicon Power XPOWER Turbine 16 GB,,"44,133","1,16",Blue / Black,9.194,19
Silicon Power XPOWER Turbine 32 GB,,"43,000","2,16",Blue / Black,10.667,16
Silicon Power XPOWER Zenith Gaming 8 GB,,"55,600","1,8",Black,14.286,40
Silicon Power XPOWER Zenith Gaming 8 GB,,"55,600","1,8",White,14.286,40
Silicon Power XPOWER Zenith Gaming 16 GB,,"55,600","1,16",Black,14.286,40
Silicon Power XPOWER Zenith Gaming 16 GB,,"55,600","2,8",Black,14.286,40
Silicon Power XPOWER Zenith Gaming 32 GB,,"55,600","1,32",Black,14.286,40
Silicon Power XPOWER Zenith Gaming 32 GB,,"55,600","1,32",White,14.286,40
Silicon Power SP004GBLFU213N01 4 GB,,"42,133","1,4",,14.065,15
Silicon Power SP004GBLFU213X02 4 GB,,"42,133","1,4",,14.065,15
Silicon Power SP004GBLFU240N01 4 GB,,"42,400","1,4",,14.167,17
Silicon Power SP004GBLFU240X02 4 GB,,"42,400","1,4",,14.167,17
Silicon Power SP004GBLFU266N02 4 GB,,"42,666","1,4",,14.254,19
Silicon Power SP008GBLFU213B01 8 GB,,"42,133","1,8",,14.065,15
Silicon Power SP008GBLFU213N02 8 GB,,"42,133","1,8",,14.065,15
Silicon Power SP008GBLFU213N21 8 GB,,"42,133","2,4",,14.065,15
Silicon Power SP008GBLFU213X02 8 GB,,"42,133","1,8",,14.065,15
Silicon Power SP008GBLFU213X22 8 GB,,"42,133","2,4",,14.065,15
Silicon Power SP008GBLFU240B01 8 GB,,"42,400","1,8",,14.167,17
Silicon Power SP008GBLFU240N02 8 GB,,"42,400","1,8",,14.167,17
Silicon Power SP008GBLFU240N22 8 GB,,"42,400","2,4",,14.167,17
Silicon Power SP008GBLFU240X22 8 GB,,"42,400","2,4",,14.167,17
Silicon Power SP008GBLFU266B01 8 GB,,"42,666","1,8",,14.254,19
Silicon Power SP008GBLFU266N22 8 GB,,"42,666","2,4",,14.254,19
Silicon Power SP008GBLFU320B01 8 GB,,"43,200","1,8",,13.75,22
Silicon Power SP016GBLFU213B01 16 GB,,"42,133","1,16",,14.065,15
Silicon Power SP016GBLFU213B02 16 GB,65.16,"42,133","1,16",,14.065,15
Silicon Power SP016GBLFU213B21 16 GB,,"42,133","2,8",,14.065,15
Silicon Power SP016GBLFU213N42 16 GB,,"42,133","4,4",,14.065,15
Silicon Power SP016GBLFU213X02 16 GB,,"42,133","1,16",,14.065,15
Silicon Power SP016GBLFU213X22 16 GB,,"42,133","2,8",,14.065,15
Silicon Power SP016GBLFU240B01 16 GB,,"42,400","1,16",,14.167,17
Silicon Power SP016GBLFU240B21 16 GB,,"42,400","2,8",,14.167,17
Silicon Power SP016GBLFU240B22 16 GB,,"42,400","2,8",,14.167,17
Silicon Power SP016GBLFU240X02 16 GB,,"42,400","1,16",,14.167,17
Silicon Power SP016GBLFU266B01 16 GB,,"42,666","1,16",,14.254,19
Silicon Power SP016GBLFU266F01 16 GB,,"42,666","1,16",,14.254,19
Silicon Power SP016GBLFU266F02 16 GB,,"42,666","1,16",,14.254,19
Silicon Power SP016GBLFU320B01 16 GB,,"43,200","1,16",,13.75,22
Silicon Power SP016GBLFU320B21 16 GB,,"43,200","2,8",,13.75,22
Silicon Power SP016GBLFU320F01 16 GB,,"43,200","1,16",,13.75,22
Silicon Power SP032GBLFU213B21 32 GB,,"42,133","2,16",,14.065,15
Silicon Power SP032GBLFU213B22 32 GB,,"42,133","2,16",,14.065,15
Silicon Power SP032GBLFU240B21 32 GB,,"42,400","2,16",,14.167,17
Silicon Power SP032GBLFU240B22 32 GB,,"42,400","2,16",,14.167,17
Silicon Power SP032GBLFU240X22 32 GB,,"42,400","2,16",,14.167,17
Silicon Power SP032GBLFU266B22 32 GB,,"42,666","2,16",,14.254,19
Silicon Power SP032GBLFU266F01 32 GB,,"42,666","1,32",,14.254,19
Silicon Power SP032GBLFU266F02 32 GB,,"42,666","1,32",,14.254,19
Silicon Power SP032GBLFU266F21 32 GB,,"42,666","2,16",,14.254,19
Silicon Power SP032GBLFU266F22 32 GB,,"42,666","2,16",,14.254,19
Silicon Power SP032GBLFU266X02 32 GB,,"42,666","1,32",,14.254,19
Silicon Power SP032GBLFU320B21 32 GB,,"43,200","2,16",,13.75,22
Silicon Power SP032GBLFU320B22 32 GB,,"43,200","2,16",,13.75,22
Silicon Power SP032GBLFU320F01 32 GB,,"43,200","1,32",,13.75,22
Silicon Power SP032GBLFU320F02 32 GB,,"43,200","1,32",,13.75,22
Silicon Power SP032GBLFU320F21 32 GB,,"43,200","2,16",,13.75,22
Silicon Power SP064GBLFU266F21 64 GB,,"42,666","2,32",,14.254,19
Silicon Power SP064GBLFU266F22 64 GB,,"42,666","2,32",,14.254,19
Silicon Power SP064GBLFU266X22 64 GB,,"42,666","2,32",,14.254,19
Silicon Power SP064GBLFU320F21 64 GB,,"43,200","2,32",,13.75,22
Silicon Power SP008GBSVU480G02 8 GB,,"54,800","1,8",,16.667,40
Silicon Power SP016GBSVU480F02 16 GB,,"54,800","1,16",,16.667,40
Silicon Power SP016GBSVU480G22 16 GB,,"54,800","2,8",,16.667,40
Silicon Power SP032GBSVU480F02 32 GB,,"54,800","1,32",,16.667,40
Silicon Power SP064GBSVU480F22 64 GB,,"54,800","2,32",,16.667,40
Silicon Power SP004GBSFU213N01 4 GB,,"42,133","1,4",,14.065,15
Silicon Power SP004GBSFU213N02 4 GB,43.23,"42,133","1,4",,14.065,15
Silicon Power SP004GBSFU213X02 4 GB,,"42,133","1,4",,14.065,15
Silicon Power SP004GBSFU240N01 4 GB,,"42,400","1,4",,14.167,17
Silicon Power SP004GBSFU266N02 4 GB,,"42,666","1,4",,14.254,19
Silicon Power SP004GBSFU266C02 4 GB,,"42,666","1,4",,14.254,19
Silicon Power SP004GBSFU240X02 4 GB,,"42,400","1,4",,14.167,17
Silicon Power SP004GBSFU240N02 4 GB,,"42,400","1,4",,14.167,17
Silicon Power SP004GBSFU266X02 4 GB,,"42,666","1,4",,14.254,19
Silicon Power SP008GBSFU213B01 8 GB,,"42,133","1,8",,14.065,15
Silicon Power SP008GBSFU213B02 8 GB,,"42,133","1,8",,14.065,15
Silicon Power SP008GBSFU213N02 8 GB,,"42,133","1,8",,14.065,15
Silicon Power SP008GBSFU213N21 8 GB,,"42,133","2,4",,14.065,15
Silicon Power SP008GBSFU213N22 8 GB,,"42,133","2,4",,14.065,15
Silicon Power SP008GBSFU213X02 8 GB,,"42,133","1,8",,14.065,15
Silicon Power SP008GBSFU213X22 8 GB,,"42,133","2,4",,14.065,15
Silicon Power SP008GBSFU240B01 8 GB,,"42,400","1,8",,14.167,17
Silicon Power SP008GBSFU240N02 8 GB,,"42,400","1,8",,14.167,17
Silicon Power SP008GBSFU240N21 8 GB,,"42,400","2,4",,14.167,17
Silicon Power SP008GBSFU240N22 8 GB,,"42,400","2,4",,14.167,17
Silicon Power SP008GBSFU240X02 8 GB,,"42,400","1,8",,14.167,17
Silicon Power SP008GBSFU240X22 8 GB,,"42,400","2,4",,14.167,17
Silicon Power SP008GBSFU266B01 8 GB,,"42,666","1,8",,14.254,19
Silicon Power SP008GBSFU266N22 8 GB,,"42,666","2,4",,14.254,19
Silicon Power SP008GBSFU266X02 8 GB,,"42,666","1,8",,14.254,19
Silicon Power SP008GBSFU266X22 8 GB,,"42,666","2,4",,14.254,19
Silicon Power SP008GBSFU320B01 8 GB,,"43,200","1,8",,13.75,22
Silicon Power SP008GBSFU320B02 8 GB,,"43,200","1,8",,13.75,22
Silicon Power SP016GBSFU213B01 16 GB,,"42,133","1,16",,14.065,15
Silicon Power SP016GBSFU213B02 16 GB,40.07,"42,133","1,16",,14.065,15
Silicon Power SP016GBSFU213B21 16 GB,,"42,133","2,8",,14.065,15
Silicon Power SP016GBSFU213B22 16 GB,,"42,133","2,8",,14.065,15
Silicon Power SP016GBSFU213X02 16 GB,,"42,133","1,16",,14.065,15
Silicon Power SP016GBSFU213X22 16 GB,,"42,133","2,8",,14.065,15
Silicon Power SP016GBSFU240B01 16 GB,,"42,400","1,16",,14.167,17
Silicon Power SP016GBSFU240B02 16 GB,,"42,400","1,16",,14.167,17
Silicon Power SP016GBSFU240B21 16 GB,,"42,400","2,8",,14.167,17
Silicon Power SP016GBSFU240F02 16 GB,,"42,400","1,16",,14.167,17
Silicon Power SP016GBSFU240X02 16 GB,,"42,400","1,16",,14.167,17
Silicon Power SP016GBSFU240X22 16 GB,,"42,400","2,8",,14.167,17
Silicon Power SP016GBSFU266B01 16 GB,,"42,666","1,16",,14.254,19
Silicon Power SP016GBSFU266B02 16 GB,,"42,666","1,16",,14.254,19
Silicon Power SP016GBSFU266F01 16 GB,,"42,666","1,16",,14.254,19
Silicon Power SP016GBSFU266X02 16 GB,,"42,666","1,16",,14.254,19
Silicon Power SP016GBSFU266X22 16 GB,,"42,666","2,8",,14.254,19
Silicon Power SP016GBSFU320B01 16 GB,,"43,200","1,16",,13.75,22
Silicon Power SP016GBSFU320B02 16 GB,,"43,200","1,16",,13.75,22
Silicon Power SP016GBSFU320B21 16 GB,,"43,200","2,8",,13.75,22
Silicon Power SP016GBSFU320B22 16 GB,,"43,200","2,8",,13.75,22
Silicon Power SP016GBSFU320F01 16 GB,,"43,200","1,16",,13.75,22
Silicon Power SP016GBSFU320F02 16 GB,,"43,200","1,16",,13.75,22
Silicon Power SP032GBSFU213B21 32 GB,,"42,133","2,16",,14.065,15
Silicon Power SP032GBSFU213B22 32 GB,,"42,133","2,16",,14.065,15
Silicon Power SP032GBSFU213X22 32 GB,,"42,133","2,16",,14.065,15
Silicon Power SP032GBSFU240B21 32 GB,,"42,400","2,16",,14.167,17
Silicon Power SP032GBSFU240B22 32 GB,,"42,400","2,16",,14.167,17
Silicon Power SP032GBSFU240X22 32 GB,,"42,400","2,16",,14.167,17
Silicon Power SP032GBSFU266B22 32 GB,,"42,666","2,16",,14.254,19
Silicon Power SP032GBSFU266F01 32 GB,,"42,666","1,32",,14.254,19
Silicon Power SP032GBSFU266F02 32 GB,,"42,666","1,32",,14.254,19
Silicon Power SP032GBSFU266F21 32 GB,,"42,666","2,16",,14.254,19
Silicon Power SP032GBSFU320B21 32 GB,,"43,200","2,16",,13.75,22
Silicon Power SP032GBSFU320B22 32 GB,,"43,200","2,16",,13.75,22
Silicon Power SP032GBSFU320F01 32 GB,,"43,200","1,32",,13.75,22
Silicon Power SP032GBSFU320F21 32 GB,,"43,200","2,16",,13.75,22
Silicon Power SP032GBSFU320F22 32 GB,,"43,200","2,16",,13.75,22
Silicon Power SP032GBSFU320X02 32 GB,,"43,200","1,32",,13.75,22
Silicon Power SP064GBSFU266F21 64 GB,,"42,666","2,32",,14.254,19
Silicon Power SP064GBSFU266F22 64 GB,,"42,666","2,32",,14.254,19
Silicon Power SP064GBSFU320F21 64 GB,,"43,200","2,32",,13.75,22
Silicon Power SP064GBSFU320F22 64 GB,,"43,200","2,32",,13.75,22
TEAMGROUP T-Force Vulcan 16 GB,,"55,200","1,16",Black,14.615,38
TEAMGROUP T-Force Vulcan 8 GB,,"55,200","1,8",Black,15.385,40
TEAMGROUP T-Force Vulcan 16 GB,,"55,600","1,16",Black,14.286,40
TEAMGROUP T-Force Vulcan 16 GB,,"54,800","1,16",Red,15,36
TEAMGROUP T-Force Vulcan 16 GB,,"55,200","1,16",Red,14.615,38
TEAMGROUP T-Force Vulcan 16 GB,,"55,600","1,16",Red,12.857,36
TEAMGROUP T-Force Vulcan 16 GB,,"55,600","1,16",Red,14.286,40
TEAMGROUP Night Hawk RGB Gen 2 32 GB,,"43,000","2,16",Black,10.667,16
TEAMGROUP Night Hawk RGB Gen 2 32 GB,,"43,000","2,16",White,10.667,16
TEAMGROUP Night Hawk RGB Gen 2 16 GB,,"43,000","2,8",White,10.667,16
TEAMGROUP Night Hawk RGB Gen 2 32 GB,,"43,200","2,16",White,10,16
TEAMGROUP Night Hawk RGB Gen 2 64 GB,,"43,200","2,32",Black,10,16
TEAMGROUP Night Hawk RGB Gen 2 16 GB,,"43,600","2,8",Black,10,18
TEAMGROUP Night Hawk RGB Gen 2 32 GB,,"43,600","2,16",Black,10,18
TEAMGROUP Night Hawk RGB Gen 2 16 GB,,"44,000","2,8",Black,9,18
TEAMGROUP Night Hawk RGB Gen 2 32 GB,,"44,000","2,16",Black,9,18
TEAMGROUP Night Hawk RGB Gen 2 32 GB,,"44,000","2,16",White,9,18
Thermaltake TOUGHRAM XG RGB 16 GB,,"43,600","2,8",Black / Silver,10,18
Thermaltake TOUGHRAM XG RGB 32 GB,,"43,600","2,16",White / Silver,10,18
Thermaltake TOUGHRAM XG RGB 16 GB,169.99,"44,000","2,8",White / Silver,9.5,19
ADATA XPG SPECTRIX D50 32 GB,,"43,200","2,16",White,10,16
ADATA XPG GAMMIX D30 16 GB,,"43,200","2,8",Silver / Black,10,16
Silicon Power SP016GBLFU240BD2 16 GB,,"42,400","2,8",Gray,14.167,17
Silicon Power SP008GBLFU240ND2 8 GB,,"42,400","2,4",Gray,14.167,17
Silicon Power SP016GBLFU240BS2 16 GB,,"42,400","1,16",Gray,14.167,17
Silicon Power SP008GBLFU240BS2 8 GB,,"42,400","1,8",Gray,14.167,17
Silicon Power SP004GBLFU240NS2 4 GB,,"42,400","1,4",Gray,14.167,17
GeIL EVO V RGB 32 GB,,"56,600","2,16",Black,11.515,38
GeIL EVO V RGB 32 GB,,"56,600","2,16",White,11.515,38
Mushkin Redline 32 GB,,"55,200","2,16",Black,15.385,40
Mushkin Redline 32 GB,,"54,800","2,16",Black,15,36
TEAMGROUP Elite 16 GB,,"42,400","2,8",Black,13.333,16
Neo Forza FAYE 16 GB,,"43,600","2,8",Black / Silver,10,18
Neo Forza FAYE 32 GB,,"43,600","2,16",Black / Silver,10,18
Neo Forza FAYE 64 GB,,"43,600","2,32",Black / Silver,10,18
Neo Forza FAYE 64 GB,,"44,000","2,32",Black / Silver,9.5,19
TEAMGROUP T-Force Delta RGB 64 GB,,"55,600","2,32",White / Silver,14.286,40
Neo Forza MARS 32 GB,,"43,200","2,16",Gray / Black,10,16
Neo Forza MARS 16 GB,,"43,600","2,8",Gray / Black,10,18
Neo Forza MARS 32 GB,,"43,600","2,16",Gray / Black,10,18
Neo Forza MARS 32 GB,,"43,600","2,16",Gray / Black,10,18
Neo Forza MARS 32 GB,,"43,600","2,16",Gray / Black,10,18
Neo Forza MARS 32 GB,,"43,600","2,16",Gray / Black,10,18
Neo Forza MARS 64 GB,,"43,600","2,32",Gray / Black,10,18
Neo Forza MARS 32 GB,,"44,000","2,16",Gray / Black,9.5,19
Neo Forza MARS 16 GB,,"44,000","2,8",Gray / Black,9.5,19
TEAMGROUP Elite Plus 16 GB,,"55,200","1,16",Silver,16.154,42
TEAMGROUP Elite Plus 32 GB,,"55,200","1,32",Black,16.154,42
OLOy Blade RGB 64 GB,,"55,600","2,32",Black,12.857,36
OLOy Blade RGB 32 GB,,"57,600","2,16",Black,9.474,36
OLOy Blade RGB 32 GB,,"56,600","2,16",Black,12.121,40
GeIL Polaris 32 GB,,"55,200","2,16",Red,13.077,34
OLOy Blade RGB 32 GB,,"56,200","2,16",Platinum,10.323,32
TEAMGROUP Elite 64 GB,,"42,666","2,32",Black,14.254,19
TEAMGROUP Elite 64 GB,,"42,400","2,32",Black,13.333,16
TEAMGROUP Elite 32 GB,,"42,400","2,16",Black,13.333,16
TEAMGROUP Elite 8 GB,,"42,400","2,4",Black,13.333,16
TEAMGROUP Elite 32 GB,,"42,133","2,16",Black,14.065,15
TEAMGROUP Elite 16 GB,,"42,133","2,8",Black,14.065,15
TEAMGROUP Elite 8 GB,,"42,133","2,4",Black,14.065,15
TEAMGROUP Elite 32 GB,,"42,666","1,32",Black,14.254,19
TEAMGROUP Elite 32 GB,,"42,400","1,32",Black,13.333,16
TEAMGROUP Elite 8 GB,58.76,"42,400","1,8",Black,13.333,16
TEAMGROUP Elite 16 GB,,"42,133","1,16",Black,14.065,15
TEAMGROUP Elite 8 GB,,"42,133","1,8",Black,14.065,15
TEAMGROUP Elite 4 GB,,"42,133","1,4",Black,14.065,15
TEAMGROUP T-Create Classic 8 GB,,"42,666","1,8",Silver / Black,14.254,19
TEAMGROUP T-Create Classic 16 GB,,"42,666","1,16",Silver / Black,14.254,19
TEAMGROUP T-Create Classic 32 GB,,"42,666","1,32",Silver / Black,14.254,19
TEAMGROUP T-Create Classic 8 GB,,"43,200","1,8",Silver / Black,13.75,22
TEAMGROUP T-Create Classic 16 GB,,"43,200","1,16",Silver / Black,13.75,22
TEAMGROUP T-Create Classic 16 GB,,"42,666","2,8",Silver / Black,14.254,19
TEAMGROUP T-Create Classic 32 GB,,"42,666","2,16",Silver / Black,14.254,19
TEAMGROUP T-Create Classic 64 GB,,"42,666","2,32",Silver / Black,14.254,19
TEAMGROUP T-Create Classic 16 GB,,"43,200","2,8",Silver / Black,13.75,22
TEAMGROUP T-Create Classic 32 GB,,"43,200","2,16",Silver / Black,13.75,22
TEAMGROUP T-Force Zeus 16 GB,,"43,200","2,8",Red / Black,10,16
TEAMGROUP T-Force Zeus 32 GB,,"43,200","2,16",Red / Black,13.75,22
TEAMGROUP T-Force Zeus 64 GB,,"42,666","2,32",Red / Black,14.254,19
TEAMGROUP T-Force Zeus 32 GB,,"42,666","2,16",Red / Black,14.254,19
TEAMGROUP T-Force Zeus 16 GB,,"42,666","2,8",Red / Black,14.254,19
TEAMGROUP T-Force Zeus 16 GB,,"43,200","1,16",Red / Black,10,16
TEAMGROUP T-Force Zeus 8 GB,,"43,200","1,8",Red / Black,10,16
TEAMGROUP T-Force Zeus 32 GB,,"43,200","1,32",Red / Black,13.75,22
TEAMGROUP T-Force Zeus 32 GB,,"42,666","1,32",Red / Black,14.254,19
TEAMGROUP T-Force Zeus 16 GB,,"42,666","1,16",Red / Black,14.254,19
TEAMGROUP T-Force Zeus 8 GB,,"42,666","1,8",Red / Black,14.254,19
Silicon Power XPOWER Zenith RGB Gaming 32 GB,,"56,000","2,16",White,13.333,40
Silicon Power XPOWER Zenith RGB Gaming 64 GB,,"56,000","2,32",Black,13.333,40
Silicon Power XPOWER Zenith RGB Gaming 64 GB,,"56,000","2,32",White,13.333,40
Silicon Power XPOWER Zenith RGB Gaming 32 GB,,"56,000","2,16",Black,13.333,40
Silicon Power XPOWER Zenith RGB Gaming 32 GB,,"56,000","1,32",White,13.333,40
Silicon Power XPOWER Zenith RGB Gaming 32 GB,,"56,000","1,32",Black,13.333,40
Silicon Power XPOWER Zenith RGB Gaming 16 GB,,"56,000","1,16",White,13.333,40
Silicon Power XPOWER Zenith RGB Gaming 16 GB,,"56,000","1,16",Black,13.333,40
TEAMGROUP Elite 8 GB,,"55,200","1,8",Black,16.154,42
Kingston FURY Impact 32 GB,73.98,"42,666","1,32",Black,12.003,16
PROXMEM KERBEROS 32 GB,,"43,600","2,16",Black / Silver,10,18
PROXMEM KERBEROS 32 GB,,"43,200","2,16",Black / Silver,11.25,18
PROXMEM KERBEROS 16 GB,,"43,600","2,8",Black / Silver,7.778,14
PROXMEM KERBEROS 16 GB,,"43,200","2,8",Black / Silver,11.25,18
PROXMEM KERBEROS 32 GB,,"55,600","2,16",Black / Silver,12.857,36
PROXMEM KERBEROS 32 GB,,"56,000","2,16",Black / Silver,12,36
PROXMEM KERBEROS 32 GB,,"56,400","2,16",Black / Silver,11.875,38
Timetec PINNACLE Konduit 32 GB,,"43,200","1,32",Black,10,16
Timetec PINNACLE Konduit RGB 32 GB,,"43,200","1,32",Black,10,16
Timetec PINNACLE Konduit RGB 32 GB,,"43,200","2,16",Black,10,16
Timetec PINNACLE Konduit RGB 16 GB,,"43,200","1,16",Black,10,16
Timetec PINNACLE Konduit 64 GB,,"43,600","2,32",White,10,18
Timetec PINNACLE Konduit 32 GB,,"43,600","1,32",White,10,18
Timetec PINNACLE Konduit 32 GB,,"43,600","1,32",Black,10,18
Timetec PINNACLE Konduit 8 GB,,"43,600","1,8",Black,10,18
Timetec PINNACLE Konduit RGB 64 GB,,"43,600","2,32",Black,10,18
Timetec PINNACLE Konduit RGB 32 GB,,"43,600","1,32",Black,10,18
Timetec PINNACLE Konduit RGB 32 GB,,"43,600","2,16",Black,10,18
Timetec PINNACLE Konduit RGB 16 GB,,"43,600","1,16",White,10,18
Timetec PINNACLE Konduit RGB 16 GB,,"43,600","1,16",Black,10,18
GeIL Polaris RGB 32 GB,,"56,000","2,16",Red,12.667,38
Crucial CT8G48C40S8U5 8 GB,,"54,800","1,8",Black,16.667,40
GeIL Polaris 32 GB,,"55,600","2,16",Red,16.429,46
GeIL Polaris RGB SYNC 32 GB,,"57,200","2,16",Red,10,36
TEAMGROUP T-Force Vulcan alpha 16 GB,,"56,000","1,16",Red,12.667,38
TEAMGROUP T-Force Vulcan alpha 16 GB,,"55,600","1,16",Red,14.286,40
TEAMGROUP T-Force Vulcan alpha 16 GB,,"55,200","2,8",Red,14.615,38
TEAMGROUP T-Force Vulcan alpha 16 GB,,"55,200","2,8",Black,14.615,38
TEAMGROUP T-Force Vulcan alpha 8 GB,,"55,200","1,8",Red,14.615,38
TEAMGROUP T-Force Vulcan alpha 8 GB,,"55,200","1,8",Black,14.615,38
TEAMGROUP T-Force Vulcan alpha 8 GB,,"55,200","1,8",Red,14.615,38
TEAMGROUP T-Force Vulcan alpha 8 GB,,"55,200","1,8",Black,14.615,38
Mushkin Enhanced Redline Stiletto 32 GB,,"44,133","2,16",Black,9.194,19
OLOy Blade RGB 32 GB,,"43,200","2,16",Black / Silver,10,16
OLOy Blade RGB 16 GB,,"43,200","2,8",Black / Silver,10,16
OLOy Blade RGB 16 GB,,"44,266","2,8",Silver,8.439,18
OLOy Blade RGB 16 GB,,"44,000","2,8",Silver,8,16
OLOy Blade RGB 16 GB,,"44,000","2,8",Black / Silver,9,18
OLOy Blade RGB 16 GB,,"43,200","2,8",Silver,8.75,14
OLOy Blade RGB 16 GB,,"44,600","2,8",Black / Silver,7.826,18
OLOy Blade RGB 16 GB,,"44,400","2,8",Black / Silver,8.182,18
OLOy Blade RGB 16 GB,,"43,200","2,8",Black,10,16
Silicon Power XPOWER Zenith Gaming 64 GB,,"56,000","2,32",Black,13.333,40
Silicon Power XPOWER Zenith Gaming 32 GB,,"56,000","1,32",White,13.333,40
Silicon Power XPOWER Zenith Gaming 32 GB,,"56,000","1,32",Black,13.333,40
Silicon Power XPOWER Zenith Gaming 16 GB,,"56,000","1,16",Black,13.333,40
OLOy WarHawk RGB 32 GB,,"43,200","2,16",Black / Silver,10,16
OLOy WarHawk RGB 32 GB,,"43,200","2,16",White / Silver,10,16
OLOy WarHawk RGB 32 GB,,"43,600","2,16",Black / Silver,10,18
OLOy WarHawk RGB 32 GB,,"43,600","2,16",Black / Silver,10,18
OLOy WarHawk RGB 16 GB,,"43,600","1,16",Black / Silver,10,18
OLOy WarHawk RGB 32 GB,,"44,000","2,16",White / Silver,9,18
GeIL ORION V RGB 32 GB,,"55,200","2,16",Red,13.077,34
GeIL ORION V RGB 16 GB,,"55,200","1,16",Black,13.077,34
GeIL ORION V RGB 16 GB,,"55,200","1,16",Red,13.077,34
GeIL ORION V RGB 32 GB,,"55,200","2,16",Black,16.154,42
GeIL ORION V RGB 32 GB,,"55,200","2,16",Red,16.154,42
GeIL ORION V RGB 16 GB,,"55,200","1,16",Black,16.154,42
GeIL ORION V RGB 16 GB,,"55,200","1,16",Red,16.154,42
GeIL ORION V RGB 32 GB,,"55,600","2,16",Black,13.571,38
GeIL ORION V RGB 32 GB,,"55,600","2,16",Red,13.571,38
GeIL ORION V RGB 16 GB,,"55,600","1,16",Black,13.571,38
GeIL ORION V RGB 16 GB,,"55,600","1,16",Red,13.571,38
GeIL ORION V RGB 32 GB,,"55,600","2,16",Black,16.429,46
GeIL ORION V RGB 32 GB,,"55,600","2,16",Red,16.429,46
GeIL ORION V RGB 16 GB,,"55,600","1,16",Black,16.429,46
GeIL ORION V RGB 16 GB,,"55,600","1,16",Red,16.429,46
GeIL ORION V RGB 32 GB,,"56,000","2,16",Black,10.667,32
GeIL ORION V RGB 32 GB,,"56,000","2,16",Red,10.667,32
GeIL ORION V RGB 16 GB,,"56,000","1,16",Black,10.667,32
GeIL ORION V RGB 16 GB,,"56,000","1,16",Red,10.667,32
GeIL ORION V RGB 16 GB,,"56,000","1,16",Black,12.667,38
GeIL ORION V RGB 16 GB,,"56,000","1,16",Red,12.667,38
GeIL ORION V RGB 32 GB,,"56,400","2,16",Black,11.875,38
GeIL ORION V RGB 32 GB,,"56,400","2,16",Red,11.875,38
GeIL ORION V RGB 16 GB,,"56,400","1,16",Black,11.875,38
GeIL ORION V RGB 16 GB,,"56,400","1,16",Red,11.875,38
GeIL ORION V RGB 32 GB,,"56,800","2,16",Black,10.588,36
GeIL ORION V RGB 32 GB,,"56,800","2,16",Red,10.588,36
GeIL ORION V RGB 16 GB,,"56,800","1,16",Black,10.588,36
GeIL ORION V RGB 16 GB,,"56,800","1,16",Red,10.588,36
GeIL ORION V RGB 32 GB,,"57,200","2,16",Red,10,36
GeIL ORION V RGB 16 GB,,"57,200","1,16",Black,10,36
GeIL ORION V RGB 16 GB,,"57,200","1,16",Red,10,36
GeIL ORION V RGB 32 GB,,"57,600","2,16",Black,9.474,36
GeIL ORION V RGB 32 GB,,"57,600","2,16",Red,9.474,36
GeIL ORION V RGB 16 GB,,"57,600","1,16",Black,9.474,36
GeIL ORION V RGB 16 GB,,"57,600","1,16",Red,9.474,36
GeIL ORION V RGB 32 GB,,"58,000","2,16",Red,9.5,38
GeIL ORION V RGB 16 GB,,"58,000","1,16",Red,9.5,38
GeIL ORION V 32 GB,,"55,200","2,16",Black,13.077,34
GeIL ORION V 16 GB,,"55,200","1,16",Black,13.077,34
GeIL ORION V 16 GB,,"55,200","1,16",Red,13.077,34
GeIL ORION V 32 GB,,"55,200","2,16",Black,16.154,42
GeIL ORION V 32 GB,,"55,200","2,16",Red,16.154,42
GeIL ORION V 16 GB,,"55,200","1,16",Black,16.154,42
GeIL ORION V 16 GB,,"55,200","1,16",Red,16.154,42
GeIL ORION V 32 GB,,"55,600","2,16",Black,13.571,38
GeIL ORION V 32 GB,,"55,600","2,16",Red,13.571,38
GeIL ORION V 16 GB,,"55,600","1,16",Black,13.571,38
GeIL ORION V 16 GB,,"55,600","1,16",Red,13.571,38
GeIL ORION V 32 GB,,"55,600","2,16",Black,16.429,46
GeIL ORION V 32 GB,,"55,600","2,16",Red,16.429,46
GeIL ORION V 16 GB,,"55,600","1,16",Black,16.429,46
GeIL ORION V 16 GB,,"55,600","1,16",Red,16.429,46
GeIL ORION V 32 GB,,"56,000","2,16",Black,10.667,32
GeIL ORION V 32 GB,,"56,000","2,16",Red,10.667,32
GeIL ORION V 16 GB,,"56,000","1,16",Black,10.667,32
GeIL ORION V 16 GB,,"56,000","1,16",Red,10.667,32
GeIL ORION V 32 GB,,"56,000","2,16",Black,12.667,38
GeIL ORION V 32 GB,,"56,000","2,16",Red,12.667,38
GeIL ORION V 16 GB,,"56,000","1,16",Black,12.667,38
GeIL ORION V 16 GB,,"56,000","1,16",Red,12.667,38
GeIL ORION V 32 GB,,"56,400","2,16",Red,11.875,38
GeIL ORION V 16 GB,,"56,400","1,16",Black,11.875,38
GeIL ORION V 16 GB,,"56,400","1,16",Red,11.875,38
GeIL ORION V 32 GB,,"56,800","2,16",Black,10.588,36
GeIL ORION V 32 GB,,"56,800","2,16",Red,10.588,36
GeIL ORION V 16 GB,,"56,800","1,16",Black,10.588,36
GeIL ORION V 16 GB,,"56,800","1,16",Red,10.588,36
GeIL ORION V 32 GB,,"57,200","2,16",Black,10,36
GeIL ORION V 32 GB,,"57,200","2,16",Red,10,36
GeIL ORION V 16 GB,,"57,200","1,16",Black,10,36
GeIL ORION V 16 GB,,"57,200","1,16",Red,10,36
GeIL ORION V 32 GB,,"57,600","2,16",Red,9.474,36
GeIL ORION V 16 GB,,"57,600","1,16",Black,9.474,36
GeIL ORION V 16 GB,,"57,600","1,16",Red,9.474,36
GeIL ORION V 32 GB,,"58,000","2,16",Black,9.5,38
GeIL ORION V 32 GB,,"58,000","2,16",Red,9.5,38
GeIL ORION V RGB AMD 32 GB,,"55,200","2,16",Red,16.154,42
GeIL ORION V RGB AMD 16 GB,,"55,200","1,16",Black,16.154,42
GeIL ORION V RGB AMD 32 GB,,"55,200","2,16",Black,13.077,34
GeIL ORION V RGB AMD 32 GB,,"55,200","2,16",Red,13.077,34
GeIL ORION V RGB AMD 16 GB,,"55,200","1,16",Black,13.077,34
GeIL ORION V RGB AMD 16 GB,,"55,200","1,16",Red,13.077,34
GeIL ORION V RGB AMD 32 GB,99.99,"55,600","2,16",Black,13.571,38
GeIL ORION V RGB AMD 32 GB,,"55,600","2,16",Red,13.571,38
GeIL ORION V RGB AMD 16 GB,,"55,600","1,16",Black,13.571,38
GeIL ORION V RGB AMD 16 GB,,"55,600","1,16",Red,13.571,38
GeIL ORION V RGB AMD 32 GB,,"55,600","2,16",Black,16.429,46
GeIL ORION V RGB AMD 32 GB,,"55,600","2,16",Red,16.429,46
GeIL ORION V RGB AMD 16 GB,,"55,600","1,16",Black,16.429,46
GeIL ORION V RGB AMD 16 GB,,"55,600","1,16",Red,16.429,46
GeIL ORION V RGB AMD 32 GB,,"56,000","2,16",Black,10.667,32
GeIL ORION V RGB AMD 32 GB,,"56,000","2,16",Red,10.667,32
GeIL ORION V RGB AMD 16 GB,,"56,000","1,16",Black,10.667,32
GeIL ORION V RGB AMD 16 GB,,"56,000","1,16",Red,10.667,32
GeIL ORION V RGB AMD 32 GB,,"56,000","2,16",Red,12.667,38
GeIL ORION V RGB AMD 16 GB,,"56,000","1,16",Black,12.667,38
GeIL ORION V RGB AMD 16 GB,,"56,000","1,16",Red,12.667,38
GeIL ORION V AMD 32 GB,,"55,200","2,16",Black,16.154,42
GeIL ORION V AMD 32 GB,,"55,200","2,16",Red,16.154,42
GeIL ORION V AMD 16 GB,,"55,200","1,16",Red,16.154,42
GeIL ORION V AMD 32 GB,,"55,200","2,16",Black,13.077,34
GeIL ORION V AMD 32 GB,,"55,200","2,16",Red,13.077,34
GeIL ORION V AMD 16 GB,,"55,200","1,16",Black,13.077,34
GeIL ORION V AMD 16 GB,,"55,200","1,16",Red,13.077,34
GeIL ORION V AMD 32 GB,,"55,600","2,16",Black,13.571,38
GeIL ORION V AMD 32 GB,,"55,600","2,16",Red,13.571,38
GeIL ORION V AMD 16 GB,,"55,600","1,16",Black,13.571,38
GeIL ORION V AMD 16 GB,,"55,600","1,16",Red,13.571,38
GeIL ORION V AMD 32 GB,,"55,600","2,16",Black,16.429,46
GeIL ORION V AMD 32 GB,,"55,600","2,16",Red,16.429,46
GeIL ORION V AMD 16 GB,,"55,600","1,16",Black,16.429,46
GeIL ORION V AMD 16 GB,,"55,600","1,16",Red,16.429,46
GeIL ORION V AMD 32 GB,,"56,000","2,16",Black,10.667,32
GeIL ORION V AMD 32 GB,,"56,000","2,16",Red,10.667,32
GeIL ORION V AMD 16 GB,,"56,000","1,16",Black,10.667,32
GeIL ORION V AMD 16 GB,,"56,000","1,16",Red,10.667,32
GeIL ORION V AMD 32 GB,,"56,000","2,16",Black,12.667,38
GeIL ORION V AMD 32 GB,,"56,000","2,16",Red,12.667,38
GeIL ORION V AMD 16 GB,,"56,000","1,16",Black,12.667,38
GeIL ORION V AMD 16 GB,,"56,000","1,16",Red,12.667,38
TEAMGROUP Elite Plus 32 GB,,"42,666","1,32",Black / Gold,14.254,19
TEAMGROUP Elite Plus 16 GB,,"42,666","1,16",Black / Gold,14.254,19
TEAMGROUP Elite Plus 8 GB,,"42,666","1,8",Black / Gold,14.254,19
TEAMGROUP Elite Plus 8 GB,,"42,666","1,8",Black / Gold,14.254,19
TEAMGROUP Elite Plus 4 GB,,"42,666","1,4",Black / Gold,14.254,19
TEAMGROUP TPD432G3200HC2201 32 GB,,"43,200","1,32",Black / Gold,13.75,22
TEAMGROUP TPD48G3200HC22016 8 GB,,"43,200","1,8",Black / Gold,13.75,22
TEAMGROUP TPD48G3200HC2201 8 GB,,"43,200","1,8",Black / Gold,13.75,22
TEAMGROUP TPD44G3200HC2201 4 GB,,"43,200","1,4",Black / Gold,13.75,22
TEAMGROUP Elite Plus 4 GB,,"42,133","1,4",Black / Gold,14.065,15
TEAMGROUP Elite Plus 8 GB,,"42,133","1,8",Black / Gold,14.065,15
TEAMGROUP Elite Plus 16 GB,,"42,133","1,16",Black / Gold,14.065,15
TEAMGROUP Elite Plus 32 GB,,"42,400","1,32",Black / Gold,13.333,16
TEAMGROUP Elite Plus 8 GB,,"42,400","1,8",Black / Gold,13.333,16
TEAMGROUP Elite Plus 32 GB,,"42,400","1,32",Black / Gold,13.333,16
TEAMGROUP Elite Plus 16 GB,,"42,400","1,16",Black / Gold,13.333,16
TEAMGROUP Elite Plus 8 GB,,"42,400","1,8",Black / Gold,13.333,16
TEAMGROUP Elite Plus 4 GB,,"42,400","1,4",Black / Gold,13.333,16
TEAMGROUP Elite Plus 32 GB,,"42,666","1,32",Black / Gold,14.254,19
TEAMGROUP Elite Plus 16 GB,,"42,666","1,16",Black / Gold,14.254,19
TEAMGROUP Elite Plus 8 GB,,"42,666","1,8",Black / Gold,14.254,19
TEAMGROUP Elite Plus 4 GB,,"42,666","1,4",Black / Gold,14.254,19
TEAMGROUP Elite Plus 32 GB,,"43,200","1,32",Black / Gold,13.75,22
TEAMGROUP Elite Plus 8 GB,,"43,200","1,8",Black / Gold,13.75,22
TEAMGROUP Elite Plus 4 GB,,"43,200","1,4",Black / Gold,13.75,22
TEAMGROUP Elite Plus 8 GB,,"42,133","2,4",Black / Gold,14.065,15
TEAMGROUP Elite Plus 32 GB,,"42,133","2,16",Black / Gold,14.065,15
TEAMGROUP Elite Plus 16 GB,,"42,133","4,4",Black / Gold,14.065,15
TEAMGROUP Elite Plus 32 GB,,"42,133","4,8",Black / Gold,14.065,15
TEAMGROUP Elite Plus 32 GB,,"42,400","4,8",Black / Gold,13.333,16
TEAMGROUP Elite Plus 16 GB,,"42,400","4,4",Black / Gold,13.333,16
TEAMGROUP Elite Plus 64 GB,,"42,400","2,32",Black / Gold,13.333,16
TEAMGROUP Elite Plus 32 GB,,"42,400","2,16",Black / Gold,13.333,16
TEAMGROUP Elite Plus 16 GB,,"42,666","2,8",Black / Gold,14.254,19
TEAMGROUP Elite Plus 64 GB,,"42,666","2,32",Black / Gold,14.254,19
TEAMGROUP Elite Plus 16 GB,,"42,666","4,4",Black / Gold,14.254,19
TEAMGROUP Elite Plus 32 GB,,"42,666","4,8",Black / Gold,14.254,19
TEAMGROUP Elite Plus 64 GB,,"43,200","2,32",Black / Gold,13.75,22
TEAMGROUP Elite Plus 8 GB,,"43,200","2,4",Black / Gold,13.75,22
TEAMGROUP Elite Plus 64 GB,,"42,400","2,32",Black / Gold,13.333,16
TEAMGROUP Elite Plus 32 GB,,"42,400","2,16",Black / Gold,13.333,16
TEAMGROUP Elite Plus 8 GB,,"42,400","2,4",Black / Gold,13.333,16
TEAMGROUP Elite Plus 64 GB,,"42,666","2,32",Black / Gold,14.254,19
TEAMGROUP Elite Plus 32 GB,,"42,666","2,16",Black / Gold,14.254,19
TEAMGROUP Elite Plus 16 GB,,"42,666","2,8",Black / Gold,14.254,19
TEAMGROUP Elite Plus 16 GB,,"42,666","2,8",Black / Gold,14.254,19
TEAMGROUP Elite Plus 8 GB,,"42,666","2,4",Black / Gold,14.254,19
TEAMGROUP Elite Plus 64 GB,,"43,200","2,32",Black / Gold,13.75,22
TEAMGROUP Elite Plus 32 GB,,"43,200","2,16",Black / Gold,13.75,22
TEAMGROUP Elite Plus 16 GB,,"43,200","2,8",Black / Gold,13.75,22
TEAMGROUP Elite Plus 8 GB,,"43,200","2,4",Black / Gold,13.75,22
TEAMGROUP Elite Plus 16 GB,,"42,133","1,16",Red / Black,14.065,15
TEAMGROUP Elite Plus 8 GB,,"42,133","1,8",Red / Black,14.065,15
TEAMGROUP Elite Plus 4 GB,,"42,133","1,4",Red / Black,14.065,15
TEAMGROUP Elite Plus 32 GB,,"42,400","1,32",Red / Black,13.333,16
TEAMGROUP Elite Plus 4 GB,,"42,400","1,4",Red / Black,13.333,16
TEAMGROUP Elite Plus 32 GB,,"42,666","1,32",Red / Black,14.254,19
TEAMGROUP Elite Plus 16 GB,,"42,666","1,16",Red / Black,14.254,19
TEAMGROUP Elite Plus 8 GB,,"42,666","1,8",Red / Black,14.254,19
TEAMGROUP Elite Plus 8 GB,,"42,666","1,8",Red / Black,14.254,19
TEAMGROUP Elite Plus 4 GB,,"42,666","1,4",Red / Black,14.254,19
TEAMGROUP TPRD432G3200HC2201 32 GB,,"43,200","1,32",Red / Black,13.75,22
TEAMGROUP TPRD48G3200HC22016 8 GB,,"43,200","1,8",Red / Black,13.75,22
TEAMGROUP TPRD48G3200HC2201 8 GB,,"43,200","1,8",Red / Black,13.75,22
TEAMGROUP TPRD44G3200HC2201 4 GB,,"43,200","1,4",Red / Black,13.75,22
TEAMGROUP Elite Plus 32 GB,,"42,400","1,32",Red / Black,13.333,16
TEAMGROUP Elite Plus 16 GB,,"42,400","1,16",Red / Black,13.333,16
TEAMGROUP Elite Plus 8 GB,,"42,400","1,8",Red / Black,13.333,16
TEAMGROUP Elite Plus 4 GB,,"42,400","1,4",Red / Black,13.333,16
TEAMGROUP Elite Plus 32 GB,,"42,666","1,32",Red / Black,14.254,19
TEAMGROUP Elite Plus 16 GB,,"42,666","1,16",Red / Black,14.254,19
TEAMGROUP Elite Plus 8 GB,,"42,666","1,8",Red / Black,14.254,19
TEAMGROUP Elite Plus 8 GB,,"42,666","1,8",Red / Black,14.254,19
TEAMGROUP Elite Plus 4 GB,,"42,666","1,4",Red / Black,14.254,19
TEAMGROUP Elite Plus 4 GB,,"43,200","1,4",Red / Black,13.75,22
TEAMGROUP Elite Plus 32 GB,,"42,133","4,8",Red / Black,14.065,15
TEAMGROUP Elite Plus 16 GB,,"42,133","4,4",Red / Black,14.065,15
TEAMGROUP Elite Plus 8 GB,,"42,133","2,4",Red / Black,14.065,15
TEAMGROUP Elite Plus 32 GB,,"42,400","4,8",Red / Black,13.333,16
TEAMGROUP Elite Plus 16 GB,,"42,400","4,4",Red / Black,13.333,16
TEAMGROUP Elite Plus 64 GB,,"42,400","2,32",Red / Black,13.333,16
TEAMGROUP Elite Plus 32 GB,,"42,400","2,16",Red / Black,13.333,16
TEAMGROUP Elite Plus 8 GB,,"42,666","2,4",Red / Black,14.254,19
TEAMGROUP Elite Plus 16 GB,,"42,666","2,8",Red / Black,14.254,19
TEAMGROUP Elite Plus 32 GB,,"42,666","2,16",Red / Black,14.254,19
TEAMGROUP Elite Plus 64 GB,,"42,666","2,32",Red / Black,14.254,19
TEAMGROUP Elite Plus 16 GB,,"42,666","4,4",Red / Black,14.254,19
TEAMGROUP Elite Plus 32 GB,,"42,666","4,8",Red / Black,14.254,19
TEAMGROUP Elite Plus 64 GB,,"43,200","2,32",Red / Black,13.75,22
TEAMGROUP Elite Plus 32 GB,,"43,200","2,16",Red / Black,13.75,22
TEAMGROUP Elite Plus 8 GB,,"43,200","2,4",Red / Black,13.75,22
TEAMGROUP Elite Plus 64 GB,,"42,400","2,32",Red / Black,13.333,16
TEAMGROUP Elite Plus 32 GB,,"42,400","2,16",Red / Black,13.333,16
TEAMGROUP Elite Plus 8 GB,,"42,400","2,4",Red / Black,13.333,16
TEAMGROUP Elite Plus 64 GB,,"42,666","2,32",Red / Black,14.254,19
TEAMGROUP Elite Plus 32 GB,,"42,666","2,16",Red / Black,14.254,19
TEAMGROUP Elite Plus 16 GB,,"42,666","2,8",Red / Black,14.254,19
TEAMGROUP Elite Plus 8 GB,,"42,666","2,4",Red / Black,14.254,19
TEAMGROUP Elite Plus 64 GB,,"43,200","2,32",Red / Black,13.75,22
TEAMGROUP Elite Plus 16 GB,,"43,200","2,8",Red / Black,13.75,22
TEAMGROUP Elite Plus 16 GB,,"43,200","2,8",Red / Black,13.75,22
TEAMGROUP Elite Plus 8 GB,,"43,200","2,4",Red / Black,13.75,22
TEAMGROUP T-Force Delta TUF Gaming Alliance RGB 64 GB,,"55,600","2,32",Black,12.857,36
TEAMGROUP T-Force Delta TUF Gaming Alliance RGB 32 GB,,"55,600","1,32",Black,12.857,36
GeIL ORION V 32 GB,,"56,000","2,16",Red,10,30
GeIL ORION V 32 GB,,"56,000","2,16",Black,10,30
TEAMGROUP Elite 8 GB,,"54,800","1,8",Black,16.667,40
TEAMGROUP Elite 8 GB,,"55,200","1,8",Black,16.154,42
TEAMGROUP Elite 8 GB,,"55,600","1,8",Black,16.429,46
TEAMGROUP Elite 32 GB,,"55,600","2,16",Black,16.429,46
GeIL EVO V RGB 64 GB,,"54,800","2,32",White,16.667,40
GeIL EVO V RGB 32 GB,,"54,800","2,16",White,16.667,40
GeIL EVO V RGB 32 GB,,"54,800","2,16",Black,16.667,40
GeIL EVO V RGB 32 GB,,"54,800","1,32",White,16.667,40
GeIL EVO V RGB 16 GB,,"54,800","1,16",White,16.667,40
GeIL EVO V RGB 8 GB,,"54,800","1,8",White,16.667,40
GeIL EVO V RGB 32 GB,,"54,800","1,32",Black,16.667,40
GeIL EVO V RGB 16 GB,,"54,800","1,16",Black,16.667,40
GeIL EVO V RGB 8 GB,,"54,800","1,8",Black,16.667,40
GeIL EVO V RGB 32 GB,,"55,200","2,16",White,13.077,34
GeIL EVO V RGB 64 GB,,"55,200","2,32",Black,13.077,34
GeIL EVO V RGB 32 GB,,"55,200","2,16",Black,13.077,34
GeIL EVO V RGB 32 GB,,"55,200","1,32",White,13.077,34
GeIL EVO V RGB 16 GB,,"55,200","1,16",White,13.077,34
GeIL EVO V RGB 32 GB,,"55,200","1,32",Black,13.077,34
GeIL EVO V RGB 16 GB,,"55,200","1,16",Black,13.077,34
GeIL EVO V RGB 64 GB,,"55,200","2,32",White,16.154,42
GeIL EVO V RGB 64 GB,,"55,200","2,32",Black,16.154,42
GeIL EVO V RGB 32 GB,,"55,200","2,16",White,16.154,42
GeIL EVO V RGB 32 GB,,"55,200","2,16",Black,16.154,42
GeIL EVO V RGB 32 GB,,"55,200","1,32",White,16.154,42
GeIL EVO V RGB 16 GB,,"55,200","1,16",White,16.154,42
GeIL EVO V RGB 32 GB,,"55,200","1,32",Black,16.154,42
GeIL EVO V RGB 16 GB,,"55,200","1,16",Black,16.154,42
GeIL EVO V RGB 64 GB,,"55,600","2,32",White,13.571,38
GeIL EVO V RGB 32 GB,,"55,600","2,16",White,13.571,38
GeIL EVO V RGB 64 GB,,"55,600","2,32",Black,13.571,38
GeIL EVO V RGB 32 GB,,"55,600","2,16",Black,13.571,38
GeIL EVO V RGB 32 GB,,"55,600","1,32",White,13.571,38
GeIL EVO V RGB 16 GB,,"55,600","1,16",White,13.571,38
GeIL EVO V RGB 32 GB,,"55,600","1,32",Black,13.571,38
GeIL EVO V RGB 16 GB,,"55,600","1,16",Black,13.571,38
GeIL EVO V RGB 64 GB,,"55,600","2,32",White,16.429,46
GeIL EVO V RGB 32 GB,,"55,600","2,16",White,16.429,46
GeIL EVO V RGB 32 GB,,"55,600","2,16",Black,16.429,46
GeIL EVO V RGB 32 GB,,"55,600","1,32",White,16.429,46
GeIL EVO V RGB 16 GB,,"55,600","1,16",White,16.429,46
GeIL EVO V RGB 32 GB,,"55,600","1,32",Black,16.429,46
GeIL EVO V RGB 16 GB,,"55,600","1,16",Black,16.429,46
GeIL EVO V RGB 32 GB,,"56,000","2,16",White,10,30
GeIL EVO V RGB 32 GB,,"56,000","2,16",Black,10,30
GeIL EVO V RGB 16 GB,,"56,000","1,16",White,10,30
GeIL EVO V RGB 16 GB,,"56,000","1,16",Black,10,30
GeIL EVO V RGB 32 GB,,"56,000","2,16",White,10.667,32
GeIL EVO V RGB 32 GB,,"56,000","2,16",Black,10.667,32
GeIL EVO V RGB 16 GB,,"56,000","1,16",White,10.667,32
GeIL EVO V RGB 16 GB,,"56,000","1,16",Black,10.667,32
GeIL EVO V RGB 32 GB,,"56,000","2,16",White,12.667,38
GeIL EVO V RGB 32 GB,,"56,000","2,16",Black,12.667,38
GeIL EVO V RGB 16 GB,,"56,000","1,16",White,12.667,38
GeIL EVO V RGB 16 GB,,"56,000","1,16",Black,12.667,38
GeIL EVO V RGB 32 GB,,"56,200","2,16",White,10.968,34
GeIL EVO V RGB 32 GB,,"56,200","2,16",Black,10.968,34
GeIL EVO V RGB 16 GB,,"56,200","1,16",White,10.968,34
GeIL EVO V RGB 16 GB,,"56,200","1,16",Black,10.968,34
GeIL EVO V RGB 96 GB,,"56,400","2,48",White,11.875,38
GeIL EVO V RGB 16 GB,,"56,600","1,16",White,11.515,38
GeIL EVO V RGB 48 GB,,"56,400","1,48",White,11.875,38
GeIL EVO V RGB 16 GB,,"56,400","1,16",White,11.875,38
GeIL EVO V RGB 16 GB,,"56,600","1,16",Black,11.515,38
GeIL EVO V RGB 16 GB,,"56,400","1,16",Black,11.875,38
GeIL EVO V RGB 32 GB,,"56,800","2,16",White,10.588,36
GeIL EVO V RGB 32 GB,,"56,800","2,16",Black,10.588,36
GeIL EVO V RGB 16 GB,,"56,800","1,16",White,10.588,36
GeIL EVO V RGB 16 GB,,"56,800","1,16",Black,10.588,36
GeIL EVO V RGB 32 GB,,"57,200","2,16",White,10,36
GeIL EVO V RGB 48 GB,,"57,200","2,24",Black,10,36
GeIL EVO V RGB 32 GB,,"57,200","2,16",Black,10,36
GeIL EVO V RGB 16 GB,,"57,200","1,16",White,10,36
GeIL EVO V RGB 16 GB,,"57,200","1,16",Black,10,36
GeIL EVO V RGB 32 GB,,"57,600","2,16",White,9.474,36
GeIL EVO V RGB 32 GB,,"57,600","2,16",Black,9.474,36
GeIL EVO V RGB 16 GB,,"57,600","1,16",Black,9.474,36
GeIL EVO V RGB 16 GB,,"58,000","1,16",White,9.5,38
GeIL EVO V RGB 16 GB,,"58,000","1,16",Black,9.5,38
GeIL EVO V RGB 48 GB,,"58,000","2,24",Black,10,40
GeIL EVO V RGB 24 GB,,"58,000","1,24",White,10,40
GeIL EVO V RGB 24 GB,,"58,000","1,24",Black,10,40
GeIL EVO V RGB 24 GB,,"58,200","1,24",White,9.756,40
GeIL EVO V RGB 24 GB,,"58,200","1,24",Black,9.756,40
GOODRAM IRDM PRO 32 GB,,"43,600","2,16",White,9.444,17
GOODRAM IRDM PRO 32 GB,,"43,600","2,16",White / Red,10,18
GOODRAM IRP-4000D4V64L18S/16GDC 16 GB,,"44,000","2,8",Black / Gold,9,18
GOODRAM IRP-4000D4V64L18S/8G 8 GB,,"44,000","1,8",Black / Gold,9,18
GOODRAM IRP-W4000D4V64L18S/8G 8 GB,,"44,000","1,8",White,9,18
Apacer Panther RGB 32 GB,,"56,200","2,16",Silver / Black,12.903,40
ADATA XPG LANCER RGB 16 GB,,"56,800","1,16",White,10,34
Netac Shadow II 8 GB,,"43,600","1,8",Black,10,18
Samsung M393B1G70BH0-CK0 8 GB,25.99,"31,600","1,8",Green,13.75,11
TEAMGROUP T-Force Vulcan 64 GB,,"56,000","2,32",Black,11.333,34
TEAMGROUP T-Force Vulcan 64 GB,,"55,600","2,32",Black,14.286,40
TEAMGROUP T-Force Vulcan 32 GB,,"54,800","2,16",Black,15.833,38
TEAMGROUP T-Force Vulcan 32 GB,,"56,000","1,32",Black,11.333,34
TEAMGROUP T-Force Vulcan 32 GB,,"55,600","1,32",Black,14.286,40
TEAMGROUP T-Force Vulcan 32 GB,,"55,600","1,32",Black,12.857,36
TEAMGROUP T-Force Vulcan 16 GB,,"56,400","1,16",Black,12.5,40
TEAMGROUP T-Force Vulcan 16 GB,,"56,400","1,16",Black,10,32
TEAMGROUP T-Force Vulcan 16 GB,,"54,800","1,16",Black,15.833,38
TEAMGROUP T-Force Vulcan 16 GB,,"54,800","1,16",Red,15.833,38
TEAMGROUP T-Force Vulcan 8 GB,,"55,200","1,8",Red,15.385,40
TEAMGROUP T-Force Vulcan 8 GB,,"55,600","1,8",Red,14.286,40
TEAMGROUP T-Force Vulcan 32 GB,,"55,600","1,32",Red,14.286,40
TEAMGROUP T-Force Vulcan 32 GB,,"56,000","1,32",Red,14.667,44
TEAMGROUP T-Force Vulcan 16 GB,,"56,400","1,16",Red,10,32
TEAMGROUP T-Force Vulcan 32 GB,,"54,800","2,16",Red,15.833,38
TEAMGROUP T-Force Vulcan 64 GB,,"55,600","2,32",Red,14.286,40
Lexar LD4AS032G-R2666U 32 GB,,"42,666","1,32",Black,14.254,19
Lexar LD4AS008G-R2666U 8 GB,,"42,666","1,8",Black,14.254,19
Lexar LD4AS016G-R3200GSST 16 GB,,"43,200","1,16",Black,13.75,22
Lexar LD4AS008G-R3200GSST 8 GB,,"43,200","1,8",Black,13.75,22
Lexar LD4AS032G-R2666G 32 GB,,"42,666","1,32",Black,14.254,19
Lexar LD4AS032G-R2666GSST 32 GB,,"42,666","1,32",Black,14.254,19
Lexar LD4AS016G-R2666G 16 GB,,"42,666","1,16",Black,14.254,19
Lexar LD4AS016G-R2666GSST 16 GB,,"42,666","1,16",Black,14.254,19
Lexar LD4AS008G-R2666G 8 GB,,"42,666","1,8",Black,14.254,19
Lexar LD4AS004G-R2666GSST 4 GB,,"42,666","1,4",Black,14.254,19
Lexar LD4AS016G-R3200CSST 16 GB,,"43,200","1,16",Black,13.75,22
Lexar LD4AS032G-R2666C 32 GB,,"42,666","1,32",Black,14.254,19
Lexar LD4AS032G-R2666CSST 32 GB,,"42,666","1,32",Black,14.254,19
Lexar LD4AS016G-R2666C 16 GB,,"42,666","1,16",Black,14.254,19
Lexar LD4AS016G-R2666CSST 16 GB,,"42,666","1,16",Black,14.254,19
Lexar LD4AS008G-R2666C 8 GB,,"42,666","1,8",Black,14.254,19
Lexar LD4AS008G-R2666CSST 8 GB,,"42,666","1,8",Black,14.254,19
Lexar LD4AS004G-R2666C 4 GB,,"42,666","1,4",Black,14.254,19
Lexar LD4AS004G-R2666CSST 4 GB,,"42,666","1,4",Black,14.254,19
GeIL EVO X II AMD 32 GB,,"43,200","2,16",Black,10,16
GeIL EVO X II AMD 8 GB,,"44,000","1,8",Black,10,20
GeIL EVO X II AMD 8 GB,,"44,000","1,8",Black,9,18
GeIL EVO X II AMD 32 GB,,"43,600","1,32",Black,10,18
GeIL EVO X II AMD 16 GB,,"43,600","1,16",Black,10,18
GeIL EVO X II AMD 8 GB,,"43,600","1,8",Black,10,18
GeIL EVO X II AMD 4 GB,,"43,600","1,4",Black,10,18
GeIL EVO X II AMD 16 GB,,"43,600","1,16",Black,10,18
GeIL EVO X II AMD 8 GB,,"43,600","1,8",Black,10,18
GeIL EVO X II AMD 4 GB,,"43,600","1,4",Black,10,18
GeIL EVO X II AMD 8 GB,,"43,600","1,8",Black,8.889,16
GeIL EVO X II AMD 4 GB,,"43,600","1,4",Black,8.889,16
GeIL EVO X II AMD 8 GB,,"43,600","1,8",Black,8.889,16
GeIL EVO X II AMD 4 GB,,"43,600","1,4",Black,8.889,16
GeIL EVO X II AMD 8 GB,,"43,600","1,8",Black,7.778,14
GeIL EVO X II AMD 4 GB,,"43,600","1,4",Black,7.778,14
GeIL EVO X II AMD 16 GB,,"43,200","1,16",Black,13.75,22
GeIL EVO X II AMD 8 GB,,"43,200","1,8",Black,13.75,22
GeIL EVO X II AMD 4 GB,,"43,200","1,4",Black,13.75,22
GeIL EVO X II AMD 16 GB,,"43,200","1,16",Black,11.25,18
GeIL EVO X II AMD 8 GB,,"43,200","1,8",Black,11.25,18
GeIL EVO X II AMD 16 GB,,"43,200","1,16",Black,10,16
GeIL EVO X II AMD 16 GB,,"43,200","1,16",Black,10,16
GeIL EVO X II AMD 8 GB,,"43,200","1,8",Black,10,16
GeIL EVO X II AMD 4 GB,,"43,200","1,4",Black,10,16
GeIL EVO X II AMD 16 GB,,"43,000","1,16",Black,10.667,16
GeIL EVO X II AMD 8 GB,,"43,000","1,8",Black,10.667,16
GeIL EVO X II AMD 4 GB,,"43,000","1,4",Black,10.667,16
GeIL EVO X II AMD 16 GB,,"42,666","1,16",Black,14.254,19
GeIL EVO X II AMD 8 GB,,"42,666","1,8",Black,14.254,19
GeIL EVO X II AMD 4 GB,,"42,666","1,4",Black,14.254,19
GeIL EVO X II AMD 16 GB,,"42,400","1,16",Black,15.833,19
GeIL EVO X II AMD 16 GB,,"42,400","1,16",Black,13.333,16
GeIL EVO X II AMD 8 GB,,"42,400","1,8",Black,13.333,16
GeIL EVO X II AMD 4 GB,,"42,400","1,4",Black,13.333,16
GeIL EVO X II AMD 8 GB,,"44,000","1,8",White,10,20
GeIL EVO X II AMD 8 GB,,"43,600","1,8",White,10,18
GeIL EVO X II AMD 4 GB,,"43,600","1,4",White,10,18
GeIL EVO X II AMD 16 GB,,"43,600","1,16",White,10,18
GeIL EVO X II AMD 8 GB,,"43,600","1,8",White,10,18
GeIL EVO X II AMD 4 GB,,"43,600","1,4",White,10,18
GeIL EVO X II AMD 8 GB,,"43,600","1,8",White,8.889,16
GeIL EVO X II AMD 4 GB,,"43,600","1,4",White,8.889,16
GeIL EVO X II AMD 16 GB,,"43,200","1,16",White,13.75,22
GeIL EVO X II AMD 8 GB,,"43,200","1,8",White,13.75,22
GeIL EVO X II AMD 4 GB,,"43,200","1,4",White,13.75,22
GeIL EVO X II AMD 8 GB,,"43,200","1,8",White,11.25,18
GeIL EVO X II AMD 16 GB,,"43,200","1,16",White,10,16
GeIL EVO X II AMD 16 GB,,"43,200","1,16",White,10,16
GeIL EVO X II AMD 8 GB,,"43,200","1,8",White,10,16
GeIL EVO X II AMD 4 GB,,"43,200","1,4",White,10,16
GeIL EVO X II AMD 8 GB,,"43,000","1,8",White,12,18
GeIL EVO X II AMD 16 GB,,"43,000","1,16",White,10.667,16
GeIL EVO X II AMD 8 GB,,"43,000","1,8",White,10.667,16
GeIL EVO X II AMD 4 GB,,"43,000","1,4",White,10.667,16
GeIL EVO X II AMD 16 GB,,"42,666","1,16",White,14.254,19
GeIL EVO X II AMD 4 GB,,"42,666","1,4",White,14.254,19
GeIL EVO X II AMD 8 GB,,"42,400","1,8",White,15.833,19
GeIL EVO X II AMD 4 GB,,"42,400","1,4",White,15.833,19
GeIL EVO X II AMD 16 GB,,"42,400","1,16",White,13.333,16
GeIL EVO X II AMD 8 GB,,"42,400","1,8",White,13.333,16
GeIL EVO X II AMD 4 GB,,"42,400","1,4",White,13.333,16
GeIL EVO X II AMD 16 GB,,"44,400","2,8",Black,8.182,18
GeIL EVO X II AMD 64 GB,,"44,000","2,32",Black,9,18
GeIL EVO X II AMD 32 GB,,"44,000","2,16",Black,9,18
GeIL EVO X II AMD 16 GB,,"44,000","2,8",Black,9,18
GeIL EVO X II AMD 16 GB,,"44,000","2,8",Black,9,18
GeIL EVO X II AMD 8 GB,,"44,000","2,4",Black,9,18
GeIL EVO X II AMD 64 GB,,"43,600","2,32",Black,10,18
GeIL EVO X II AMD 32 GB,,"43,600","2,16",Black,10,18
GeIL EVO X II AMD 8 GB,,"43,600","2,4",Black,10,18
GeIL EVO X II AMD 32 GB,,"43,600","2,16",Black,10,18
GeIL EVO X II AMD 8 GB,,"43,600","2,4",Black,10,18
GeIL EVO X II AMD 16 GB,,"43,600","2,8",Black,8.889,16
GeIL EVO X II AMD 8 GB,,"43,600","2,4",Black,8.889,16
GeIL EVO X II AMD 16 GB,,"43,600","8,2",Black,8.889,16
GeIL EVO X II AMD 8 GB,,"43,600","4,2",Black,8.889,16
GeIL EVO X II AMD 16 GB,,"43,600","2,8",Black,7.778,14
GeIL EVO X II AMD 8 GB,,"43,600","2,4",Black,7.778,14
GeIL EVO X II AMD 32 GB,,"43,200","2,16",Black,13.75,22
GeIL EVO X II AMD 8 GB,,"43,200","2,4",Black,13.75,22
GeIL EVO X II AMD 64 GB,,"43,200","2,32",Black,11.25,18
GeIL EVO X II AMD 16 GB,,"43,200","2,8",Black,11.25,18
GeIL EVO X II AMD 32 GB,,"43,200","2,16",Black,10,16
GeIL EVO X II AMD 16 GB,,"43,200","2,8",Black,10,16
GeIL EVO X II AMD 64 GB,,"43,200","2,32",Black,10,16
GeIL EVO X II AMD 32 GB,,"43,200","2,16",Black,10,16
GeIL EVO X II AMD 8 GB,,"43,200","2,4",Black,10,16
GeIL EVO X II AMD 16 GB,,"43,000","2,8",Black,12,18
GeIL EVO X II AMD 8 GB,,"43,000","2,4",Black,10.667,16
GeIL EVO X II AMD 64 GB,,"42,666","2,32",Black,14.254,19
GeIL EVO X II AMD 32 GB,,"42,666","2,16",Black,14.254,19
GeIL EVO X II AMD 16 GB,,"42,666","2,8",Black,14.254,19
GeIL EVO X II AMD 32 GB,,"42,400","2,16",Black,15.833,19
GeIL EVO X II AMD 8 GB,,"42,400","2,4",Black,15.833,19
GeIL EVO X II AMD 32 GB,,"42,400","2,16",Black,13.333,16
GeIL EVO X II AMD 16 GB,,"42,400","2,8",Black,13.333,16
GeIL EVO X II AMD 8 GB,,"42,400","2,4",Black,13.333,16
GeIL EVO X II AMD 16 GB,,"44,000","2,8",White,10,20
GeIL EVO X II AMD 64 GB,,"43,600","2,32",White,10,18
GeIL EVO X II AMD 32 GB,,"43,600","2,16",White,10,18
GeIL EVO X II AMD 16 GB,,"43,600","2,8",White,10,18
GeIL EVO X II AMD 8 GB,,"43,600","2,4",White,10,18
GeIL EVO X II AMD 32 GB,,"43,600","2,16",White,10,18
GeIL EVO X II AMD 16 GB,,"43,600","2,8",White,10,18
GeIL EVO X II AMD 8 GB,,"43,600","2,4",White,10,18
GeIL EVO X II AMD 16 GB,,"43,600","2,8",White,8.889,16
GeIL EVO X II AMD 8 GB,,"43,600","2,4",White,8.889,16
GeIL EVO X II AMD 32 GB,,"43,200","2,16",White,13.75,22
GeIL EVO X II AMD 16 GB,,"43,200","2,8",White,13.75,22
GeIL EVO X II AMD 8 GB,,"43,200","2,4",White,13.75,22
GeIL EVO X II AMD 16 GB,,"43,200","2,8",White,11.25,18
GeIL EVO X II AMD 32 GB,,"43,200","2,16",White,10,16
GeIL EVO X II AMD 32 GB,,"43,200","2,16",White,10,16
GeIL EVO X II AMD 8 GB,,"43,200","2,4",White,10,16
GeIL EVO X II AMD 16 GB,,"43,000","2,8",White,12,18
GeIL EVO X II AMD 32 GB,,"43,000","2,16",White,10.667,16
GeIL EVO X II AMD 8 GB,,"43,000","2,4",White,10.667,16
GeIL EVO X II AMD 32 GB,,"42,666","2,16",White,14.254,19
GeIL EVO X II AMD 16 GB,,"42,666","2,8",White,14.254,19
GeIL EVO X II AMD 8 GB,,"42,666","2,4",White,14.254,19
GeIL EVO X II AMD 32 GB,,"42,400","2,16",White,15.833,19
GeIL EVO X II AMD 16 GB,,"42,400","2,8",White,15.833,19
GeIL EVO X II AMD 8 GB,,"42,400","2,4",White,15.833,19
GeIL EVO X II AMD 32 GB,,"42,400","2,16",White,13.333,16
GeIL EVO X II AMD 8 GB,,"42,400","2,4",White,13.333,16
Silicon Power XPOWER Zenith RGB Gaming 16 GB,,"56,800","1,16",Black,11.765,40
Silicon Power XPOWER Zenith RGB Gaming 16 GB,,"56,800","1,16",White,11.765,40
Silicon Power XPOWER Zenith RGB Gaming 32 GB,,"56,800","2,16",White,11.765,40
Silicon Power XPOWER Zenith RGB Gaming 32 GB,,"56,800","2,16",Black,11.765,40
Silicon Power XPOWER Zenith RGB Gaming 16 GB,,"56,400","1,16",Black,12.5,40
Silicon Power XPOWER Zenith RGB Gaming 16 GB,,"56,400","1,16",White,12.5,40
Silicon Power XPOWER Zenith RGB Gaming 32 GB,,"56,400","2,16",Black,12.5,40
Silicon Power XPOWER Zenith RGB Gaming 32 GB,,"56,400","2,16",White,12.5,40
Silicon Power XPOWER Zenith RGB Gaming 16 GB,,"56,000","1,16",Black,10,30
Silicon Power XPOWER Zenith RGB Gaming 32 GB,,"56,000","1,32",Black,10,30
ADATA XPG GAMMIX D10 32 GB,,"43,200","1,32",Black,10,16
ADATA XPG GAMMIX D10 16 GB,,"43,200","1,16",White,10,16
OLOy Blade RGB 16 GB,,"43,600","2,8",White,8.889,16
OLOy OWL RGB 64 GB,,"43,200","2,32",Black,10,16
OLOy OWL 128 GB,,"43,200","4,32",,10,16
OLOy ND4U1632161DJ0SA 16 GB,,"43,200","1,16",Black,10,16
OLOy Blade 32 GB,,"43,200","2,16",Black,10,16
OLOy Blade 16 GB,,"44,000","2,8",Black,9,18
OLOy Blade 16 GB,,"44,000","2,8",Black,8,16
OLOy MD4U1640180BJ0DA 32 GB,,"44,000","2,16",Black,9,18
OLOy Blade 32 GB,,"43,600","2,16",Black,10,18
G.Skill Performance 4 GB,,"31,333","2,2",Blue,13.503,9
G.Skill Performance 2 GB,,"31,333","1,2",Red,13.503,9
G.Skill Ripjaws X 2 GB,,"31,333","1,2",Red,13.503,9
G.Skill Sniper 4 GB,,"31,333","1,4",Black,13.503,9
G.Skill Ripjaws X 4 GB,,"31,333","1,4",Red,13.503,9
G.Skill Sniper 16 GB,,"31,600","4,4",Black,8.75,7
G.Skill Performance 8 GB,,"31,600","4,2",Red,11.25,9
G.Skill Performance 2 GB,,"31,600","1,2",Red,11.25,9
G.Skill Value 2 GB,,"31,600","1,2",Black,11.25,9
G.Skill Ripjaws X 2 GB,,"31,600","1,2",Red,11.25,9
G.Skill Value 4 GB,,"31,600","1,4",Black,11.25,9
G.Skill Sniper 16 GB,,"31,866","4,4",Black,9.646,9
G.Skill Value 16 GB,,"31,866","2,8",Black,11.79,11
G.Skill Ripjaws X 8 GB,,"31,866","1,8",Blue,9.646,9
G.Skill Sniper 8 GB,,"32,133","1,8",Black,9.376,10
G.Skill Ripjaws X 8 GB,,"32,400","1,8",Blue,9.167,11
G.Skill Trident X 8 GB,,"32,800","2,4",Red / Black,7.857,11
G.Skill Ripjaws S5 64 GB,,"56,000","2,32",White,10.667,32
Silicon Power SP016GBSVU520F02 16 GB,,"55,200","1,16",Black,16.154,42
Silicon Power SP016GBSVU560F02 16 GB,,"55,600","1,16",Black,16.429,46
Silicon Power SP024GBSVU560P02 24 GB,,"55,600","1,24",Black,16.429,46
Silicon Power SP032GBSVU520F02 32 GB,,"55,200","1,32",Black,16.154,42
Silicon Power SP032GBSVU520F22 32 GB,,"55,200","2,16",Black,16.154,42
Silicon Power SP032GBSVU560F02 32 GB,,"55,600","1,32",Black,16.429,46
Silicon Power SP048GBSVU520P02 48 GB,,"55,200","1,48",Black,16.154,42
Silicon Power SP048GBSVU520P22 48 GB,,"55,200","2,24",Black,16.154,42
Silicon Power SP048GBSVU560P02 48 GB,,"55,600","1,48",Black,16.429,46
Silicon Power SP048GBSVU560P22 48 GB,,"55,600","2,24",Black,16.429,46
Silicon Power SP064GBSVU520F22 64 GB,,"55,200","2,32",Black,16.154,42
Silicon Power SP096GBSVU520P22 96 GB,,"55,200","2,48",Black,16.154,42
Silicon Power SP096GBSVU560P22 96 GB,,"55,600","2,48",Black,16.429,46
Silicon Power SP016GBLVU520F02 16 GB,,"55,200","1,16",Black,16.154,42
Silicon Power SP016GBLVU560F02 16 GB,,"55,600","1,16",Black,16.429,46
Silicon Power SP024GBLVU520P02 24 GB,,"55,200","1,24",Black,16.154,42
Silicon Power SP024GBLVU560P02 24 GB,,"55,600","1,24",Black,16.429,46
Silicon Power SP032GBLVU520F02 32 GB,,"55,200","1,32",Black,16.154,42
Silicon Power SP032GBLVU520F22 32 GB,,"55,200","2,16",Black,16.154,42
Silicon Power SP032GBLVU560F02 32 GB,,"55,600","1,32",Black,16.429,46
Silicon Power SP032GBLVU560F22 32 GB,,"55,600","2,16",Black,16.429,46
Silicon Power SP048GBLVU560P22 48 GB,,"55,600","2,24",Black,16.429,46
Silicon Power SP064GBLVU560F22 64 GB,,"55,600","2,32",Black,16.429,46
Silicon Power SP096GBLVU520P22 96 GB,,"55,200","2,48",Black,16.154,42
Silicon Power XPOWER Zenith Gaming 16 GB,,"56,800","1,16",Black,11.765,40
Silicon Power XPOWER Zenith Gaming 32 GB,,"56,000","1,32",Black,10,30
Silicon Power XPOWER Zenith Gaming 32 GB,,"56,000","1,32",White,10,30
Silicon Power XPOWER Zenith Gaming 32 GB,,"56,400","2,16",Black,12.5,40
Silicon Power XPOWER Zenith Gaming 32 GB,,"56,800","2,16",Black,11.765,40
Mushkin Proline 32 GB,,"31,866","2,16",,13.934,13
Mushkin Proline 32 GB,,"31,866","2,16",,13.934,13
Mushkin Proline 16 GB,,"31,866","2,8",,13.934,13
Mushkin Proline 16 GB,,"31,866","2,8",,13.934,13
Mushkin Proline 4 GB,,"31,866","1,4",,13.934,13
Mushkin Proline 4 GB,,"31,866","1,4",,13.934,13
Mushkin Proline 4 GB,,"31,866","1,4",,13.934,13
Mushkin Proline 8 GB,,"31,866","1,8",,13.934,13
Mushkin Proline 8 GB,,"31,866","1,8",,13.934,13
Mushkin Proline 8 GB,,"31,866","1,8",,13.934,13
Mushkin Proline 8 GB,,"31,866","1,8",,13.934,13
Mushkin Proline 16 GB,,"31,866","1,16",,13.934,13
Mushkin Proline 16 GB,,"31,866","1,16",,13.934,13
Mushkin Proline 16 GB,,"31,866","4,4",,13.934,13
Mushkin Proline 32 GB,,"31,866","4,8",,13.934,13
Mushkin Proline 32 GB,,"31,866","4,8",,13.934,13
Mushkin Proline 64 GB,,"31,866","4,16",,13.934,13
Mushkin Proline 64 GB,,"31,866","4,16",,13.934,13
Mushkin Proline 8 GB,,"31,866","2,4",,13.934,13
Mushkin Proline 12 GB,,"31,333","3,4",,13.503,9
Mushkin Proline 12 GB,,"31,333","3,4",,13.503,9
Mushkin Proline 12 GB,,"31,066","3,4",,13.133,7
Mushkin Proline 24 GB,,"31,333","3,8",,13.503,9
Mushkin Proline 12 GB,,"31,333","3,4",,13.503,9
Mushkin Proline 6 GB,,"31,333","3,2",,13.503,9
Mushkin Proline 2 GB,,"31,333","1,2",,13.503,9
Mushkin Proline 3 GB,,"31,333","3,1",,13.503,9
Mushkin Proline 24 GB,,"31,066","3,8",,13.133,7
Mushkin Proline 12 GB,,"31,066","3,4",,13.133,7
Mushkin Proline 6 GB,,"31,066","3,2",,13.133,7
Mushkin Proline 8 GB,,"31,333","2,4",,13.503,9
Mushkin Proline 8 GB,,"31,333","2,4",,13.503,9
Mushkin Proline 8 GB,,"31,333","2,4",,13.503,9
Mushkin Proline 8 GB,,"31,066","2,4",,13.133,7
Mushkin Proline 4 GB,,"31,333","1,4",,13.503,9
Mushkin Proline 4 GB,,"31,066","1,4",,13.133,7
Mushkin Proline 4 GB,,"31,333","1,4",,13.503,9
Mushkin Proline 4 GB,,"31,066","1,4",,13.133,7
Mushkin Proline 16 GB,,"31,066","1,16",,13.133,7
Mushkin Proline 4 GB,,"31,333","1,4",,13.503,9
Mushkin Proline 4 GB,,"31,333","1,4",,13.503,9
Mushkin Proline 4 GB,,"31,066","1,4",,13.133,7
Mushkin Proline 4 GB,,"31,333","1,4",,13.503,9
Mushkin Proline 2 GB,,"31,333","1,2",,13.503,9
Mushkin Proline 2 GB,,"31,333","1,2",,13.503,9
Mushkin Proline 1 GB,,"31,333","1,1",,13.503,9
Mushkin Proline 4 GB,,"31,066","1,4",,13.133,7
Mushkin Proline 2 GB,,"31,066","1,2",,13.133,7
Mushkin Proline 1 GB,,"31,066","1,1",,13.133,7
Mushkin Redline Pro 32 GB,,"55,600","1,32",Black,16.429,46
Mushkin Redline Pro 16 GB,,"55,600","1,16",Black,16.429,46
Mushkin Redline Pro 32 GB,,"54,800","1,32",Black,16.667,40
Mushkin Redline Pro 32 GB,,"54,800","2,16",Black,16.667,40
Mushkin Redline Pro 16 GB,,"54,800","1,16",Black,16.667,40
Mushkin Redline 64 GB,,"54,800","2,32",Black,16.667,40
Mushkin Redline 32 GB,,"55,200","2,16",Black,16.154,42
Mushkin Redline 96 GB,,"55,200","2,48",Black,16.154,42
Mushkin Redline ST 16 GB,,"32,400","2,8",Black,9.167,11
Mushkin Redline ST 8 GB,,"32,400","2,4",Black,9.167,11
Mushkin Redline ST 16 GB,,"32,133","2,8",Black,9.376,10
Mushkin Redline ST 16 GB,,"31,600","2,8",Black,11.25,9
Mushkin Redline ST 8 GB,,"31,600","2,4",Black,11.25,9
Mushkin Redline Lumina White 32 GB,,"55,600","2,16",White,12.857,36
Mushkin Redline Lumina 32 GB,,"55,600","2,16",Black,12.857,36
Mushkin Redline Lumina 64 GB,,"55,600","2,32",Black,12.857,36
Mushkin Redline Lumina 64 GB,,"56,000","2,32",Black,12,36
Mushkin Redline Pro 32 GB,,"54,800","1,32",Black / White,16.667,40
Mushkin Redline Pro 32 GB,,"54,800","2,16",Black / White,16.667,40
Mushkin Redline Pro 16 GB,,"54,800","1,16",Black / White,16.667,40
Mushkin Redline Pro 32 GB,,"55,600","1,32",Black / White,16.429,46
Mushkin Redline Pro 16 GB,,"55,600","1,16",Black / White,16.429,46
Mushkin Redline ST 64 GB,,"55,200","2,32",Black,15.385,40
Mushkin Redline ST 64 GB,,"55,200","2,32",Black,13.846,36
Mushkin Redline 32 GB,,"42,666","2,16",Black,14.254,19
Mushkin Redline 64 GB,,"42,666","2,32",Black,14.254,19
Mushkin Redline 16 GB,,"42,666","2,8",Black,14.254,19
Mushkin Redline 32 GB,,"43,200","2,16",Black,13.75,22
Mushkin Redline 64 GB,,"43,200","2,32",Black,13.75,22
Mushkin Redline 32 GB,,"54,800","2,16",Black,16.667,40
Mushkin Redline 32 GB,,"55,200","2,16",Black,16.154,42
Mushkin Redline 64 GB,,"55,200","2,32",Black,16.154,42
Mushkin Redline 32 GB,,"55,600","2,16",Black,16.429,46
Mushkin Redline ST 32 GB,,"55,600","2,16",Black,10,28
Mushkin Redline ST 16 GB,,"55,600","1,16",Black,10,28
Mushkin Redline ST 32 GB,,"42,666","2,16",Black,12.003,16
Mushkin Redline ST 64 GB,,"42,666","2,32",Black,12.003,16
Mushkin Redline ST 16 GB,,"42,666","2,8",Black,12.003,16
Mushkin Redline ST 32 GB,,"43,200","2,16",Black,8.75,14
Mushkin Redline ST 16 GB,,"43,200","2,8",Black,8.75,14
Mushkin Redline ST 32 GB,,"43,600","2,16",Black,8.889,16
Mushkin Redline ST 16 GB,,"43,600","2,8",Black,8.889,16
Mushkin MES4S266KF8G 8 GB,30.99,"42,666","1,8",,14.254,19
Mushkin MES4S266KF16G 16 GB,49.99,"42,666","1,16",,14.254,19
Mushkin MES4S240HF8G 8 GB,27.99,"42,400","1,8",,14.167,17
Mushkin MES4S266KF16GX2 32 GB,92.99,"42,666","2,16",,14.254,19
Mushkin MES4S266KF32GX2 64 GB,155.81,"42,666","2,32",,14.254,19
Mushkin MES4S266KF4G 4 GB,21.99,"42,666","1,4",,14.254,19
Mushkin MES4S266KF4GX2 8 GB,,"42,666","2,4",,14.254,19
Mushkin MES4S240HF4GX2 8 GB,,"42,400","2,4",,14.167,17
Mushkin MES4S240HF4G 4 GB,20.99,"42,400","1,4",,14.167,17
Mushkin MES4S213FF8G18 8 GB,21.12,"42,133","1,8",,14.065,15
TEAMGROUP T-Force Vulcan Eco 32 GB,,"55,600","2,16",Silver,14.286,40
TEAMGROUP T-Force Vulcan Eco 32 GB,,"55,600","2,16",Silver,12.857,36
Acer Predator Pallas II 32 GB,,"56,600","2,16",Black,10.303,34
Acer Predator Pallas II 32 GB,,"56,800","2,16",Black,9.412,32
Acer Predator Pallas II 32 GB,,"56,800","2,16",Silver,9.412,32
Acer Predator Pallas II 32 GB,,"56,800","2,16",Black,10,34
Acer Predator Pallas II 32 GB,,"56,800","2,16",Silver,10,34
Acer Predator Pallas II 32 GB,,"57,200","2,16",Silver,9.444,34
Acer Predator Vesta II RGB 64 GB,,"56,000","2,32",Silver,10.667,32
Acer Predator Vesta II RGB 64 GB,,"56,400","2,32",Silver,10,32
Acer Predator Vesta II RGB 32 GB,,"56,000","2,16",Black,10.667,32
Acer Predator Vesta II RGB 32 GB,,"56,000","2,16",Silver,10.667,32
Acer Predator Vesta II RGB 32 GB,,"56,000","2,16",Silver,10.667,32
Acer Predator Vesta II RGB 32 GB,,"56,000","2,16",Black,10.667,32
Acer Predator Vesta II RGB 32 GB,,"56,000","2,16",Silver,11.333,34
Acer Predator Vesta II RGB 32 GB,,"56,000","2,16",Black,10.667,32
Acer Predator Vesta II RGB 32 GB,,"56,000","2,16",Silver,11.333,34
Acer Predator Vesta II RGB 32 GB,,"56,000","2,16",Silver,11.333,34
Acer Predator Hermes RGB 48 GB,,"56,800","2,24",Black,10.588,36
Acer Predator Hermes RGB 48 GB,,"57,200","2,24",Silver,10,36
Acer Predator Hermes RGB 32 GB,,"56,600","2,16",White,10.303,34
Acer Predator Hermes RGB 32 GB,,"56,600","2,16",Black,10.303,34
Acer Predator Hermes RGB 32 GB,,"56,600","2,16",Silver,10.303,34
Acer Predator Hermes RGB 32 GB,,"57,200","2,16",Silver,9.444,34
TEAMGROUP T-Create Classic 64 GB,,"55,600","2,32",Black,16.429,46
TEAMGROUP T-Create Classic 16 GB,,"55,600","2,8",Black,16.429,46
TEAMGROUP T-Create Classic 8 GB,,"55,600","1,8",Black,16.429,46
TEAMGROUP T-Create Master 128 GB,,"56,400","8,16",Black,10,32
TEAMGROUP T-Create Master 128 GB,,"56,000","8,16",Black,10.667,32
V-Color TRA516G64S832Q 64 GB,479.99,"56,400","4,16",White,10,32
V-Color TRA516G66S834Q 64 GB,475.99,"56,600","4,16",White,10.303,34
V-Color TRA516G68S834Q 64 GB,509.99,"56,800","4,16",White,10,34
V-Color TRA524G60S832Q 96 GB,739.99,"56,000","4,24",White,10.667,32
V-Color TRA524G66S834Q 96 GB,839.99,"56,600","4,24",White,10.303,34
V-Color TRA524G68S834Q 96 GB,879.99,"56,800","4,24",White,10,34
V-Color TRA532G64D832Q 128 GB,1099.99,"56,400","4,32",White,10,32
Kingston FURY Renegade Pro 16 GB,96.93,"55,600","1,16",Black,13.571,38
Kingston FURY Renegade Pro 32 GB,174.54,"56,000","1,32",Black,10.667,32
Kingston FURY Renegade Pro 64 GB,429.99,"56,400","4,16",Black,10,32
Kingston FURY Renegade Pro 128 GB,918.17,"55,600","8,16",Black,10,28
Kingston FURY Renegade Pro 128 GB,1045.58,"56,400","8,16",Black,10,32
V-Color TRA516G60S832O 128 GB,869.99,"56,000","8,16",Black,10.667,32
V-Color TRA516G64S832O 128 GB,1050.99,"56,400","8,16",Black,10,32
V-Color TRA516G68S834O 128 GB,1061.99,"56,800","8,16",Black,10,34
V-Color TRA516G70S834O 128 GB,1439.99,"57,000","8,16",Black,9.714,34
V-Color TRA524G66S834O 192 GB,1759.99,"56,600","8,24",Black,10.303,34
V-Color TRA532G60S432O 256 GB,1403.99,"56,000","8,32",Black,10.667,32
ADATA XPG LANCER RGB ROG CERTIFIED 32 GB,159.99,"56,600","2,16",Black,9.697,32
ADATA XPG LANCER RGB ROG CERTIFIED 48 GB,,"57,200","2,24",Black,9.444,34
